page;label;point_num;x;y
59;unknown_p59;1;4997378.6;4372758.28
59;unknown_p59;2;4997362.51;4372787.5
59;unknown_p59;3;4997296.2;4372896.85
59;unknown_p59;4;4997292.22;4372896.59
59;unknown_p59;5;4997296.17;4372890.28
59;unknown_p59;6;4997298.31;4372886.86
59;unknown_p59;7;4997302.87;4372879.56
59;unknown_p59;8;4997303.54;4372878.48
59;unknown_p59;9;4997303.35;4372877.65
59;unknown_p59;10;4997304.67;4372875.53
59;unknown_p59;11;4997305.5;4372875.34
59;unknown_p59;12;4997321.81;4372849.22
59;unknown_p59;13;4997321.62;4372848.39
59;unknown_p59;14;4997322.95;4372846.27
59;unknown_p59;15;4997323.77;4372846.08
59;unknown_p59;16;4997338.5;4372822.5
59;unknown_p59;17;4997338.3;4372821.67
59;unknown_p59;18;4997339.63;4372819.55
59;unknown_p59;19;4997340.45;4372819.36
59;unknown_p59;20;4997355.97;4372794.51
59;unknown_p59;21;4997355.78;4372793.68
59;unknown_p59;22;4997357.11;4372791.56
59;unknown_p59;23;4997357.93;4372791.37
59;unknown_p59;24;4997374.24;4372765.25
59;unknown_p59;25;4997374.05;4372764.43
59;unknown_p59;26;4997375.37;4372762.31
59;unknown_p59;27;4997376.2;4372762.12
59;unknown_p59;1;4997378.6;4372758.28
59;unknown_p59;1;4997385.64;4372745.48
59;unknown_p59;2;4997378.6;4372758.28
59;unknown_p59;3;4997376.2;4372762.12
59;unknown_p59;4;4997375.37;4372762.31
59;unknown_p59;5;4997374.05;4372764.43
59;unknown_p59;6;4997374.24;4372765.25
59;unknown_p59;7;4997357.93;4372791.37
60;unknown_p60;8;4997357.11;4372791.56
60;unknown_p60;9;4997355.78;4372793.68
60;unknown_p60;10;4997355.97;4372794.51
60;unknown_p60;11;4997340.45;4372819.36
60;unknown_p60;12;4997339.63;4372819.55
60;unknown_p60;13;4997338.3;4372821.67
60;unknown_p60;14;4997338.5;4372822.5
60;unknown_p60;15;4997323.77;4372846.08
60;unknown_p60;16;4997322.95;4372846.27
60;unknown_p60;17;4997321.62;4372848.39
60;unknown_p60;18;4997321.81;4372849.22
60;unknown_p60;19;4997305.5;4372875.34
60;unknown_p60;20;4997304.67;4372875.53
60;unknown_p60;21;4997303.35;4372877.65
60;unknown_p60;22;4997303.54;4372878.48
60;unknown_p60;23;4997302.87;4372879.56
60;unknown_p60;24;4997298.31;4372886.86
60;unknown_p60;25;4997296.17;4372890.28
60;unknown_p60;26;4997292.22;4372896.59
60;unknown_p60;27;4997290.19;4372896.45
60;unknown_p60;28;4997249.86;4372892.64
60;unknown_p60;29;4997254.46;4372885.09
60;unknown_p60;30;4997263.17;4372870.83
60;unknown_p60;31;4997267.46;4372863.42
60;unknown_p60;32;4997349.32;4372725.49
60;unknown_p60;1;4997385.64;4372745.48
60;unknown_p60;1;4998017.34;4371401.45
60;unknown_p60;2;4998060.73;4371306.68
60;unknown_p60;3;4998062.09;4371307.3
60;unknown_p60;4;4998057.77;4371316.73
60;unknown_p60;5;4998021.92;4371395.03
60;unknown_p60;6;4998018.72;4371402.02
60;unknown_p60;1;4998017.34;4371401.45
60;unknown_p60;1;4998018.72;4371402.02
60;unknown_p60;2;4998021.92;4371395.03
60;unknown_p60;3;4998057.77;4371316.73
60;unknown_p60;4;4998062.09;4371307.3
60;unknown_p60;5;4998069.35;4371310.58
60;unknown_p60;6;4998079.44;4371315.15
61;unknown_p61;7;4998075.54;4371326.78
61;unknown_p61;8;4998079.65;4371358.29
61;unknown_p61;9;4998049.18;4371414.49
61;unknown_p61;10;4998037.88;4371409.86
61;unknown_p61;1;4998018.72;4371402.02
61;unknown_p61;1;4997995.61;4371448.91
61;unknown_p61;2;4998017.88;4371458.11
61;unknown_p61;3;4998036.39;4371465.76
61;unknown_p61;4;4997969.45;4371625.18
61;unknown_p61;5;4997964.74;4371623.22
61;unknown_p61;6;4997971.03;4371607.92
61;unknown_p61;7;4997971.11;4371605.67
61;unknown_p61;8;4997969.98;4371599.75
61;unknown_p61;9;4997968.69;4371598.96
61;unknown_p61;10;4997980.33;4371572.53
61;unknown_p61;11;4997983.69;4371558.41
61;unknown_p61;12;4997995.99;4371528.59
61;unknown_p61;13;4998001.81;4371521.03
61;unknown_p61;14;4998009.69;4371502.5
61;unknown_p61;15;4998013.66;4371499.42
61;unknown_p61;16;4998020.03;4371483.76
61;unknown_p61;17;4998020.46;4371480.18
61;unknown_p61;18;4998019.76;4371476.55
61;unknown_p61;19;4998018.2;4371474.12
61;unknown_p61;20;4998016.23;4371472.57
61;unknown_p61;21;4997991.11;4371461.43
61;unknown_p61;22;4997989.2;4371462.9
61;unknown_p61;1;4997995.61;4371448.91
61;unknown_p61;1;4997991.11;4371461.43
61;unknown_p61;2;4998016.23;4371472.57
61;unknown_p61;3;4998018.2;4371474.12
61;unknown_p61;4;4998019.76;4371476.55
61;unknown_p61;5;4998020.46;4371480.18
61;unknown_p61;6;4998020.03;4371483.76
61;unknown_p61;7;4998013.66;4371499.42
61;unknown_p61;8;4998009.69;4371502.5
61;unknown_p61;9;4998001.81;4371521.03
61;unknown_p61;10;4997995.99;4371528.59
61;unknown_p61;11;4997983.69;4371558.41
62;unknown_p62;12;4997980.33;4371572.53
62;unknown_p62;13;4997968.69;4371598.96
62;unknown_p62;14;4997969.98;4371599.75
62;unknown_p62;15;4997971.11;4371605.67
62;unknown_p62;16;4997971.03;4371607.92
62;unknown_p62;17;4997964.74;4371623.22
62;unknown_p62;18;4997924.56;4371606.49
62;unknown_p62;19;4997967.08;4371511.58
62;unknown_p62;20;4997982.6;4371518.54
62;unknown_p62;21;4997990.76;4371500.37
62;unknown_p62;22;4997975.24;4371493.41
62;unknown_p62;23;4997989.2;4371462.9
62;unknown_p62;1;4997991.11;4371461.43
62;unknown_p62;1;4997545.15;4372486.82
62;unknown_p62;2;4997548.36;4372488.73
62;unknown_p62;3;4997543.32;4372497.87
62;unknown_p62;4;4997500.88;4372569.55
62;unknown_p62;5;4997494.15;4372565.37
62;unknown_p62;6;4997494.18;4372565.32
62;unknown_p62;7;4997508.47;4372542.34
62;unknown_p62;8;4997510.87;4372541.76
62;unknown_p62;9;4997517.69;4372530.88
62;unknown_p62;10;4997542.37;4372491.26
62;unknown_p62;1;4997545.15;4372486.82
62;unknown_p62;1;4997505.24;4372463.03
62;unknown_p62;2;4997545.15;4372486.82
62;unknown_p62;3;4997542.37;4372491.26
62;unknown_p62;4;4997517.69;4372530.88
62;unknown_p62;5;4997510.87;4372541.76
62;unknown_p62;6;4997508.47;4372542.34
62;unknown_p62;7;4997494.18;4372565.32
62;unknown_p62;8;4997494.15;4372565.37
62;unknown_p62;9;4997457.88;4372542.83
62;unknown_p62;10;4997473.83;4372515.47
62;unknown_p62;1;4997505.24;4372463.03
63;unknown_p63;1;4997737.13;4372143.85
63;unknown_p63;2;4997742.25;4372146.23
63;unknown_p63;3;4997695.96;4372233.18
63;unknown_p63;4;4997645.42;4372327.43
63;unknown_p63;5;4997639.51;4372323.94
63;unknown_p63;6;4997652.58;4372299.65
63;unknown_p63;7;4997651.89;4372297.34
63;unknown_p63;8;4997708.15;4372192.9
63;unknown_p63;9;4997711.23;4372191.99
63;unknown_p63;1;4997737.13;4372143.85
63;unknown_p63;1;4997690.57;4372122.1
63;unknown_p63;2;4997737.13;4372143.85
63;unknown_p63;3;4997711.23;4372191.99
63;unknown_p63;4;4997708.15;4372192.9
63;unknown_p63;5;4997651.89;4372297.34
63;unknown_p63;6;4997652.58;4372299.65
63;unknown_p63;7;4997639.51;4372323.94
63;unknown_p63;8;4997601.54;4372301.53
63;unknown_p63;9;4997623.18;4372264.91
63;unknown_p63;10;4997643.89;4372224.5
63;unknown_p63;11;4997673.52;4372160.16
63;unknown_p63;1;4997690.57;4372122.1
63;unknown_p63;1;4998060.36;4371548.05
63;unknown_p63;2;4998049.8;4371567.89
63;unknown_p63;3;4998042.41;4371564.76
63;unknown_p63;4;4998055.79;4371546.13
63;unknown_p63;1;4998060.36;4371548.05
63;unknown_p63;1;4998055.79;4371546.13
64;unknown_p64;2;4998042.41;4371564.76
64;unknown_p64;3;4998009.44;4371550.79
64;unknown_p64;4;4998018.03;4371530.31
64;unknown_p64;5;4998055.65;4371546.07
64;unknown_p64;1;4998055.79;4371546.13
64;unknown_p64;1;4994070.78;4377501.15
64;unknown_p64;2;4994058.95;4377518.5
64;unknown_p64;3;4994047.86;4377510.53
64;unknown_p64;4;4994051.92;4377505.08
64;unknown_p64;5;4994055.4;4377500.6
64;unknown_p64;6;4994060.53;4377493.78
64;unknown_p64;1;4994070.78;4377501.15
64;unknown_p64;1;4994060.53;4377493.78
64;unknown_p64;2;4994055.4;4377500.6
64;unknown_p64;3;4994051.92;4377505.08
64;unknown_p64;4;4994047.86;4377510.53
64;unknown_p64;5;4994020.5;4377490.85
64;unknown_p64;6;4994031.92;4377473.2
64;unknown_p64;1;4994060.53;4377493.78
64;unknown_p64;1;4994259.4;4377224.81
64;unknown_p64;2;4994292.41;4377248.55
64;unknown_p64;3;4994283.16;4377263.93
64;unknown_p64;4;4994249.31;4377239.59
64;unknown_p64;1;4994259.4;4377224.81
64;unknown_p64;1;4994292.41;4377248.55
64;unknown_p64;2;4994304.96;4377257.57
65;unknown_p65;3;4994294.51;4377272.1
65;unknown_p65;4;4994283.16;4377263.93
65;unknown_p65;1;4994292.41;4377248.55
65;unknown_p65;1;4993911.26;4377734.92
65;unknown_p65;2;4993910.58;4377735.92
65;unknown_p65;3;4993907.71;4377737.92
65;unknown_p65;4;4993881.76;4377744.03
65;unknown_p65;5;4993864.64;4377731.71
65;unknown_p65;6;4993878.03;4377711.02
65;unknown_p65;1;4993911.26;4377734.92
65;unknown_p65;1;4993910.58;4377735.92
65;unknown_p65;2;4993897.38;4377755.26
65;unknown_p65;3;4993881.76;4377744.03
65;unknown_p65;4;4993907.71;4377737.92
65;unknown_p65;1;4993910.58;4377735.92
65;unknown_p65;1;4994016.65;4377649.59
65;unknown_p65;2;4994000.54;4377666.08
65;unknown_p65;3;4993972.17;4377645.68
65;unknown_p65;4;4993985.02;4377626.84
65;unknown_p65;1;4994016.65;4377649.59
65;unknown_p65;1;4994020.86;4377652.62
65;unknown_p65;2;4994007.55;4377671.12
65;unknown_p65;3;4994000.54;4377666.08
65;unknown_p65;4;4994016.65;4377649.59
65;unknown_p65;1;4994020.86;4377652.62
66;unknown_p66;1;4994121.35;4377427.08
66;unknown_p66;2;4994110.04;4377443.66
66;unknown_p66;3;4994106.79;4377441.33
66;unknown_p66;4;4994118.92;4377425.33
66;unknown_p66;1;4994121.35;4377427.08
66;unknown_p66;1;4994118.92;4377425.33
66;unknown_p66;2;4994106.79;4377441.33
66;unknown_p66;3;4994069.77;4377414.7
66;unknown_p66;4;4994080.68;4377397.84
66;unknown_p66;1;4994118.92;4377425.33
66;unknown_p66;1;4994094.1;4377467.01
66;unknown_p66;2;4994082.51;4377484.0
66;unknown_p66;3;4994058.59;4377466.79
66;unknown_p66;4;4994046.72;4377450.33
66;unknown_p66;5;4994054.4;4377438.46
66;unknown_p66;1;4994094.1;4377467.01
66;unknown_p66;1;4994058.59;4377466.79
66;unknown_p66;2;4994043.22;4377455.74
66;unknown_p66;3;4994046.72;4377450.33
66;unknown_p66;1;4994058.59;4377466.79
66;unknown_p66;1;4994046.77;4377616.13
66;unknown_p66;2;4994032.11;4377632.98
67;unknown_p67;3;4993997.71;4377608.24
67;unknown_p67;4;4994010.25;4377589.87
67;unknown_p67;1;4994046.77;4377616.13
67;unknown_p67;1;4994046.99;4377616.29
67;unknown_p67;2;4994034.0;4377634.34
67;unknown_p67;3;4994032.11;4377632.98
67;unknown_p67;4;4994046.77;4377616.13
67;unknown_p67;1;4994046.99;4377616.29
67;unknown_p67;1;4994492.79;4376881.14
67;unknown_p67;2;4994486.95;4376876.94
67;unknown_p67;3;4994493.04;4376868.34
67;unknown_p67;4;4994498.97;4376872.54
67;unknown_p67;1;4994492.79;4376881.14
67;unknown_p67;1;4994511.08;4376855.7
67;unknown_p67;2;4994498.97;4376872.54
67;unknown_p67;3;4994493.04;4376868.34
67;unknown_p67;4;4994486.95;4376876.94
67;unknown_p67;5;4994466.81;4376862.45
67;unknown_p67;6;4994485.27;4376837.13
67;unknown_p67;1;4994511.08;4376855.7
67;unknown_p67;1;4995305.97;4375865.59
67;unknown_p67;2;4995245.98;4375949.01
67;unknown_p67;3;4995208.63;4375920.9
67;unknown_p67;4;4995270.26;4375838.72
67;unknown_p67;1;4995305.97;4375865.59
68;unknown_p68;1;4995270.26;4375838.72
68;unknown_p68;2;4995208.63;4375920.9
68;unknown_p68;3;4995166.49;4375889.2
68;unknown_p68;4;4995229.89;4375808.34
68;unknown_p68;1;4995270.26;4375838.72
68;unknown_p68;1;4994914.54;4376395.54
68;unknown_p68;2;4994862.81;4376461.45
68;unknown_p68;3;4994821.41;4376430.29
68;unknown_p68;4;4994873.54;4376364.68
68;unknown_p68;1;4994914.54;4376395.54
68;unknown_p68;1;4994921.24;4376400.58
68;unknown_p68;2;4994872.32;4376468.61
68;unknown_p68;3;4994862.81;4376461.45
68;unknown_p68;4;4994914.54;4376395.54
68;unknown_p68;1;4994921.24;4376400.58
68;unknown_p68;1;4994873.54;4376364.68
68;unknown_p68;2;4994821.41;4376430.29
68;unknown_p68;3;4994775.92;4376396.06
68;unknown_p68;4;4994826.87;4376329.56
68;unknown_p68;1;4994873.54;4376364.68
68;unknown_p68;1;4994360.53;4377142.4
69;unknown_p69;2;4994340.83;4377172.8
69;unknown_p69;3;4994334.93;4377168.55
69;unknown_p69;4;4994356.05;4377139.18
69;unknown_p69;1;4994360.53;4377142.4
69;unknown_p69;1;4994378.49;4377155.31
69;unknown_p69;2;4994357.36;4377184.69
69;unknown_p69;3;4994340.83;4377172.8
69;unknown_p69;4;4994360.53;4377142.4
69;unknown_p69;1;4994378.49;4377155.31
69;unknown_p69;1;4994380.23;4377112.0
69;unknown_p69;2;4994360.53;4377142.4
69;unknown_p69;3;4994356.05;4377139.18
69;unknown_p69;4;4994377.17;4377109.8
69;unknown_p69;1;4994380.23;4377112.0
69;unknown_p69;1;4994399.61;4377125.94
69;unknown_p69;2;4994378.49;4377155.31
69;unknown_p69;3;4994360.53;4377142.4
69;unknown_p69;4;4994380.23;4377112.0
69;unknown_p69;1;4994399.61;4377125.94
69;unknown_p69;1;4994399.93;4377081.6
69;unknown_p69;2;4994380.23;4377112.0
69;unknown_p69;3;4994377.17;4377109.8
69;unknown_p69;4;4994398.3;4377080.43
69;unknown_p69;1;4994399.93;4377081.6
70;unknown_p70;1;4994420.74;4377096.57
70;unknown_p70;2;4994399.61;4377125.94
70;unknown_p70;3;4994380.23;4377112.0
70;unknown_p70;4;4994399.93;4377081.6
70;unknown_p70;1;4994420.74;4377096.57
70;unknown_p70;1;4994254.95;4377310.83
70;unknown_p70;2;4994252.89;4377314.25
70;unknown_p70;3;4994244.89;4377326.37
70;unknown_p70;4;4994208.13;4377299.93
70;unknown_p70;5;4994218.55;4377284.66
70;unknown_p70;1;4994254.95;4377310.83
70;unknown_p70;1;4994262.66;4377316.38
70;unknown_p70;2;4994251.87;4377331.39
70;unknown_p70;3;4994244.89;4377326.37
70;unknown_p70;4;4994252.89;4377314.25
70;unknown_p70;5;4994254.95;4377310.83
70;unknown_p70;1;4994262.66;4377316.38
70;unknown_p70;1;4994154.64;4377378.31
70;unknown_p70;2;4994143.65;4377394.41
70;unknown_p70;3;4994141.21;4377392.66
70;unknown_p70;4;4994152.2;4377376.56
70;unknown_p70;1;4994154.64;4377378.31
70;unknown_p70;1;4994152.2;4377376.56
70;unknown_p70;2;4994141.21;4377392.66
71;unknown_p71;3;4994102.19;4377364.6
71;unknown_p71;4;4994112.79;4377348.22
71;unknown_p71;1;4994152.2;4377376.56
71;unknown_p71;1;4993881.76;4377744.03
71;unknown_p71;2;4993852.17;4377750.98
71;unknown_p71;3;4993864.64;4377731.71
71;unknown_p71;1;4993881.76;4377744.03
71;unknown_p71;1;4993897.38;4377755.26
71;unknown_p71;2;4993883.29;4377775.9
71;unknown_p71;3;4993851.05;4377752.72
71;unknown_p71;4;4993852.17;4377750.98
71;unknown_p71;5;4993881.76;4377744.03
71;unknown_p71;1;4993897.38;4377755.26
71;unknown_p71;1;4993354.81;4378167.16
71;unknown_p71;2;4993327.05;4378201.02
71;unknown_p71;3;4993325.97;4378200.3
71;unknown_p71;4;4993326.02;4378200.24
71;unknown_p71;5;4993351.75;4378165.0
71;unknown_p71;1;4993354.81;4378167.16
71;unknown_p71;1;4993354.81;4378167.16
71;unknown_p71;2;4993351.75;4378165.0
71;unknown_p71;3;4993326.02;4378200.24
71;unknown_p71;4;4993325.97;4378200.3
71;unknown_p71;5;4993308.06;4378188.44
71;unknown_p71;6;4993322.15;4378171.25
71;unknown_p71;7;4993336.25;4378154.06
72;unknown_p72;1;4993297.74;4378234.26
72;unknown_p72;2;4993325.97;4378200.3
72;unknown_p72;3;4993327.05;4378201.02
72;unknown_p72;4;4993299.07;4378235.14
72;unknown_p72;1;4993297.74;4378234.26
72;unknown_p72;1;4993280.08;4378222.56
72;unknown_p72;2;4993308.06;4378188.44
72;unknown_p72;3;4993325.97;4378200.3
72;unknown_p72;4;4993297.74;4378234.26
72;unknown_p72;1;4993280.08;4378222.56
72;unknown_p72;1;4994010.25;4377589.87
72;unknown_p72;2;4993997.71;4377608.24
72;unknown_p72;3;4993973.29;4377590.68
72;unknown_p72;4;4993982.71;4377581.35
72;unknown_p72;5;4993988.75;4377575.72
72;unknown_p72;6;4993989.52;4377574.96
72;unknown_p72;1;4994010.25;4377589.87
72;unknown_p72;1;4993989.52;4377574.96
72;unknown_p72;2;4993988.75;4377575.72
72;unknown_p72;3;4993982.71;4377581.35
72;unknown_p72;4;4993973.29;4377590.68
72;unknown_p72;5;4993961.42;4377582.15
72;unknown_p72;6;4993973.52;4377563.46
72;unknown_p72;1;4993989.52;4377574.96
73;unknown_p73;1;4994000.54;4377666.08
73;unknown_p73;2;4993988.84;4377678.05
73;unknown_p73;3;4993983.63;4377682.37
73;unknown_p73;4;4993959.14;4377664.76
73;unknown_p73;5;4993972.17;4377645.68
73;unknown_p73;1;4994000.54;4377666.08
73;unknown_p73;1;4994007.55;4377671.12
73;unknown_p73;2;4993994.07;4377689.87
73;unknown_p73;3;4993983.63;4377682.37
73;unknown_p73;4;4993988.84;4377678.05
73;unknown_p73;5;4994000.54;4377666.08
73;unknown_p73;1;4994007.55;4377671.12
73;unknown_p73;1;4994165.53;4377362.35
73;unknown_p73;2;4994154.64;4377378.31
73;unknown_p73;3;4994152.2;4377376.56
73;unknown_p73;4;4994163.09;4377360.6
73;unknown_p73;1;4994165.53;4377362.35
73;unknown_p73;1;4994163.09;4377360.6
73;unknown_p73;2;4994152.2;4377376.56
73;unknown_p73;3;4994112.79;4377348.22
73;unknown_p73;4;4994123.3;4377331.98
73;unknown_p73;1;4994163.09;4377360.6
74;unknown_p74;1;4994160.07;4377454.93
74;unknown_p74;2;4994149.01;4377471.69
74;unknown_p74;3;4994110.04;4377443.66
74;unknown_p74;4;4994121.35;4377427.08
74;unknown_p74;1;4994160.07;4377454.93
74;unknown_p74;1;4994162.02;4377456.33
74;unknown_p74;2;4994150.31;4377472.62
74;unknown_p74;3;4994149.01;4377471.69
74;unknown_p74;4;4994160.07;4377454.93
74;unknown_p74;1;4994162.02;4377456.33
74;unknown_p74;1;4994244.89;4377326.37
74;unknown_p74;2;4994234.62;4377341.94
74;unknown_p74;3;4994197.62;4377315.33
74;unknown_p74;4;4994208.13;4377299.93
74;unknown_p74;1;4994244.89;4377326.37
74;unknown_p74;1;4994251.87;4377331.39
74;unknown_p74;2;4994240.99;4377346.52
74;unknown_p74;3;4994234.62;4377341.94
74;unknown_p74;4;4994244.89;4377326.37
74;unknown_p74;1;4994251.87;4377331.39
74;unknown_p74;1;4994192.61;4377405.61
74;unknown_p74;2;4994181.87;4377421.9
74;unknown_p74;3;4994143.65;4377394.41
74;unknown_p74;4;4994154.64;4377378.31
74;unknown_p74;1;4994192.61;4377405.61
75;unknown_p75;1;4994196.49;4377408.4
75;unknown_p75;2;4994185.11;4377424.23
75;unknown_p75;3;4994181.87;4377421.9
75;unknown_p75;4;4994192.61;4377405.61
75;unknown_p75;1;4994196.49;4377408.4
75;unknown_p75;1;4994132.55;4377410.67
75;unknown_p75;2;4994121.35;4377427.08
75;unknown_p75;3;4994118.92;4377425.33
75;unknown_p75;4;4994130.12;4377408.92
75;unknown_p75;1;4994132.55;4377410.67
75;unknown_p75;1;4994130.12;4377408.92
75;unknown_p75;2;4994118.92;4377425.33
75;unknown_p75;3;4994080.68;4377397.84
75;unknown_p75;4;4994091.49;4377381.14
75;unknown_p75;1;4994130.12;4377408.92
75;unknown_p75;1;4994213.8;4377373.49
75;unknown_p75;2;4994203.25;4377389.48
75;unknown_p75;3;4994165.53;4377362.35
75;unknown_p75;4;4994176.32;4377346.54
75;unknown_p75;1;4994213.8;4377373.49
76;unknown_p76;1;4994218.93;4377377.18
76;unknown_p76;2;4994207.76;4377392.72
76;unknown_p76;3;4994203.25;4377389.48
76;unknown_p76;4;4994213.8;4377373.49
76;unknown_p76;1;4994218.93;4377377.18
76;unknown_p76;1;4993972.17;4377645.68
76;unknown_p76;2;4993959.14;4377664.76
76;unknown_p76;3;4993924.22;4377639.64
76;unknown_p76;4;4993931.73;4377628.03
76;unknown_p76;5;4993938.87;4377621.74
76;unknown_p76;1;4993972.17;4377645.68
76;unknown_p76;1;4993938.87;4377621.74
76;unknown_p76;2;4993931.73;4377628.03
76;unknown_p76;3;4993936.78;4377620.23
76;unknown_p76;1;4993938.87;4377621.74
76;unknown_p76;1;4994171.02;4377438.33
76;unknown_p76;2;4994160.07;4377454.93
76;unknown_p76;3;4994121.35;4377427.08
76;unknown_p76;4;4994132.55;4377410.67
76;unknown_p76;1;4994171.02;4377438.33
76;unknown_p76;1;4994173.62;4377440.2
76;unknown_p76;2;4994162.02;4377456.33
76;unknown_p76;3;4994160.07;4377454.93
76;unknown_p76;4;4994171.02;4377438.33
76;unknown_p76;1;4994173.62;4377440.2
77;unknown_p77;1;4994181.87;4377421.9
77;unknown_p77;2;4994171.02;4377438.33
77;unknown_p77;3;4994132.55;4377410.67
77;unknown_p77;4;4994143.65;4377394.41
77;unknown_p77;1;4994181.87;4377421.9
77;unknown_p77;1;4994185.11;4377424.23
77;unknown_p77;2;4994173.62;4377440.2
77;unknown_p77;3;4994171.02;4377438.33
77;unknown_p77;4;4994181.87;4377421.9
77;unknown_p77;1;4994185.11;4377424.23
77;unknown_p77;1;4994143.65;4377394.41
77;unknown_p77;2;4994132.55;4377410.67
77;unknown_p77;3;4994130.12;4377408.92
77;unknown_p77;4;4994141.21;4377392.66
77;unknown_p77;1;4994143.65;4377394.41
77;unknown_p77;1;4994141.21;4377392.66
77;unknown_p77;2;4994130.12;4377408.92
77;unknown_p77;3;4994091.49;4377381.14
77;unknown_p77;4;4994102.19;4377364.6
77;unknown_p77;1;4994141.21;4377392.66
77;unknown_p77;1;4993985.02;4377626.84
78;unknown_p78;2;4993972.17;4377645.68
78;unknown_p78;3;4993938.87;4377621.74
78;unknown_p78;4;4993956.42;4377606.27
78;unknown_p78;1;4993985.02;4377626.84
78;unknown_p78;1;4993956.42;4377606.27
78;unknown_p78;2;4993938.87;4377621.74
78;unknown_p78;3;4993936.78;4377620.23
78;unknown_p78;4;4993949.18;4377601.07
78;unknown_p78;1;4993956.42;4377606.27
78;unknown_p78;1;4993997.71;4377608.24
78;unknown_p78;2;4993985.02;4377626.84
78;unknown_p78;3;4993956.42;4377606.27
78;unknown_p78;4;4993966.75;4377597.16
78;unknown_p78;5;4993973.29;4377590.68
78;unknown_p78;1;4993997.71;4377608.24
78;unknown_p78;1;4993973.29;4377590.68
78;unknown_p78;2;4993966.75;4377597.16
78;unknown_p78;3;4993956.42;4377606.27
78;unknown_p78;4;4993949.18;4377601.07
78;unknown_p78;5;4993961.42;4377582.15
78;unknown_p78;1;4993973.29;4377590.68
78;unknown_p78;1;4994313.25;4377198.41
78;unknown_p78;2;4994320.77;4377203.76
78;unknown_p78;3;4994301.07;4377234.15
78;unknown_p78;4;4994292.28;4377227.89
78;unknown_p78;1;4994313.25;4377198.41
79;unknown_p79;1;4994320.77;4377203.76
79;unknown_p79;2;4994335.77;4377214.43
79;unknown_p79;3;4994314.79;4377243.92
79;unknown_p79;4;4994301.07;4377234.15
79;unknown_p79;1;4994320.77;4377203.76
79;unknown_p79;1;4995021.3;4376259.12
79;unknown_p79;2;4995001.53;4376285.65
79;unknown_p79;3;4994967.61;4376328.33
79;unknown_p79;4;4994925.61;4376296.73
79;unknown_p79;5;4994978.89;4376227.2
79;unknown_p79;1;4995021.3;4376259.12
79;unknown_p79;1;4995022.38;4376259.93
79;unknown_p79;2;4994971.24;4376331.06
79;unknown_p79;3;4994967.61;4376328.33
79;unknown_p79;4;4995001.53;4376285.65
79;unknown_p79;5;4995021.3;4376259.12
79;unknown_p79;1;4995022.38;4376259.93
79;unknown_p79;1;4994978.89;4376227.2
79;unknown_p79;2;4994925.61;4376296.73
79;unknown_p79;3;4994878.95;4376261.61
79;unknown_p79;4;4994932.22;4376192.08
79;unknown_p79;5;4994972.5;4376222.39
79;unknown_p79;1;4994978.89;4376227.2
80;unknown_p80;1;4994187.02;4377330.87
80;unknown_p80;2;4994197.62;4377315.33
80;unknown_p80;3;4994234.62;4377341.94
80;unknown_p80;4;4994224.26;4377357.65
80;unknown_p80;1;4994187.02;4377330.87
80;unknown_p80;1;4994224.26;4377357.65
80;unknown_p80;2;4994234.62;4377341.94
80;unknown_p80;3;4994240.99;4377346.52
80;unknown_p80;4;4994230.01;4377361.79
80;unknown_p80;1;4994224.26;4377357.65
80;unknown_p80;1;4993414.25;4378079.37
80;unknown_p80;2;4993425.09;4378087.01
80;unknown_p80;3;4993403.91;4378112.87
80;unknown_p80;4;4993394.6;4378106.3
80;unknown_p80;1;4993414.25;4378079.37
80;unknown_p80;1;4993403.09;4378071.49
80;unknown_p80;2;4993414.25;4378079.37
80;unknown_p80;3;4993394.6;4378106.3
80;unknown_p80;4;4993381.92;4378097.35
80;unknown_p80;1;4993403.09;4378071.49
80;unknown_p80;1;4994461.67;4376992.31
80;unknown_p80;2;4994463.3;4376993.48
81;unknown_p81;3;4994442.17;4377022.85
81;unknown_p81;4;4994440.54;4377021.68
81;unknown_p81;1;4994461.67;4376992.31
81;unknown_p81;1;4994463.3;4376993.48
81;unknown_p81;2;4994484.11;4377008.44
81;unknown_p81;3;4994462.98;4377037.82
81;unknown_p81;4;4994442.17;4377022.85
81;unknown_p81;1;4994463.3;4376993.48
81;unknown_p81;1;4994440.54;4377021.68
81;unknown_p81;2;4994442.17;4377022.85
81;unknown_p81;3;4994421.05;4377052.23
81;unknown_p81;4;4994419.42;4377051.05
81;unknown_p81;1;4994440.54;4377021.68
81;unknown_p81;1;4994442.17;4377022.85
81;unknown_p81;2;4994462.98;4377037.82
81;unknown_p81;3;4994441.85;4377067.19
81;unknown_p81;4;4994421.05;4377052.23
81;unknown_p81;1;4994442.17;4377022.85
81;unknown_p81;1;4994595.05;4376807.66
81;unknown_p81;2;4994574.25;4376837.44
81;unknown_p81;3;4994573.45;4376836.87
81;unknown_p81;1;4994595.05;4376807.66
82;unknown_p82;1;4994595.05;4376807.66
82;unknown_p82;2;4994617.32;4376823.76
82;unknown_p82;3;4994595.89;4376853.01
82;unknown_p82;4;4994574.25;4376837.44
82;unknown_p82;1;4994595.05;4376807.66
82;unknown_p82;1;4994967.61;4376328.33
82;unknown_p82;2;4994956.76;4376341.98
82;unknown_p82;3;4994915.01;4376310.56
82;unknown_p82;4;4994925.61;4376296.73
82;unknown_p82;1;4994967.61;4376328.33
82;unknown_p82;1;4994971.24;4376331.06
82;unknown_p82;2;4994961.06;4376345.22
82;unknown_p82;3;4994956.76;4376341.98
82;unknown_p82;4;4994967.61;4376328.33
82;unknown_p82;1;4994971.24;4376331.06
82;unknown_p82;1;4994924.92;4376382.3
82;unknown_p82;2;4994914.54;4376395.54
82;unknown_p82;3;4994873.54;4376364.68
82;unknown_p82;4;4994883.77;4376351.33
82;unknown_p82;1;4994924.92;4376382.3
82;unknown_p82;1;4994931.06;4376386.92
82;unknown_p82;2;4994921.24;4376400.58
82;unknown_p82;3;4994914.54;4376395.54
82;unknown_p82;4;4994924.92;4376382.3
83;unknown_p83;1;4994946.01;4376355.51
83;unknown_p83;2;4994940.78;4376362.09
83;unknown_p83;3;4994935.4;4376368.95
83;unknown_p83;4;4994894.09;4376337.86
83;unknown_p83;5;4994904.5;4376324.27
83;unknown_p83;1;4994946.01;4376355.51
83;unknown_p83;1;4994950.97;4376359.24
83;unknown_p83;2;4994940.97;4376373.14
83;unknown_p83;3;4994935.4;4376368.95
83;unknown_p83;4;4994940.78;4376362.09
83;unknown_p83;5;4994946.01;4376355.51
83;unknown_p83;1;4994950.97;4376359.24
83;unknown_p83;1;4994935.4;4376368.95
83;unknown_p83;2;4994924.92;4376382.3
83;unknown_p83;3;4994883.77;4376351.33
83;unknown_p83;4;4994894.09;4376337.86
83;unknown_p83;1;4994935.4;4376368.95
83;unknown_p83;1;4994940.97;4376373.14
83;unknown_p83;2;4994931.06;4376386.92
83;unknown_p83;3;4994924.92;4376382.3
83;unknown_p83;4;4994935.4;4376368.95
83;unknown_p83;1;4994940.97;4376373.14
84;unknown_p84;1;4994956.76;4376341.98
84;unknown_p84;2;4994946.01;4376355.51
84;unknown_p84;3;4994904.5;4376324.27
84;unknown_p84;4;4994915.01;4376310.56
84;unknown_p84;1;4994956.76;4376341.98
84;unknown_p84;1;4994961.06;4376345.22
84;unknown_p84;2;4994950.97;4376359.24
84;unknown_p84;3;4994946.01;4376355.51
84;unknown_p84;4;4994956.76;4376341.98
84;unknown_p84;1;4994961.06;4376345.22
84;unknown_p84;1;4995465.25;4375574.26
84;unknown_p84;2;4995497.84;4375598.78
84;unknown_p84;3;4995492.58;4375606.09
84;unknown_p84;4;4995476.22;4375593.78
84;unknown_p84;5;4995459.85;4375581.46
84;unknown_p84;1;4995465.25;4375574.26
84;unknown_p84;1;4995432.66;4375549.75
84;unknown_p84;2;4995465.25;4375574.26
84;unknown_p84;3;4995459.85;4375581.46
84;unknown_p84;4;4995443.48;4375569.14
84;unknown_p84;5;4995427.11;4375556.83
84;unknown_p84;1;4995432.66;4375549.75
85;unknown_p85;1;4995419.77;4375634.81
85;unknown_p85;2;4995425.18;4375627.62
85;unknown_p85;3;4995442.02;4375640.29
85;unknown_p85;4;4995458.86;4375652.98
85;unknown_p85;5;4995453.61;4375660.28
85;unknown_p85;6;4995436.69;4375647.54
85;unknown_p85;1;4995419.77;4375634.81
85;unknown_p85;1;4995385.94;4375609.34
85;unknown_p85;2;4995391.48;4375602.27
85;unknown_p85;3;4995408.33;4375614.94
85;unknown_p85;4;4995425.18;4375627.62
85;unknown_p85;5;4995419.77;4375634.81
85;unknown_p85;6;4995402.85;4375622.08
85;unknown_p85;1;4995385.94;4375609.34
85;unknown_p85;1;4994474.59;4376906.44
85;unknown_p85;2;4994456.08;4376932.19
85;unknown_p85;3;4994468.92;4376902.36
85;unknown_p85;1;4994474.59;4376906.44
85;unknown_p85;1;4994468.92;4376902.36
85;unknown_p85;2;4994456.08;4376932.19
85;unknown_p85;3;4994431.12;4376914.24
85;unknown_p85;4;4994430.48;4376913.78
85;unknown_p85;5;4994449.0;4376888.03
85;unknown_p85;1;4994468.92;4376902.36
85;unknown_p85;1;4994110.04;4377443.66
86;unknown_p86;2;4994098.61;4377460.4
86;unknown_p86;3;4994094.55;4377457.48
86;unknown_p86;4;4994106.79;4377441.33
86;unknown_p86;1;4994110.04;4377443.66
86;unknown_p86;1;4994106.79;4377441.33
86;unknown_p86;2;4994094.55;4377457.48
86;unknown_p86;3;4994058.75;4377431.74
86;unknown_p86;4;4994069.77;4377414.7
86;unknown_p86;1;4994106.79;4377441.33
86;unknown_p86;1;4994273.83;4377279.44
86;unknown_p86;2;4994264.43;4377295.08
86;unknown_p86;3;4994228.89;4377269.52
86;unknown_p86;4;4994239.14;4377254.49
86;unknown_p86;1;4994273.83;4377279.44
86;unknown_p86;1;4994283.98;4377286.74
86;unknown_p86;2;4994273.36;4377301.5
86;unknown_p86;3;4994264.43;4377295.08
86;unknown_p86;4;4994273.83;4377279.44
86;unknown_p86;1;4994283.98;4377286.74
86;unknown_p86;1;4994264.43;4377295.08
86;unknown_p86;2;4994254.95;4377310.83
86;unknown_p86;3;4994218.55;4377284.66
86;unknown_p86;4;4994228.89;4377269.52
86;unknown_p86;1;4994264.43;4377295.08
87;unknown_p87;1;4994273.36;4377301.5
87;unknown_p87;2;4994262.66;4377316.38
87;unknown_p87;3;4994254.95;4377310.83
87;unknown_p87;4;4994264.43;4377295.08
87;unknown_p87;1;4994273.36;4377301.5
87;unknown_p87;1;4994573.45;4376836.87
87;unknown_p87;2;4994574.25;4376837.44
87;unknown_p87;3;4994553.53;4376867.11
87;unknown_p87;4;4994552.33;4376866.24
87;unknown_p87;1;4994573.45;4376836.87
87;unknown_p87;1;4994574.25;4376837.44
87;unknown_p87;2;4994595.89;4376853.01
87;unknown_p87;3;4994574.76;4376882.38
87;unknown_p87;4;4994553.53;4376867.11
87;unknown_p87;1;4994574.25;4376837.44
87;unknown_p87;1;4994553.53;4376867.11
87;unknown_p87;2;4994532.81;4376896.78
87;unknown_p87;3;4994531.2;4376895.62
87;unknown_p87;4;4994552.33;4376866.24
87;unknown_p87;1;4994553.53;4376867.11
87;unknown_p87;1;4994574.76;4376882.38
88;unknown_p88;2;4994553.63;4376911.75
88;unknown_p88;3;4994532.81;4376896.78
88;unknown_p88;4;4994553.53;4376867.11
88;unknown_p88;1;4994574.76;4376882.38
88;unknown_p88;1;4994490.58;4376955.53
88;unknown_p88;2;4994469.46;4376984.91
88;unknown_p88;3;4994467.83;4376983.74
88;unknown_p88;4;4994488.95;4376954.36
88;unknown_p88;1;4994490.58;4376955.53
88;unknown_p88;1;4994511.39;4376970.5
88;unknown_p88;2;4994490.27;4376999.88
88;unknown_p88;3;4994469.46;4376984.91
88;unknown_p88;4;4994490.58;4376955.53
88;unknown_p88;1;4994511.39;4376970.5
88;unknown_p88;1;4994511.7;4376926.16
88;unknown_p88;2;4994490.58;4376955.53
88;unknown_p88;3;4994488.95;4376954.36
88;unknown_p88;4;4994510.08;4376924.99
88;unknown_p88;1;4994511.7;4376926.16
88;unknown_p88;1;4994532.52;4376941.13
88;unknown_p88;2;4994511.39;4376970.5
88;unknown_p88;3;4994490.58;4376955.53
88;unknown_p88;4;4994511.7;4376926.16
88;unknown_p88;1;4994532.52;4376941.13
89;unknown_p89;1;4993403.91;4378112.87
89;unknown_p89;2;4993382.74;4378138.72
89;unknown_p89;3;4993374.94;4378133.22
89;unknown_p89;4;4993394.6;4378106.3
89;unknown_p89;1;4993403.91;4378112.87
89;unknown_p89;1;4993394.6;4378106.3
89;unknown_p89;2;4993374.94;4378133.22
89;unknown_p89;3;4993360.75;4378123.21
89;unknown_p89;4;4993380.58;4378098.99
89;unknown_p89;5;4993381.92;4378097.35
89;unknown_p89;1;4993394.6;4378106.3
89;unknown_p89;1;4994032.11;4377632.98
89;unknown_p89;2;4994025.81;4377640.21
89;unknown_p89;3;4994016.65;4377649.59
89;unknown_p89;4;4993985.02;4377626.84
89;unknown_p89;5;4993997.71;4377608.24
89;unknown_p89;1;4994032.11;4377632.98
89;unknown_p89;1;4994034.0;4377634.34
89;unknown_p89;2;4994020.86;4377652.62
89;unknown_p89;3;4994016.65;4377649.59
89;unknown_p89;4;4994025.81;4377640.21
89;unknown_p89;5;4994032.11;4377632.98
89;unknown_p89;1;4994034.0;4377634.34
90;unknown_p90;1;4994082.49;4377484.0
90;unknown_p90;2;4994070.8;4377501.16
90;unknown_p90;3;4994060.53;4377493.78
90;unknown_p90;4;4994063.6;4377489.69
90;unknown_p90;5;4994069.52;4377481.96
90;unknown_p90;6;4994058.61;4377466.83
90;unknown_p90;1;4994082.49;4377484.0
90;unknown_p90;1;4994069.52;4377481.96
90;unknown_p90;2;4994063.6;4377489.69
90;unknown_p90;3;4994060.53;4377493.78
90;unknown_p90;4;4994031.92;4377473.2
90;unknown_p90;5;4994043.21;4377455.75
90;unknown_p90;6;4994058.61;4377466.83
90;unknown_p90;1;4994069.52;4377481.96
90;unknown_p90;1;4994224.26;4377357.65
90;unknown_p90;2;4994213.8;4377373.49
90;unknown_p90;3;4994176.32;4377346.54
90;unknown_p90;4;4994187.02;4377330.87
90;unknown_p90;1;4994224.26;4377357.65
90;unknown_p90;1;4994230.01;4377361.79
90;unknown_p90;2;4994218.93;4377377.18
90;unknown_p90;3;4994213.8;4377373.49
90;unknown_p90;4;4994224.26;4377357.65
90;unknown_p90;1;4994230.01;4377361.79
91;unknown_p91;1;4994203.25;4377389.48
91;unknown_p91;2;4994192.61;4377405.61
91;unknown_p91;3;4994154.64;4377378.31
91;unknown_p91;4;4994165.53;4377362.35
91;unknown_p91;1;4994203.25;4377389.48
91;unknown_p91;1;4994207.76;4377392.72
91;unknown_p91;2;4994196.49;4377408.4
91;unknown_p91;3;4994192.61;4377405.61
91;unknown_p91;4;4994203.25;4377389.48
91;unknown_p91;1;4994207.76;4377392.72
91;unknown_p91;1;4994005.24;4377559.2
91;unknown_p91;2;4994008.81;4377555.55
91;unknown_p91;3;4994015.38;4377548.64
91;unknown_p91;4;4994020.35;4377543.38
91;unknown_p91;5;4994020.38;4377543.35
91;unknown_p91;6;4994034.88;4377553.78
91;unknown_p91;7;4994022.64;4377571.72
91;unknown_p91;1;4994005.24;4377559.2
91;unknown_p91;1;4993985.47;4377544.99
91;unknown_p91;2;4993997.28;4377526.74
91;unknown_p91;3;4994020.38;4377543.35
91;unknown_p91;4;4994020.35;4377543.38
91;unknown_p91;5;4994015.38;4377548.64
91;unknown_p91;6;4994008.81;4377555.55
91;unknown_p91;7;4994005.24;4377559.2
91;unknown_p91;1;4993985.47;4377544.99
92;unknown_p92;1;4993382.74;4378138.72
92;unknown_p92;2;4993361.57;4378164.58
92;unknown_p92;3;4993360.4;4378163.75
92;unknown_p92;4;4993355.29;4378160.14
92;unknown_p92;5;4993374.94;4378133.22
92;unknown_p92;1;4993382.74;4378138.72
92;unknown_p92;1;4993374.94;4378133.22
92;unknown_p92;2;4993355.29;4378160.14
92;unknown_p92;3;4993339.58;4378149.06
92;unknown_p92;4;4993359.48;4378124.75
92;unknown_p92;5;4993360.75;4378123.21
92;unknown_p92;1;4993374.94;4378133.22
92;unknown_p92;1;4994058.96;4377518.51
92;unknown_p92;2;4994046.99;4377536.04
92;unknown_p92;3;4994034.7;4377527.2
92;unknown_p92;4;4994040.4;4377520.29
92;unknown_p92;5;4994046.16;4377512.81
92;unknown_p92;6;4994047.86;4377510.53
92;unknown_p92;1;4994058.96;4377518.51
92;unknown_p92;1;4994047.86;4377510.53
92;unknown_p92;2;4994046.16;4377512.81
92;unknown_p92;3;4994040.4;4377520.29
92;unknown_p92;4;4994034.7;4377527.2
92;unknown_p92;5;4994008.95;4377508.69
92;unknown_p92;6;4994020.5;4377490.85
92;unknown_p92;1;4994047.86;4377510.53
93;unknown_p93;1;4994046.99;4377536.04
93;unknown_p93;2;4994034.88;4377553.78
93;unknown_p93;3;4994020.38;4377543.35
93;unknown_p93;4;4994025.26;4377538.07
93;unknown_p93;5;4994028.27;4377534.75
93;unknown_p93;6;4994034.39;4377527.57
93;unknown_p93;7;4994034.7;4377527.2
93;unknown_p93;1;4994046.99;4377536.04
93;unknown_p93;1;4994034.7;4377527.2
93;unknown_p93;2;4994034.39;4377527.57
93;unknown_p93;3;4994028.27;4377534.75
93;unknown_p93;4;4994025.26;4377538.07
93;unknown_p93;5;4994020.38;4377543.35
93;unknown_p93;6;4993997.28;4377526.74
93;unknown_p93;7;4994008.95;4377508.69
93;unknown_p93;1;4994034.7;4377527.2
93;unknown_p93;1;4993626.38;4377786.25
93;unknown_p93;2;4993431.87;4378084.56
93;unknown_p93;3;4993417.74;4378074.59
93;unknown_p93;4;4993472.18;4378000.01
93;unknown_p93;5;4993455.05;4377955.44
93;unknown_p93;6;4993468.99;4377912.54
93;unknown_p93;7;4993533.77;4377870.42
93;unknown_p93;8;4993572.39;4377838.69
93;unknown_p93;9;4993607.11;4377798.08
93;unknown_p93;1;4993626.38;4377786.25
93;unknown_p93;1;4993983.6;4377117.42
93;unknown_p93;2;4994030.03;4377157.54
93;unknown_p93;3;4993994.12;4377211.28
93;unknown_p93;4;4993983.58;4377204.34
93;unknown_p93;5;4993967.86;4377229.61
94;unknown_p94;6;4993978.46;4377236.48
94;unknown_p94;7;4993924.6;4377321.57
94;unknown_p94;8;4993899.67;4377360.97
94;unknown_p94;9;4993884.04;4377386.18
94;unknown_p94;10;4993844.17;4377452.24
94;unknown_p94;11;4993838.71;4377460.62
94;unknown_p94;12;4993794.27;4377431.63
94;unknown_p94;13;4993783.34;4377448.38
94;unknown_p94;14;4993827.78;4377477.36
94;unknown_p94;15;4993626.38;4377786.25
94;unknown_p94;16;4993607.11;4377798.08
94;unknown_p94;17;4993572.39;4377838.69
94;unknown_p94;18;4993533.77;4377870.42
94;unknown_p94;19;4993468.99;4377912.54
94;unknown_p94;20;4993455.05;4377955.44
94;unknown_p94;21;4993472.18;4378000.01
94;unknown_p94;22;4993417.74;4378074.59
94;unknown_p94;23;4993262.68;4377965.18
94;unknown_p94;24;4993228.47;4377941.08
94;unknown_p94;1;4993983.6;4377117.42
94;unknown_p94;1;4997772.85;4372088.85
94;unknown_p94;2;4997742.92;4372144.98
94;unknown_p94;3;4997742.25;4372146.23
94;unknown_p94;4;4997737.13;4372143.85
94;unknown_p94;5;4997767.39;4372086.3
94;unknown_p94;1;4997772.85;4372088.85
94;unknown_p94;1;4997767.39;4372086.3
94;unknown_p94;2;4997737.13;4372143.85
94;unknown_p94;3;4997690.57;4372122.1
94;unknown_p94;4;4997708.56;4372081.94
94;unknown_p94;5;4997717.15;4372062.93
94;unknown_p94;1;4997767.39;4372086.3
95;unknown_p95;1;4997944.18;4371757.3
95;unknown_p95;2;4997953.13;4371740.58
95;unknown_p95;3;4997961.43;4371722.03
95;unknown_p95;4;4998000.63;4371648.67
95;unknown_p95;5;4998005.84;4371638.67
95;unknown_p95;6;4998004.4;4371634.47
95;unknown_p95;7;4997981.97;4371622.02
95;unknown_p95;8;4997987.03;4371611.21
95;unknown_p95;9;4998018.42;4371627.92
95;unknown_p95;10;4997978.23;4371703.32
95;unknown_p95;11;4997930.98;4371791.9
95;unknown_p95;12;4997918.22;4371814.21
95;unknown_p95;13;4997916.03;4371813.0
95;unknown_p95;14;4997919.16;4371807.34
95;unknown_p95;15;4997944.27;4371759.09
95;unknown_p95;1;4997944.18;4371757.3
95;unknown_p95;1;4997867.4;4371732.68
95;unknown_p95;2;4997875.89;4371713.92
95;unknown_p95;3;4997895.12;4371672.04
95;unknown_p95;4;4997898.92;4371674.06
95;unknown_p95;5;4997921.37;4371684.49
95;unknown_p95;6;4997899.91;4371725.5
95;unknown_p95;7;4997890.32;4371745.17
95;unknown_p95;8;4997895.03;4371747.74
95;unknown_p95;9;4997907.62;4371754.6
95;unknown_p95;10;4997908.91;4371752.15
95;unknown_p95;11;4997916.07;4371756.17
95;unknown_p95;12;4997916.38;4371755.6
95;unknown_p95;13;4997921.19;4371758.2
95;unknown_p95;14;4997934.31;4371733.14
95;unknown_p95;15;4997937.09;4371727.82
95;unknown_p95;16;4997931.82;4371725.27
95;unknown_p95;17;4997945.09;4371700.83
95;unknown_p95;18;4997981.97;4371622.02
95;unknown_p95;19;4998004.4;4371634.47
95;unknown_p95;20;4998005.84;4371638.67
95;unknown_p95;21;4998000.63;4371648.67
95;unknown_p95;22;4997961.43;4371722.03
95;unknown_p95;23;4997953.13;4371740.58
95;unknown_p95;24;4997944.18;4371757.3
95;unknown_p95;25;4997944.27;4371759.09
95;unknown_p95;26;4997919.16;4371807.34
95;unknown_p95;27;4997916.03;4371813.0
95;unknown_p95;28;4997848.05;4371775.32
96;unknown_p96;1;4997766.47;4372085.88
96;unknown_p96;2;4997782.89;4372054.28
96;unknown_p96;3;4997783.9;4372054.91
96;unknown_p96;4;4997805.56;4372014.53
96;unknown_p96;5;4997811.98;4371995.94
96;unknown_p96;6;4997820.02;4372000.31
96;unknown_p96;7;4997790.04;4372056.61
96;unknown_p96;8;4997772.85;4372088.85
96;unknown_p96;9;4997767.39;4372086.3
96;unknown_p96;1;4997766.47;4372085.88
96;unknown_p96;1;4997563.8;4372456.86
96;unknown_p96;2;4997565.51;4372454.13
96;unknown_p96;3;4997581.23;4372428.4
96;unknown_p96;4;4997593.82;4372407.16
96;unknown_p96;5;4997595.18;4372406.79
96;unknown_p96;6;4997620.61;4372361.71
96;unknown_p96;7;4997630.0;4372344.51
96;unknown_p96;8;4997636.42;4372333.15
96;unknown_p96;9;4997635.76;4372330.91
96;unknown_p96;10;4997639.51;4372323.94
96;unknown_p96;11;4997645.42;4372327.43
96;unknown_p96;12;4997612.38;4372385.15
96;unknown_p96;13;4997582.57;4372433.1
96;unknown_p96;14;4997551.35;4372483.32
96;unknown_p96;15;4997548.36;4372488.73
96;unknown_p96;16;4997545.15;4372486.82
96;unknown_p96;17;4997547.96;4372482.31
96;unknown_p96;1;4997563.8;4372456.86
96;unknown_p96;1;4997717.15;4372062.93
96;unknown_p96;2;4997752.7;4371984.26
96;unknown_p96;3;4997758.68;4371971.17
96;unknown_p96;4;4997764.02;4371973.41
96;unknown_p96;5;4997796.66;4371988.78
96;unknown_p96;6;4997811.89;4371995.89
97;unknown_p97;7;4997811.98;4371995.94
97;unknown_p97;8;4997805.56;4372014.53
97;unknown_p97;9;4997783.9;4372054.91
97;unknown_p97;10;4997782.89;4372054.28
97;unknown_p97;11;4997766.47;4372085.88
97;unknown_p97;12;4997767.39;4372086.3
97;unknown_p97;1;4997717.15;4372062.93
97;unknown_p97;1;4997523.22;4372433.0
97;unknown_p97;2;4997593.31;4372315.45
97;unknown_p97;3;4997601.54;4372301.53
97;unknown_p97;4;4997639.51;4372323.94
97;unknown_p97;5;4997635.76;4372330.91
97;unknown_p97;6;4997636.42;4372333.15
97;unknown_p97;7;4997630.0;4372344.51
97;unknown_p97;8;4997620.61;4372361.71
97;unknown_p97;9;4997595.18;4372406.79
97;unknown_p97;10;4997593.82;4372407.16
97;unknown_p97;11;4997581.23;4372428.4
97;unknown_p97;12;4997565.51;4372454.13
97;unknown_p97;13;4997563.8;4372456.86
97;unknown_p97;14;4997547.96;4372482.31
97;unknown_p97;15;4997545.15;4372486.82
97;unknown_p97;16;4997505.24;4372463.03
97;unknown_p97;1;4997523.22;4372433.0
97;unknown_p97;1;4998344.73;4369943.82
97;unknown_p97;2;4998343.41;4369944.33
97;unknown_p97;3;4998342.32;4369944.55
97;unknown_p97;4;4998341.08;4369944.4
97;unknown_p97;5;4998339.51;4369943.95
97;unknown_p97;6;4998336.97;4369942.22
97;unknown_p97;7;4998335.96;4369939.89
97;unknown_p97;8;4998335.86;4369939.05
97;unknown_p97;9;4998337.11;4369926.04
97;unknown_p97;10;4998340.26;4369923.14
97;unknown_p97;11;4998345.45;4369871.67
97;unknown_p97;12;4998343.66;4369868.24
97;unknown_p97;13;4998343.44;4369866.61
97;unknown_p97;14;4998344.19;4369861.45
97;unknown_p97;15;4998350.3;4369861.45
97;unknown_p97;16;4998350.17;4369862.02
97;unknown_p97;17;4998352.23;4369872.39
97;unknown_p97;18;4998355.95;4369879.52
97;unknown_p97;19;4998362.12;4369886.55
98;unknown_p98;20;4998372.93;4369894.9
98;unknown_p98;21;4998380.51;4369895.81
98;unknown_p98;22;4998387.47;4369892.48
98;unknown_p98;23;4998395.95;4369883.57
98;unknown_p98;24;4998403.98;4369874.93
98;unknown_p98;25;4998405.93;4369870.18
98;unknown_p98;26;4998420.68;4369853.74
98;unknown_p98;27;4998420.65;4369852.75
98;unknown_p98;28;4998421.18;4369852.73
98;unknown_p98;29;4998420.74;4369837.84
98;unknown_p98;30;4998408.8;4369838.19
98;unknown_p98;31;4998408.82;4369838.81
98;unknown_p98;32;4998407.99;4369838.82
98;unknown_p98;33;4998408.01;4369839.48
98;unknown_p98;34;4998405.26;4369839.58
98;unknown_p98;35;4998384.22;4369840.02
98;unknown_p98;36;4998384.25;4369834.87
98;unknown_p98;37;4998434.84;4369833.94
98;unknown_p98;38;4998438.91;4369834.08
98;unknown_p98;39;4998440.35;4369834.59
98;unknown_p98;40;4998440.94;4369835.15
98;unknown_p98;41;4998441.0;4369835.86
98;unknown_p98;42;4998440.66;4369837.13
98;unknown_p98;43;4998438.01;4369840.06
98;unknown_p98;1;4998344.73;4369943.82
98;unknown_p98;1;4998372.93;4369894.9
98;unknown_p98;2;4998362.12;4369886.55
98;unknown_p98;3;4998355.95;4369879.52
98;unknown_p98;4;4998352.23;4369872.39
98;unknown_p98;5;4998350.17;4369862.02
98;unknown_p98;6;4998350.3;4369861.45
98;unknown_p98;7;4998384.11;4369861.47
98;unknown_p98;8;4998384.22;4369840.02
98;unknown_p98;9;4998405.26;4369839.58
98;unknown_p98;10;4998408.01;4369839.48
98;unknown_p98;11;4998407.99;4369838.82
98;unknown_p98;12;4998408.82;4369838.81
98;unknown_p98;13;4998408.8;4369838.19
98;unknown_p98;14;4998420.74;4369837.84
98;unknown_p98;15;4998421.18;4369852.73
98;unknown_p98;16;4998420.65;4369852.75
98;unknown_p98;17;4998420.68;4369853.74
98;unknown_p98;18;4998405.93;4369870.18
98;unknown_p98;19;4998403.98;4369874.93
99;unknown_p99;20;4998395.95;4369883.57
99;unknown_p99;21;4998387.47;4369892.48
99;unknown_p99;22;4998380.51;4369895.81
99;unknown_p99;1;4998372.93;4369894.9
99;unknown_p99;1;4998330.89;4369762.89
99;unknown_p99;2;4998348.28;4369760.2
99;unknown_p99;3;4998348.66;4369764.5
99;unknown_p99;4;4998355.98;4369820.52
99;unknown_p99;5;4998373.22;4369821.09
99;unknown_p99;6;4998375.3;4369819.49
99;unknown_p99;7;4998376.55;4369819.44
99;unknown_p99;8;4998385.5;4369819.25
99;unknown_p99;9;4998386.04;4369834.83
99;unknown_p99;10;4998384.25;4369834.87
99;unknown_p99;11;4998384.22;4369840.02
99;unknown_p99;12;4998374.59;4369840.22
99;unknown_p99;13;4998364.25;4369840.19
99;unknown_p99;14;4998355.63;4369847.26
99;unknown_p99;15;4998351.85;4369854.45
99;unknown_p99;16;4998350.3;4369861.45
99;unknown_p99;17;4998344.19;4369861.45
99;unknown_p99;18;4998343.44;4369866.61
99;unknown_p99;19;4998343.5;4369867.16
99;unknown_p99;20;4998331.57;4369867.41
99;unknown_p99;21;4998339.5;4369841.42
99;unknown_p99;22;4998340.96;4369835.54
99;unknown_p99;23;4998348.02;4369819.11
99;unknown_p99;24;4998349.39;4369815.89
99;unknown_p99;25;4998349.31;4369815.65
99;unknown_p99;26;4998338.43;4369784.74
99;unknown_p99;27;4998337.36;4369781.22
99;unknown_p99;28;4998334.56;4369772.98
99;unknown_p99;29;4998334.77;4369772.9
99;unknown_p99;1;4998330.89;4369762.89
99;unknown_p99;1;4998364.25;4369840.19
99;unknown_p99;2;4998374.59;4369840.22
99;unknown_p99;3;4998384.22;4369840.02
100;unknown_p100;4;4998384.11;4369861.47
100;unknown_p100;5;4998350.3;4369861.45
100;unknown_p100;6;4998351.85;4369854.45
100;unknown_p100;7;4998355.63;4369847.26
100;unknown_p100;1;4998364.25;4369840.19
100;unknown_p100;1;4998340.96;4369835.54
100;unknown_p100;2;4998339.5;4369841.42
100;unknown_p100;3;4998331.57;4369867.41
100;unknown_p100;4;4998330.38;4369867.44
100;unknown_p100;5;4998331.12;4369860.0
100;unknown_p100;6;4998333.26;4369840.11
100;unknown_p100;7;4998333.81;4369839.95
100;unknown_p100;8;4998334.81;4369835.02
100;unknown_p100;1;4998340.96;4369835.54
100;unknown_p100;1;4997649.06;4368676.31
100;unknown_p100;2;4997648.92;4368677.03
100;unknown_p100;3;4997648.53;4368679.09
100;unknown_p100;4;4997648.38;4368679.84
100;unknown_p100;5;4997652.32;4368684.45
100;unknown_p100;6;4997652.82;4368685.04
100;unknown_p100;7;4997654.38;4368686.87
100;unknown_p100;8;4997654.9;4368687.48
100;unknown_p100;9;4997659.57;4368692.87
100;unknown_p100;10;4997660.06;4368693.44
100;unknown_p100;11;4997661.67;4368695.3
100;unknown_p100;12;4997666.05;4368699.72
100;unknown_p100;13;4997685.27;4368721.78
100;unknown_p100;14;4997689.12;4368726.03
100;unknown_p100;15;4997696.64;4368734.04
100;unknown_p100;16;4997698.46;4368736.3
100;unknown_p100;17;4997697.14;4368737.53
100;unknown_p100;18;4997704.4;4368745.37
100;unknown_p100;19;4997706.03;4368744.24
100;unknown_p100;20;4997714.27;4368752.83
100;unknown_p100;21;4997715.9;4368754.58
100;unknown_p100;22;4997731.17;4368771.02
100;unknown_p100;23;4997732.08;4368770.14
100;unknown_p100;24;4997739.73;4368780.54
100;unknown_p100;25;4997738.29;4368781.68
100;unknown_p100;26;4997744.94;4368790.48
100;unknown_p100;27;4997746.3;4368789.47
100;unknown_p100;28;4997754.15;4368800.02
100;unknown_p100;29;4997753.61;4368800.43
100;unknown_p100;30;4997743.3;4368808.28
100;unknown_p100;31;4997739.71;4368810.96
100;unknown_p100;32;4997722.91;4368788.17
100;unknown_p100;33;4997710.73;4368774.89
100;unknown_p100;34;4997708.96;4368772.96
100;unknown_p100;35;4997693.57;4368756.3
101;unknown_p101;36;4997687.72;4368749.4
101;unknown_p101;37;4997673.2;4368733.61
101;unknown_p101;38;4997669.17;4368729.15
101;unknown_p101;39;4997656.65;4368715.49
101;unknown_p101;40;4997631.05;4368688.14
101;unknown_p101;41;4997630.53;4368687.04
101;unknown_p101;42;4997629.2;4368685.59
101;unknown_p101;43;4997648.53;4368676.58
101;unknown_p101;1;4997649.06;4368676.31
101;unknown_p101;1;4997606.23;4368448.96
101;unknown_p101;2;4997600.83;4368464.31
101;unknown_p101;3;4997598.01;4368471.67
101;unknown_p101;4;4997597.06;4368474.13
101;unknown_p101;5;4997595.33;4368478.45
101;unknown_p101;6;4997597.68;4368496.61
101;unknown_p101;7;4997599.25;4368509.25
101;unknown_p101;8;4997599.4;4368510.67
101;unknown_p101;9;4997597.99;4368510.83
101;unknown_p101;10;4997598.58;4368516.4
101;unknown_p101;11;4997600.03;4368516.24
101;unknown_p101;12;4997600.56;4368520.58
101;unknown_p101;13;4997600.9;4368523.61
101;unknown_p101;14;4997604.71;4368552.79
101;unknown_p101;15;4997598.51;4368553.33
101;unknown_p101;16;4997602.5;4368564.12
101;unknown_p101;17;4997610.77;4368586.22
101;unknown_p101;18;4997612.09;4368589.63
101;unknown_p101;19;4997614.01;4368594.6
101;unknown_p101;20;4997617.89;4368604.86
101;unknown_p101;21;4997619.25;4368606.72
101;unknown_p101;22;4997621.66;4368613.3
101;unknown_p101;23;4997624.28;4368619.75
101;unknown_p101;24;4997639.01;4368659.5
101;unknown_p101;25;4997647.24;4368663.01
101;unknown_p101;26;4997648.04;4368665.47
101;unknown_p101;27;4997639.21;4368669.34
101;unknown_p101;28;4997623.66;4368677.29
101;unknown_p101;29;4997623.13;4368675.9
101;unknown_p101;30;4997618.74;4368664.49
101;unknown_p101;31;4997619.45;4368664.17
101;unknown_p101;32;4997617.79;4368660.45
101;unknown_p101;33;4997617.25;4368660.68
101;unknown_p101;34;4997612.96;4368649.5
101;unknown_p101;35;4997609.88;4368642.05
101;unknown_p101;36;4997609.36;4368640.5
101;unknown_p101;37;4997610.75;4368639.97
101;unknown_p101;38;4997609.82;4368637.58
101;unknown_p101;39;4997608.51;4368638.08
101;unknown_p101;40;4997599.64;4368614.17
101;unknown_p101;41;4997596.38;4368605.79
102;unknown_p102;42;4997589.36;4368587.44
102;unknown_p102;43;4997590.14;4368587.11
102;unknown_p102;44;4997589.43;4368585.39
102;unknown_p102;45;4997588.61;4368585.75
102;unknown_p102;46;4997588.24;4368584.93
102;unknown_p102;47;4997586.36;4368580.01
102;unknown_p102;48;4997584.02;4368573.37
102;unknown_p102;49;4997585.03;4368572.99
102;unknown_p102;50;4997584.48;4368571.53
102;unknown_p102;51;4997583.42;4368571.93
102;unknown_p102;52;4997573.19;4368543.91
102;unknown_p102;53;4997569.71;4368535.47
102;unknown_p102;54;4997567.48;4368529.64
102;unknown_p102;55;4997568.55;4368529.2
102;unknown_p102;56;4997567.71;4368527.18
102;unknown_p102;57;4997566.72;4368527.59
102;unknown_p102;58;4997559.21;4368507.41
102;unknown_p102;59;4997554.9;4368496.57
102;unknown_p102;60;4997556.16;4368496.1
102;unknown_p102;61;4997552.64;4368486.54
102;unknown_p102;62;4997551.26;4368487.04
102;unknown_p102;63;4997545.66;4368471.16
102;unknown_p102;64;4997558.43;4368467.3
102;unknown_p102;65;4997556.79;4368461.68
102;unknown_p102;66;4997581.78;4368452.4
102;unknown_p102;1;4997606.23;4368448.96
102;unknown_p102;1;4997595.83;4368504.99
102;unknown_p102;2;4997596.07;4368508.54
102;unknown_p102;3;4997592.08;4368508.72
102;unknown_p102;4;4997591.88;4368505.09
102;unknown_p102;1;4997595.83;4368504.99
102;unknown_p102;1;4997598.01;4368536.75
102;unknown_p102;2;4997598.69;4368541.68
102;unknown_p102;3;4997596.4;4368542.01
102;unknown_p102;4;4997595.7;4368537.06
102;unknown_p102;1;4997598.01;4368536.75
102;unknown_p102;1;4997596.75;4368526.3
102;unknown_p102;2;4997597.3;4368529.74
102;unknown_p102;3;4997594.22;4368530.17
102;unknown_p102;4;4997593.75;4368526.75
102;unknown_p102;1;4997596.75;4368526.3
102;unknown_p102;1;4997597.6;4368532.74
102;unknown_p102;2;4997598.12;4368536.14
102;unknown_p102;3;4997595.26;4368536.48
102;unknown_p102;4;4997594.8;4368533.11
102;unknown_p102;1;4997597.6;4368532.74
103;unknown_p103;1;4997759.78;4368805.78
103;unknown_p103;2;4997784.85;4368840.35
103;unknown_p103;3;4997786.23;4368842.2
103;unknown_p103;4;4997788.56;4368845.32
103;unknown_p103;5;4997806.83;4368869.89
103;unknown_p103;6;4997809.16;4368868.23
103;unknown_p103;7;4997811.9;4368872.28
103;unknown_p103;8;4997809.79;4368873.82
103;unknown_p103;9;4997812.21;4368877.05
103;unknown_p103;10;4997814.26;4368875.51
103;unknown_p103;11;4997822.42;4368886.41
103;unknown_p103;12;4997821.9;4368886.72
103;unknown_p103;13;4997824.26;4368890.65
103;unknown_p103;14;4997825.09;4368890.16
103;unknown_p103;15;4997825.93;4368890.51
103;unknown_p103;16;4997823.53;4368892.21
103;unknown_p103;17;4997832.63;4368904.13
103;unknown_p103;18;4997833.84;4368905.74
103;unknown_p103;19;4997833.25;4368906.36
103;unknown_p103;20;4997836.86;4368911.31
103;unknown_p103;21;4997837.76;4368910.83
103;unknown_p103;22;4997846.04;4368922.15
103;unknown_p103;23;4997865.82;4368950.27
103;unknown_p103;24;4997865.04;4368950.75
103;unknown_p103;25;4997871.45;4368960.0
103;unknown_p103;26;4997872.28;4368959.34
103;unknown_p103;27;4997873.68;4368959.94
103;unknown_p103;28;4997875.76;4368959.89
103;unknown_p103;29;4997878.01;4368959.55
103;unknown_p103;30;4997878.4;4368959.26
103;unknown_p103;31;4997880.95;4368958.44
103;unknown_p103;32;4997882.99;4368957.55
103;unknown_p103;33;4997883.34;4368957.35
103;unknown_p103;34;4997885.41;4368956.07
103;unknown_p103;35;4997887.55;4368954.49
103;unknown_p103;36;4997889.01;4368953.09
103;unknown_p103;37;4997890.44;4368951.32
103;unknown_p103;38;4997891.87;4368949.06
103;unknown_p103;39;4997892.69;4368947.42
103;unknown_p103;40;4997892.48;4368947.07
103;unknown_p103;41;4997892.58;4368947.01
103;unknown_p103;42;4997899.05;4368943.75
103;unknown_p103;43;4997904.78;4368957.25
103;unknown_p103;44;4997906.58;4368961.44
103;unknown_p103;45;4997909.67;4368964.1
103;unknown_p103;46;4997934.59;4369005.99
103;unknown_p103;47;4997944.79;4369022.7
103;unknown_p103;48;4997968.53;4369061.05
103;unknown_p103;49;4997975.29;4369059.68
103;unknown_p103;50;4997978.41;4369075.36
103;unknown_p103;51;4997974.67;4369075.76
104;unknown_p104;52;4997982.75;4369110.38
104;unknown_p104;53;4997990.78;4369106.6
104;unknown_p104;54;4998018.9;4369164.73
104;unknown_p104;55;4998019.72;4369166.16
104;unknown_p104;56;4998017.86;4369166.1
104;unknown_p104;57;4998030.01;4369188.54
104;unknown_p104;58;4998032.12;4369187.52
104;unknown_p104;59;4998032.4;4369188.09
104;unknown_p104;60;4998040.31;4369202.92
104;unknown_p104;61;4998044.93;4369210.55
104;unknown_p104;62;4998048.67;4369215.96
104;unknown_p104;63;4998054.88;4369223.45
104;unknown_p104;64;4998067.08;4369231.79
104;unknown_p104;65;4998075.99;4369235.56
104;unknown_p104;66;4998089.0;4369239.34
104;unknown_p104;67;4998088.89;4369240.36
104;unknown_p104;68;4998089.2;4369253.82
104;unknown_p104;69;4998087.85;4369257.85
104;unknown_p104;70;4998104.0;4369278.99
104;unknown_p104;71;4998117.65;4369298.08
104;unknown_p104;72;4998123.66;4369306.21
104;unknown_p104;73;4998130.51;4369316.24
104;unknown_p104;74;4998130.31;4369316.42
104;unknown_p104;75;4998158.13;4369357.53
104;unknown_p104;76;4998161.45;4369364.19
104;unknown_p104;77;4998169.37;4369379.71
104;unknown_p104;78;4998168.96;4369380.41
104;unknown_p104;79;4998174.74;4369393.13
104;unknown_p104;80;4998177.88;4369399.79
104;unknown_p104;81;4998178.31;4369400.46
104;unknown_p104;82;4998183.82;4369412.29
104;unknown_p104;83;4998194.38;4369434.97
104;unknown_p104;84;4998196.0;4369438.42
104;unknown_p104;85;4998220.36;4369490.97
104;unknown_p104;86;4998222.73;4369496.09
104;unknown_p104;87;4998227.38;4369499.6
104;unknown_p104;88;4998231.65;4369507.39
104;unknown_p104;89;4998241.44;4369530.41
104;unknown_p104;90;4998248.48;4369545.12
104;unknown_p104;91;4998246.7;4369547.56
104;unknown_p104;92;4998262.49;4369582.08
104;unknown_p104;93;4998263.66;4369584.62
104;unknown_p104;94;4998263.3;4369584.8
104;unknown_p104;95;4998263.54;4369585.35
104;unknown_p104;96;4998263.05;4369585.59
104;unknown_p104;97;4998264.3;4369588.34
104;unknown_p104;98;4998264.78;4369588.1
104;unknown_p104;99;4998265.03;4369588.68
104;unknown_p104;100;4998265.44;4369588.51
104;unknown_p104;101;4998269.58;4369598.34
104;unknown_p104;102;4998271.11;4369601.4
105;unknown_p105;103;4998280.17;4369620.32
105;unknown_p105;104;4998296.71;4369655.64
105;unknown_p105;105;4998298.83;4369660.08
105;unknown_p105;106;4998305.77;4369674.82
105;unknown_p105;107;4998308.41;4369680.76
105;unknown_p105;108;4998320.01;4369705.75
105;unknown_p105;109;4998327.24;4369721.67
105;unknown_p105;110;4998329.71;4369724.42
105;unknown_p105;111;4998332.96;4369725.72
105;unknown_p105;112;4998336.82;4369725.26
105;unknown_p105;113;4998340.92;4369722.82
105;unknown_p105;114;4998342.86;4369720.55
105;unknown_p105;115;4998343.78;4369717.89
105;unknown_p105;116;4998343.99;4369716.35
105;unknown_p105;117;4998344.25;4369714.37
105;unknown_p105;118;4998344.84;4369720.87
105;unknown_p105;119;4998348.28;4369760.2
105;unknown_p105;120;4998330.89;4369762.89
105;unknown_p105;121;4998330.39;4369761.09
105;unknown_p105;122;4998327.99;4369754.18
105;unknown_p105;123;4998326.85;4369750.45
105;unknown_p105;124;4998326.19;4369750.51
105;unknown_p105;125;4998323.64;4369743.6
105;unknown_p105;126;4998319.62;4369729.78
105;unknown_p105;127;4998315.73;4369719.03
105;unknown_p105;128;4998316.04;4369718.83
105;unknown_p105;129;4998312.35;4369712.2
105;unknown_p105;130;4998304.22;4369697.08
105;unknown_p105;131;4998301.29;4369696.08
105;unknown_p105;132;4998299.68;4369690.02
105;unknown_p105;133;4998294.64;4369680.81
105;unknown_p105;134;4998288.96;4369669.09
105;unknown_p105;135;4998283.56;4369660.78
105;unknown_p105;136;4998273.34;4369642.09
105;unknown_p105;137;4998265.48;4369626.79
105;unknown_p105;138;4998266.21;4369626.39
105;unknown_p105;139;4998265.43;4369624.97
105;unknown_p105;140;4998264.7;4369625.37
105;unknown_p105;141;4998261.78;4369619.78
105;unknown_p105;142;4998261.28;4369618.82
105;unknown_p105;143;4998262.55;4369618.16
105;unknown_p105;144;4998261.59;4369616.32
105;unknown_p105;145;4998260.32;4369616.98
105;unknown_p105;146;4998242.97;4369583.57
105;unknown_p105;147;4998239.21;4369576.08
105;unknown_p105;148;4998233.43;4369563.77
105;unknown_p105;149;4998234.92;4369563.09
105;unknown_p105;150;4998233.86;4369560.79
105;unknown_p105;151;4998232.39;4369561.5
105;unknown_p105;152;4998232.03;4369560.72
105;unknown_p105;153;4998225.83;4369547.26
106;unknown_p106;154;4998224.17;4369543.82
106;unknown_p106;155;4998214.66;4369522.71
106;unknown_p106;156;4998213.42;4369519.94
106;unknown_p106;157;4998210.76;4369514.37
106;unknown_p106;158;4998208.76;4369510.17
106;unknown_p106;159;4998203.14;4369497.19
106;unknown_p106;160;4998197.74;4369485.67
106;unknown_p106;161;4998198.85;4369485.17
106;unknown_p106;162;4998196.98;4369480.99
106;unknown_p106;163;4998195.73;4369481.55
106;unknown_p106;164;4998193.85;4369477.63
106;unknown_p106;165;4998193.77;4369477.46
106;unknown_p106;166;4998194.64;4369477.04
106;unknown_p106;167;4998193.59;4369474.7
106;unknown_p106;168;4998192.71;4369475.14
106;unknown_p106;169;4998186.39;4369461.35
106;unknown_p106;170;4998184.66;4369458.52
106;unknown_p106;171;4998180.61;4369449.42
106;unknown_p106;172;4998177.16;4369441.67
106;unknown_p106;173;4998176.0;4369439.06
106;unknown_p106;174;4998168.12;4369421.87
106;unknown_p106;175;4998166.44;4369418.32
106;unknown_p106;176;4998155.94;4369394.07
106;unknown_p106;177;4998153.9;4369390.19
106;unknown_p106;178;4998148.78;4369378.58
106;unknown_p106;179;4998149.45;4369378.27
106;unknown_p106;180;4998148.55;4369376.34
106;unknown_p106;181;4998147.88;4369376.65
106;unknown_p106;182;4998145.77;4369371.73
106;unknown_p106;183;4998145.84;4369371.05
106;unknown_p106;184;4998145.8;4369370.42
106;unknown_p106;185;4998145.46;4369369.97
106;unknown_p106;186;4998145.07;4369369.45
106;unknown_p106;187;4998144.68;4369369.38
106;unknown_p106;188;4998143.9;4369368.22
106;unknown_p106;189;4998141.61;4369364.15
106;unknown_p106;190;4998140.05;4369361.59
106;unknown_p106;191;4998141.03;4369361.0
106;unknown_p106;192;4998138.4;4369356.57
106;unknown_p106;193;4998137.4;4369357.16
106;unknown_p106;194;4998133.77;4369351.26
106;unknown_p106;195;4998131.93;4369348.11
106;unknown_p106;196;4998130.68;4369346.3
106;unknown_p106;197;4998126.67;4369340.51
106;unknown_p106;198;4998122.58;4369334.33
106;unknown_p106;199;4998117.25;4369326.47
106;unknown_p106;200;4998113.56;4369320.41
106;unknown_p106;201;4998112.88;4369319.39
106;unknown_p106;202;4998113.24;4369319.17
106;unknown_p106;203;4998112.38;4369317.82
106;unknown_p106;204;4998112.02;4369318.04
107;unknown_p107;205;4998105.87;4369309.38
107;unknown_p107;206;4998106.08;4369309.24
107;unknown_p107;207;4998105.2;4369307.92
107;unknown_p107;208;4998104.99;4369308.06
107;unknown_p107;209;4998095.41;4369294.09
107;unknown_p107;210;4998095.76;4369293.85
107;unknown_p107;211;4998094.91;4369292.62
107;unknown_p107;212;4998094.56;4369292.87
107;unknown_p107;213;4998077.5;4369267.75
107;unknown_p107;214;4998078.04;4369267.35
107;unknown_p107;215;4998077.24;4369266.25
107;unknown_p107;216;4998076.74;4369266.62
107;unknown_p107;217;4998075.58;4369264.92
107;unknown_p107;218;4998076.09;4369264.55
107;unknown_p107;219;4998075.21;4369263.32
107;unknown_p107;220;4998074.73;4369263.66
107;unknown_p107;221;4998074.01;4369262.58
107;unknown_p107;222;4998074.58;4369262.16
107;unknown_p107;223;4998073.64;4369260.89
107;unknown_p107;224;4998073.12;4369261.27
107;unknown_p107;225;4998068.14;4369253.95
107;unknown_p107;226;4998068.69;4369253.55
107;unknown_p107;227;4998067.77;4369252.28
107;unknown_p107;228;4998067.26;4369252.65
107;unknown_p107;229;4998066.19;4369251.08
107;unknown_p107;230;4998066.69;4369250.74
107;unknown_p107;231;4998065.82;4369249.43
107;unknown_p107;232;4998065.31;4369249.76
107;unknown_p107;233;4998063.89;4369247.71
107;unknown_p107;234;4998062.5;4369246.22
107;unknown_p107;235;4998060.01;4369244.57
107;unknown_p107;236;4998057.33;4369244.93
107;unknown_p107;237;4998042.53;4369223.54
107;unknown_p107;238;4998012.78;4369180.55
107;unknown_p107;239;4997990.45;4369139.41
107;unknown_p107;240;4997971.89;4369107.36
107;unknown_p107;241;4997942.0;4369066.01
107;unknown_p107;242;4997917.51;4369035.52
107;unknown_p107;243;4997895.68;4369008.85
107;unknown_p107;244;4997892.49;4369007.19
107;unknown_p107;245;4997796.06;4368878.83
107;unknown_p107;246;4997771.35;4368845.49
107;unknown_p107;247;4997758.74;4368828.93
107;unknown_p107;248;4997750.21;4368817.51
107;unknown_p107;1;4997759.78;4368805.78
107;unknown_p107;1;4997911.75;4369004.58
107;unknown_p107;2;4997909.38;4369004.24
107;unknown_p107;3;4997900.72;4368993.02
107;unknown_p107;4;4997908.66;4368987.31
107;unknown_p107;5;4997916.05;4368999.28
108;unknown_p108;6;4997915.36;4369002.13
108;unknown_p108;1;4997911.75;4369004.58
108;unknown_p108;1;4997162.1;4373106.12
108;unknown_p108;2;4997157.79;4373103.64
108;unknown_p108;3;4997183.36;4373062.67
108;unknown_p108;4;4997210.9;4373019.09
108;unknown_p108;5;4997221.56;4373002.21
108;unknown_p108;6;4997237.61;4372976.56
108;unknown_p108;7;4997255.76;4372948.8
108;unknown_p108;8;4997258.41;4372950.55
108;unknown_p108;1;4997162.1;4373106.12
108;unknown_p108;1;4997157.79;4373103.64
108;unknown_p108;2;4997144.32;4373095.9
108;unknown_p108;3;4997184.04;4373027.78
108;unknown_p108;4;4997188.59;4373030.43
108;unknown_p108;5;4997197.12;4373015.24
108;unknown_p108;6;4997192.78;4373012.75
108;unknown_p108;7;4997237.96;4372940.25
108;unknown_p108;8;4997241.29;4372939.22
108;unknown_p108;9;4997255.76;4372948.8
108;unknown_p108;10;4997237.61;4372976.56
108;unknown_p108;11;4997221.56;4373002.21
108;unknown_p108;12;4997210.9;4373019.09
108;unknown_p108;13;4997183.36;4373062.67
108;unknown_p108;1;4997157.79;4373103.64
108;unknown_p108;1;4997492.45;4372571.52
108;unknown_p108;2;4997491.26;4372570.78
108;unknown_p108;3;4997494.15;4372565.37
108;unknown_p108;4;4997500.88;4372569.55
108;unknown_p108;5;4997498.25;4372571.41
108;unknown_p108;6;4997496.14;4372571.92
108;unknown_p108;1;4997492.45;4372571.52
109;unknown_p109;1;4997491.26;4372570.78
109;unknown_p109;2;4997454.8;4372548.12
109;unknown_p109;3;4997457.88;4372542.83
109;unknown_p109;4;4997494.15;4372565.37
109;unknown_p109;1;4997491.26;4372570.78
109;unknown_p109;1;4997843.37;4371956.47
109;unknown_p109;2;4997820.02;4372000.31
109;unknown_p109;3;4997811.98;4371995.94
109;unknown_p109;4;4997812.03;4371995.8
109;unknown_p109;5;4997823.83;4371973.77
109;unknown_p109;6;4997828.38;4371965.55
109;unknown_p109;7;4997828.4;4371965.51
109;unknown_p109;8;4997828.57;4371965.6
109;unknown_p109;9;4997834.49;4371953.87
109;unknown_p109;10;4997834.31;4371953.78
109;unknown_p109;11;4997856.35;4371912.67
109;unknown_p109;12;4997872.25;4371883.03
109;unknown_p109;13;4997876.0;4371883.19
109;unknown_p109;14;4997878.61;4371878.47
109;unknown_p109;15;4997876.47;4371874.97
109;unknown_p109;16;4997900.09;4371830.94
109;unknown_p109;17;4997900.74;4371826.02
109;unknown_p109;18;4997909.1;4371830.65
109;unknown_p109;19;4997884.01;4371880.09
109;unknown_p109;20;4997875.21;4371896.62
109;unknown_p109;21;4997854.27;4371933.53
109;unknown_p109;22;4997842.5;4371956.07
109;unknown_p109;1;4997843.37;4371956.47
109;unknown_p109;1;4997834.49;4371953.87
109;unknown_p109;2;4997828.57;4371965.6
109;unknown_p109;3;4997828.4;4371965.51
109;unknown_p109;4;4997828.38;4371965.55
110;unknown_p110;5;4997823.83;4371973.77
110;unknown_p110;6;4997812.03;4371995.8
110;unknown_p110;7;4997811.98;4371995.94
110;unknown_p110;8;4997811.89;4371995.89
110;unknown_p110;9;4997796.66;4371988.78
110;unknown_p110;10;4997764.02;4371973.41
110;unknown_p110;11;4997758.68;4371971.17
110;unknown_p110;12;4997778.65;4371927.44
110;unknown_p110;13;4997797.03;4371887.55
110;unknown_p110;14;4997800.19;4371880.75
110;unknown_p110;15;4997840.24;4371792.49
110;unknown_p110;16;4997900.74;4371826.02
110;unknown_p110;17;4997900.09;4371830.94
110;unknown_p110;18;4997876.47;4371874.97
110;unknown_p110;19;4997878.61;4371878.47
110;unknown_p110;20;4997876.0;4371883.19
110;unknown_p110;21;4997872.25;4371883.03
110;unknown_p110;22;4997856.35;4371912.67
110;unknown_p110;23;4997834.31;4371953.78
110;unknown_p110;1;4997834.49;4371953.87
110;unknown_p110;1;4998521.51;4369811.17
110;unknown_p110;2;4998524.19;4369828.21
110;unknown_p110;3;4998510.4;4369830.55
110;unknown_p110;4;4998504.0;4369831.64
110;unknown_p110;5;4998481.44;4369834.94
110;unknown_p110;6;4998467.25;4369837.02
110;unknown_p110;7;4998459.89;4369838.29
110;unknown_p110;8;4998456.98;4369839.24
110;unknown_p110;9;4998440.94;4369835.15
110;unknown_p110;10;4998440.35;4369834.59
110;unknown_p110;11;4998438.91;4369834.08
110;unknown_p110;12;4998434.84;4369833.94
110;unknown_p110;13;4998386.04;4369834.83
110;unknown_p110;14;4998385.5;4369819.25
110;unknown_p110;15;4998409.02;4369818.7
110;unknown_p110;16;4998418.65;4369819.41
110;unknown_p110;17;4998422.29;4369819.55
110;unknown_p110;18;4998453.2;4369819.06
110;unknown_p110;19;4998457.13;4369818.65
110;unknown_p110;20;4998465.36;4369817.98
110;unknown_p110;21;4998489.29;4369816.03
110;unknown_p110;22;4998496.32;4369814.97
110;unknown_p110;23;4998511.46;4369812.69
110;unknown_p110;1;4998521.51;4369811.17
111;unknown_p111;1;4999633.27;4369367.06
111;unknown_p111;2;4999646.33;4369386.44
111;unknown_p111;3;4999608.29;4369408.94
111;unknown_p111;4;4999608.44;4369409.21
111;unknown_p111;5;4999571.12;4369431.17
111;unknown_p111;6;4999570.63;4369431.22
111;unknown_p111;7;4999544.49;4369446.18
111;unknown_p111;8;4999541.03;4369448.24
111;unknown_p111;9;4999537.63;4369450.27
111;unknown_p111;10;4999517.65;4369461.68
111;unknown_p111;11;4999486.06;4369480.69
111;unknown_p111;12;4999481.82;4369483.13
111;unknown_p111;13;4999459.81;4369495.99
111;unknown_p111;14;4999435.03;4369510.21
111;unknown_p111;15;4999402.33;4369529.2
111;unknown_p111;16;4999334.66;4369569.03
111;unknown_p111;17;4999315.61;4369580.1
111;unknown_p111;18;4999286.57;4369597.4
111;unknown_p111;19;4999277.83;4369601.69
111;unknown_p111;20;4999232.09;4369628.57
111;unknown_p111;21;4999195.55;4369650.23
111;unknown_p111;22;4999182.54;4369658.06
111;unknown_p111;23;4999180.55;4369659.47
111;unknown_p111;24;4999171.93;4369677.79
111;unknown_p111;25;4999165.7;4369702.18
111;unknown_p111;26;4999165.56;4369704.69
111;unknown_p111;27;4999166.58;4369707.02
111;unknown_p111;28;4999146.42;4369715.36
111;unknown_p111;29;4999145.4;4369713.12
111;unknown_p111;30;4999140.83;4369706.55
111;unknown_p111;31;4999128.94;4369696.8
111;unknown_p111;32;4999109.91;4369693.8
111;unknown_p111;33;4999079.86;4369709.55
111;unknown_p111;34;4999090.11;4369719.81
111;unknown_p111;35;4999089.7;4369723.46
111;unknown_p111;36;4999089.2;4369728.89
111;unknown_p111;37;4999088.63;4369730.76
111;unknown_p111;38;4999086.13;4369732.21
111;unknown_p111;39;4999069.25;4369735.12
111;unknown_p111;40;4999005.12;4369746.23
111;unknown_p111;41;4998932.85;4369758.46
111;unknown_p111;42;4998874.15;4369768.4
111;unknown_p111;43;4998852.1;4369772.62
111;unknown_p111;44;4998812.73;4369779.35
112;unknown_p112;45;4998780.88;4369784.87
112;unknown_p112;46;4998770.77;4369786.52
112;unknown_p112;47;4998765.72;4369787.3
112;unknown_p112;48;4998752.95;4369789.35
112;unknown_p112;49;4998724.81;4369794.06
112;unknown_p112;50;4998715.42;4369795.62
112;unknown_p112;51;4998700.57;4369798.44
112;unknown_p112;52;4998687.31;4369801.01
112;unknown_p112;53;4998680.33;4369801.7
112;unknown_p112;54;4998680.61;4369802.1
112;unknown_p112;55;4998676.22;4369803.05
112;unknown_p112;56;4998674.11;4369803.82
112;unknown_p112;57;4998631.81;4369810.78
112;unknown_p112;58;4998611.76;4369813.38
112;unknown_p112;59;4998609.58;4369813.75
112;unknown_p112;60;4998524.19;4369828.21
112;unknown_p112;61;4998521.51;4369811.17
112;unknown_p112;62;4998540.73;4369808.27
112;unknown_p112;63;4998581.7;4369802.13
112;unknown_p112;64;4998595.42;4369800.37
112;unknown_p112;65;4998643.32;4369791.65
112;unknown_p112;66;4998663.37;4369788.41
112;unknown_p112;67;4998662.96;4369786.39
112;unknown_p112;68;4998669.62;4369785.38
112;unknown_p112;69;4998675.0;4369784.67
112;unknown_p112;70;4998675.04;4369784.02
112;unknown_p112;71;4998731.86;4369774.18
112;unknown_p112;72;4998731.76;4369773.83
112;unknown_p112;73;4998734.95;4369773.28
112;unknown_p112;74;4998856.84;4369752.21
112;unknown_p112;75;4998856.9;4369752.68
112;unknown_p112;76;4998990.38;4369730.34
112;unknown_p112;77;4998992.88;4369730.69
112;unknown_p112;78;4999012.78;4369727.2
112;unknown_p112;79;4999055.47;4369705.98
112;unknown_p112;80;4999054.49;4369696.4
112;unknown_p112;81;4999061.19;4369696.66
112;unknown_p112;82;4999070.52;4369698.71
112;unknown_p112;83;4999077.0;4369699.73
112;unknown_p112;84;4999080.88;4369698.93
112;unknown_p112;85;4999081.12;4369699.22
112;unknown_p112;86;4999089.43;4369693.97
112;unknown_p112;87;4999092.03;4369692.5
112;unknown_p112;88;4999096.21;4369689.7
112;unknown_p112;89;4999100.81;4369687.5
112;unknown_p112;90;4999105.78;4369685.59
112;unknown_p112;91;4999116.33;4369678.49
112;unknown_p112;92;4999118.67;4369680.11
112;unknown_p112;93;4999123.36;4369682.06
112;unknown_p112;94;4999128.29;4369682.92
112;unknown_p112;95;4999133.29;4369682.83
113;unknown_p113;96;4999138.13;4369681.8
113;unknown_p113;97;4999142.73;4369679.67
113;unknown_p113;98;4999146.75;4369676.63
113;unknown_p113;99;4999150.12;4369672.85
113;unknown_p113;100;4999152.5;4369668.49
113;unknown_p113;101;4999153.95;4369663.7
113;unknown_p113;102;4999154.49;4369658.79
113;unknown_p113;103;4999153.88;4369653.86
113;unknown_p113;104;4999152.26;4369649.12
113;unknown_p113;105;4999173.39;4369635.3
113;unknown_p113;106;4999178.21;4369633.96
113;unknown_p113;107;4999180.93;4369632.62
113;unknown_p113;108;4999186.96;4369624.61
113;unknown_p113;109;4999204.65;4369614.65
113;unknown_p113;110;4999265.82;4369578.49
113;unknown_p113;111;4999267.13;4369576.19
113;unknown_p113;112;4999278.33;4369567.66
113;unknown_p113;113;4999284.71;4369569.17
113;unknown_p113;114;4999288.95;4369569.16
113;unknown_p113;115;4999428.02;4369487.81
113;unknown_p113;116;4999567.08;4369406.27
113;unknown_p113;1;4999633.27;4369367.06
113;unknown_p113;1;4996589.62;4374164.1
113;unknown_p113;2;4996556.91;4374214.23
113;unknown_p113;3;4996512.21;4374283.18
113;unknown_p113;4;4996476.64;4374332.84
113;unknown_p113;5;4996460.67;4374354.43
113;unknown_p113;6;4996457.04;4374351.81
113;unknown_p113;7;4996448.83;4374363.18
113;unknown_p113;8;4996452.33;4374365.71
113;unknown_p113;9;4996415.24;4374415.83
113;unknown_p113;10;4996354.75;4374497.6
113;unknown_p113;11;4996347.89;4374507.36
113;unknown_p113;12;4996344.56;4374504.95
113;unknown_p113;13;4996336.35;4374516.31
113;unknown_p113;14;4996339.83;4374518.83
113;unknown_p113;15;4996327.52;4374536.36
113;unknown_p113;16;4996281.01;4374603.43
113;unknown_p113;17;4996243.08;4374576.49
113;unknown_p113;18;4996733.58;4373908.73
113;unknown_p113;19;4996755.06;4373928.1
113;unknown_p113;1;4996589.62;4374164.1
114;unknown_p114;1;4996578.53;4374205.19
114;unknown_p114;2;4996570.32;4374216.56
114;unknown_p114;3;4996560.18;4374209.22
114;unknown_p114;4;4996567.85;4374197.47
114;unknown_p114;1;4996578.53;4374205.19
114;unknown_p114;1;4996467.23;4374359.18
114;unknown_p114;2;4996459.01;4374370.54
114;unknown_p114;3;4996448.83;4374363.18
114;unknown_p114;4;4996457.04;4374351.81
114;unknown_p114;1;4996467.23;4374359.18
114;unknown_p114;1;4996355.92;4374513.16
114;unknown_p114;2;4996347.71;4374524.53
114;unknown_p114;3;4996336.35;4374516.31
114;unknown_p114;4;4996344.56;4374504.95
114;unknown_p114;1;4996355.92;4374513.16
114;unknown_p114;1;4996675.54;4374047.04
114;unknown_p114;2;4996686.91;4374055.26
114;unknown_p114;3;4996678.69;4374066.62
114;unknown_p114;4;4996667.33;4374058.41
114;unknown_p114;1;4996675.54;4374047.04
114;unknown_p114;1;4996755.06;4373928.1
114;unknown_p114;2;4996930.68;4374086.45
114;unknown_p114;3;4996825.36;4374264.34
114;unknown_p114;4;4996944.59;4374345.36
114;unknown_p114;5;4996625.24;4374847.94
114;unknown_p114;6;4996281.01;4374603.43
114;unknown_p114;7;4996327.52;4374536.36
114;unknown_p114;8;4996339.83;4374518.83
114;unknown_p114;9;4996347.71;4374524.53
114;unknown_p114;10;4996355.92;4374513.16
114;unknown_p114;11;4996347.89;4374507.36
114;unknown_p114;12;4996354.75;4374497.6
114;unknown_p114;13;4996415.24;4374415.83
114;unknown_p114;14;4996452.33;4374365.71
114;unknown_p114;15;4996459.01;4374370.54
114;unknown_p114;16;4996467.23;4374359.18
115;unknown_p115;17;4996460.67;4374354.43
115;unknown_p115;18;4996476.64;4374332.84
115;unknown_p115;19;4996512.21;4374283.18
115;unknown_p115;20;4996556.91;4374214.23
115;unknown_p115;21;4996560.18;4374209.22
115;unknown_p115;22;4996570.32;4374216.56
115;unknown_p115;23;4996578.53;4374205.19
115;unknown_p115;24;4996567.85;4374197.47
115;unknown_p115;25;4996589.62;4374164.1
115;unknown_p115;1;4996755.06;4373928.1
115;unknown_p115;1;4997482.93;4372879.46
115;unknown_p115;2;4997413.17;4372948.08
115;unknown_p115;3;4997401.84;4372956.78
115;unknown_p115;4;4997386.76;4372969.1
115;unknown_p115;5;4997345.34;4373007.36
115;unknown_p115;6;4997336.34;4373015.96
115;unknown_p115;7;4997319.95;4373033.35
115;unknown_p115;8;4997298.79;4373058.5
115;unknown_p115;9;4997289.97;4373071.28
115;unknown_p115;10;4997284.5;4373079.38
115;unknown_p115;11;4997279.87;4373090.11
115;unknown_p115;12;4997275.44;4373102.38
115;unknown_p115;13;4997273.98;4373113.36
115;unknown_p115;14;4997274.59;4373129.95
115;unknown_p115;15;4997275.4;4373159.28
115;unknown_p115;16;4997275.84;4373173.07
115;unknown_p115;17;4997274.83;4373174.51
115;unknown_p115;18;4997276.38;4373189.74
115;unknown_p115;19;4997276.39;4373190.21
115;unknown_p115;20;4997273.43;4373217.83
115;unknown_p115;21;4997268.9;4373247.07
115;unknown_p115;22;4997250.54;4373273.14
115;unknown_p115;23;4997237.3;4373266.97
115;unknown_p115;24;4997238.51;4373248.09
115;unknown_p115;25;4997245.18;4373201.07
115;unknown_p115;26;4997243.68;4373120.86
115;unknown_p115;27;4997246.27;4373094.95
115;unknown_p115;28;4997247.5;4373091.18
115;unknown_p115;29;4997254.71;4373095.62
115;unknown_p115;30;4997274.52;4373066.63
115;unknown_p115;31;4997295.99;4373045.59
115;unknown_p115;32;4997300.59;4373040.05
115;unknown_p115;33;4997335.72;4372990.72
115;unknown_p115;34;4997360.36;4372963.4
116;unknown_p116;35;4997390.96;4372929.19
116;unknown_p116;36;4997386.39;4372913.32
116;unknown_p116;37;4997398.6;4372911.67
116;unknown_p116;38;4997411.14;4372908.84
116;unknown_p116;39;4997428.54;4372903.17
116;unknown_p116;40;4997457.07;4372890.43
116;unknown_p116;1;4997482.93;4372879.46
116;unknown_p116;1;4997057.19;4373606.74
116;unknown_p116;2;4997051.78;4373614.02
116;unknown_p116;3;4997047.67;4373620.7
116;unknown_p116;4;4997046.98;4373620.55
116;unknown_p116;5;4997050.39;4373605.23
116;unknown_p116;1;4997057.19;4373606.74
116;unknown_p116;1;4997386.39;4372913.32
116;unknown_p116;2;4997390.96;4372929.19
116;unknown_p116;3;4997360.36;4372963.4
116;unknown_p116;4;4997335.72;4372990.72
116;unknown_p116;5;4997300.59;4373040.05
116;unknown_p116;6;4997295.99;4373045.59
116;unknown_p116;7;4997274.52;4373066.63
116;unknown_p116;8;4997254.71;4373095.62
116;unknown_p116;9;4997247.5;4373091.18
116;unknown_p116;10;4997253.55;4373072.7
116;unknown_p116;11;4997271.96;4373044.98
116;unknown_p116;12;4997296.72;4373013.17
116;unknown_p116;13;4997334.86;4372977.44
116;unknown_p116;14;4997359.43;4372954.76
116;unknown_p116;15;4997379.18;4372936.96
116;unknown_p116;16;4997381.2;4372931.09
116;unknown_p116;17;4997379.58;4372927.04
116;unknown_p116;18;4997371.09;4372921.98
116;unknown_p116;19;4997368.26;4372915.71
116;unknown_p116;20;4997383.63;4372913.69
116;unknown_p116;1;4997386.39;4372913.32
116;unknown_p116;1;4997275.84;4373173.07
116;unknown_p116;2;4997276.38;4373189.74
117;unknown_p117;3;4997274.83;4373174.51
117;unknown_p117;1;4997275.84;4373173.07
117;unknown_p117;1;4997268.9;4373247.07
117;unknown_p117;2;4997268.05;4373252.58
117;unknown_p117;3;4997266.38;4373267.76
117;unknown_p117;4;4997264.1;4373297.51
117;unknown_p117;5;4997264.54;4373321.32
117;unknown_p117;6;4997262.38;4373334.63
117;unknown_p117;7;4997258.33;4373346.98
117;unknown_p117;8;4997224.45;4373389.26
117;unknown_p117;9;4997198.29;4373423.24
117;unknown_p117;10;4997124.43;4373516.35
117;unknown_p117;11;4997095.2;4373555.09
117;unknown_p117;12;4997082.86;4373572.19
117;unknown_p117;13;4997057.19;4373606.74
117;unknown_p117;14;4997050.39;4373605.23
117;unknown_p117;15;4997046.98;4373620.55
117;unknown_p117;16;4997047.67;4373620.7
117;unknown_p117;17;4997043.61;4373627.31
117;unknown_p117;18;4997037.03;4373640.66
117;unknown_p117;19;4997031.88;4373654.52
117;unknown_p117;20;4997027.93;4373666.76
117;unknown_p117;21;4997011.75;4373748.19
117;unknown_p117;22;4996999.77;4373807.47
117;unknown_p117;23;4996990.04;4373846.9
117;unknown_p117;24;4996982.62;4373868.86
117;unknown_p117;25;4996969.26;4373892.73
117;unknown_p117;26;4996937.72;4373941.2
117;unknown_p117;27;4996899.47;4373999.1
117;unknown_p117;28;4996874.96;4374036.2
117;unknown_p117;29;4996852.7;4374016.13
117;unknown_p117;30;4996895.27;4373951.8
117;unknown_p117;31;4996927.32;4373903.97
117;unknown_p117;32;4996948.43;4373869.97
117;unknown_p117;33;4996958.04;4373849.74
117;unknown_p117;34;4996963.27;4373831.7
117;unknown_p117;35;4996978.69;4373761.85
117;unknown_p117;36;4996999.59;4373659.23
117;unknown_p117;37;4997009.52;4373627.92
117;unknown_p117;38;4997019.48;4373608.38
117;unknown_p117;39;4997029.9;4373593.03
117;unknown_p117;40;4997090.73;4373508.82
117;unknown_p117;41;4997136.14;4373452.89
117;unknown_p117;42;4997174.58;4373404.33
117;unknown_p117;43;4997223.23;4373340.2
117;unknown_p117;44;4997233.95;4373321.76
117;unknown_p117;45;4997235.88;4373305.33
117;unknown_p117;46;4997236.16;4373284.63
117;unknown_p117;47;4997237.3;4373266.97
117;unknown_p117;48;4997250.54;4373273.14
118;unknown_p118;1;4998368.27;4369757.12
118;unknown_p118;2;4998373.22;4369821.09
118;unknown_p118;3;4998355.98;4369820.52
118;unknown_p118;4;4998348.66;4369764.5
118;unknown_p118;5;4998348.28;4369760.2
118;unknown_p118;1;4998368.27;4369757.12
118;unknown_p118;1;4998288.95;4369308.96
118;unknown_p118;2;4998292.96;4369339.03
118;unknown_p118;3;4998307.33;4369422.39
118;unknown_p118;4;4998313.65;4369460.42
118;unknown_p118;5;4998314.53;4369465.53
118;unknown_p118;6;4998320.75;4369499.41
118;unknown_p118;7;4998325.14;4369523.91
118;unknown_p118;8;4998332.14;4369562.33
118;unknown_p118;9;4998338.56;4369593.43
118;unknown_p118;10;4998352.4;4369653.14
118;unknown_p118;11;4998361.61;4369670.91
118;unknown_p118;12;4998368.27;4369757.12
118;unknown_p118;13;4998348.28;4369760.2
118;unknown_p118;14;4998344.84;4369720.87
118;unknown_p118;15;4998342.0;4369688.41
118;unknown_p118;16;4998340.53;4369675.53
118;unknown_p118;17;4998338.45;4369662.3
118;unknown_p118;18;4998331.42;4369630.01
118;unknown_p118;19;4998329.41;4369614.56
118;unknown_p118;20;4998323.18;4369583.91
118;unknown_p118;21;4998318.65;4369556.23
118;unknown_p118;22;4998300.28;4369465.57
118;unknown_p118;23;4998277.39;4369326.91
118;unknown_p118;24;4998277.04;4369325.98
118;unknown_p118;1;4998288.95;4369308.96
118;unknown_p118;1;4998181.74;4368431.08
118;unknown_p118;2;4998178.84;4368434.03
118;unknown_p118;3;4998176.99;4368436.32
118;unknown_p118;4;4998175.02;4368439.78
119;unknown_p119;5;4998173.08;4368444.92
119;unknown_p119;6;4998171.48;4368452.63
119;unknown_p119;7;4998172.75;4368470.66
119;unknown_p119;8;4998175.98;4368504.66
119;unknown_p119;9;4998178.5;4368530.39
119;unknown_p119;10;4998182.28;4368571.94
119;unknown_p119;11;4998185.49;4368605.18
119;unknown_p119;12;4998187.17;4368606.38
119;unknown_p119;13;4998189.67;4368614.5
119;unknown_p119;14;4998187.63;4368617.24
119;unknown_p119;15;4998187.19;4368617.97
119;unknown_p119;16;4998188.99;4368628.5
119;unknown_p119;17;4998191.44;4368645.25
119;unknown_p119;18;4998193.76;4368657.55
119;unknown_p119;19;4998193.78;4368662.12
119;unknown_p119;20;4998196.01;4368673.09
119;unknown_p119;21;4998200.98;4368693.22
119;unknown_p119;22;4998204.54;4368711.65
119;unknown_p119;23;4998204.51;4368711.9
119;unknown_p119;24;4998203.15;4368714.78
119;unknown_p119;25;4998213.91;4368740.33
119;unknown_p119;26;4998227.43;4368765.77
119;unknown_p119;27;4998236.25;4368780.64
119;unknown_p119;28;4998239.5;4368788.1
119;unknown_p119;29;4998245.86;4368801.09
119;unknown_p119;30;4998253.94;4368818.43
119;unknown_p119;31;4998260.54;4368832.61
119;unknown_p119;32;4998273.73;4368841.78
119;unknown_p119;33;4998275.21;4368838.8
119;unknown_p119;34;4998277.68;4368840.03
119;unknown_p119;35;4998289.29;4368843.72
119;unknown_p119;36;4998295.71;4368845.45
119;unknown_p119;37;4998294.18;4368851.72
119;unknown_p119;38;4998292.49;4368859.61
119;unknown_p119;39;4998291.52;4368860.83
119;unknown_p119;40;4998294.44;4368884.99
119;unknown_p119;41;4998296.95;4368900.76
119;unknown_p119;42;4998298.72;4368911.91
119;unknown_p119;43;4998304.57;4368943.83
119;unknown_p119;44;4998306.27;4368956.13
119;unknown_p119;45;4998304.69;4368959.5
119;unknown_p119;46;4998306.64;4368985.68
119;unknown_p119;47;4998311.98;4368998.13
119;unknown_p119;48;4998321.46;4369004.71
119;unknown_p119;49;4998316.41;4369025.24
119;unknown_p119;50;4998315.03;4369031.0
119;unknown_p119;51;4998312.01;4369032.07
119;unknown_p119;52;4998309.58;4369042.09
119;unknown_p119;53;4998311.61;4369042.83
119;unknown_p119;54;4998297.14;4369090.39
119;unknown_p119;55;4998293.53;4369102.05
120;unknown_p120;56;4998287.03;4369103.7
120;unknown_p120;57;4998281.97;4369114.38
120;unknown_p120;58;4998274.01;4369114.36
120;unknown_p120;59;4998273.04;4369115.44
120;unknown_p120;60;4998273.92;4369116.67
120;unknown_p120;61;4998269.28;4369136.08
120;unknown_p120;62;4998267.58;4369144.68
120;unknown_p120;63;4998265.21;4369165.87
120;unknown_p120;64;4998262.95;4369171.84
120;unknown_p120;65;4998260.42;4369199.34
120;unknown_p120;66;4998267.64;4369213.72
120;unknown_p120;67;4998270.35;4369226.05
120;unknown_p120;68;4998268.47;4369236.59
120;unknown_p120;69;4998274.27;4369261.57
120;unknown_p120;70;4998270.38;4369262.3
120;unknown_p120;71;4998269.46;4369257.22
120;unknown_p120;72;4998265.06;4369258.03
120;unknown_p120;73;4998262.84;4369258.03
120;unknown_p120;74;4998260.7;4369257.76
120;unknown_p120;75;4998260.22;4369238.48
120;unknown_p120;76;4998254.44;4369212.4
120;unknown_p120;77;4998247.66;4369212.46
120;unknown_p120;78;4998250.42;4369194.0
120;unknown_p120;79;4998248.86;4369176.08
120;unknown_p120;80;4998258.89;4369166.07
120;unknown_p120;81;4998262.19;4369159.03
120;unknown_p120;82;4998263.33;4369144.5
120;unknown_p120;83;4998267.05;4369123.13
120;unknown_p120;84;4998270.11;4369110.96
120;unknown_p120;85;4998270.11;4369109.91
120;unknown_p120;86;4998275.44;4369105.86
120;unknown_p120;87;4998276.32;4369106.21
120;unknown_p120;88;4998288.85;4369093.29
120;unknown_p120;89;4998302.76;4369045.84
120;unknown_p120;90;4998305.05;4369034.3
120;unknown_p120;91;4998306.88;4369004.16
120;unknown_p120;92;4998302.98;4368998.03
120;unknown_p120;93;4998296.84;4368966.45
120;unknown_p120;94;4998297.44;4368958.48
120;unknown_p120;95;4998297.89;4368936.62
120;unknown_p120;96;4998298.6;4368931.8
120;unknown_p120;97;4998287.97;4368873.75
120;unknown_p120;98;4998283.44;4368859.97
120;unknown_p120;99;4998281.24;4368856.52
120;unknown_p120;100;4998279.1;4368854.21
120;unknown_p120;101;4998270.06;4368843.76
120;unknown_p120;102;4998266.61;4368842.44
120;unknown_p120;103;4998250.81;4368842.83
120;unknown_p120;104;4998250.5;4368834.85
120;unknown_p120;105;4998249.68;4368832.64
120;unknown_p120;106;4998235.73;4368798.99
121;unknown_p121;107;4998234.52;4368794.88
121;unknown_p121;108;4998233.09;4368790.2
121;unknown_p121;109;4998221.58;4368764.59
121;unknown_p121;110;4998202.01;4368728.56
121;unknown_p121;111;4998186.5;4368704.6
121;unknown_p121;112;4998188.21;4368701.17
121;unknown_p121;113;4998195.63;4368699.57
121;unknown_p121;114;4998184.61;4368642.35
121;unknown_p121;115;4998182.16;4368633.13
121;unknown_p121;116;4998180.31;4368625.21
121;unknown_p121;117;4998179.82;4368615.82
121;unknown_p121;118;4998175.1;4368556.78
121;unknown_p121;119;4998171.25;4368507.27
121;unknown_p121;120;4998168.85;4368487.59
121;unknown_p121;121;4998159.88;4368410.78
121;unknown_p121;1;4998181.74;4368431.08
121;unknown_p121;1;4997908.86;4371810.46
121;unknown_p121;2;4997912.3;4371812.13
121;unknown_p121;3;4997906.22;4371823.42
121;unknown_p121;4;4997902.83;4371821.78
121;unknown_p121;1;4997908.86;4371810.46
121;unknown_p121;1;4997787.45;4371751.14
121;unknown_p121;2;4997799.33;4371757.63
121;unknown_p121;3;4997810.2;4371762.77
121;unknown_p121;4;4997856.5;4371785.09
121;unknown_p121;5;4997908.86;4371810.46
121;unknown_p121;6;4997902.83;4371821.78
121;unknown_p121;7;4997850.98;4371796.63
121;unknown_p121;8;4997827.09;4371785.18
121;unknown_p121;9;4997794.58;4371767.16
121;unknown_p121;10;4997782.74;4371760.6
121;unknown_p121;1;4997787.45;4371751.14
121;unknown_p121;1;4998443.97;4371935.05
121;unknown_p121;2;4998448.57;4371939.27
121;unknown_p121;3;4998455.28;4371945.09
121;unknown_p121;4;4998446.83;4371954.83
122;unknown_p122;5;4998440.33;4371949.22
122;unknown_p122;6;4998435.54;4371944.81
122;unknown_p122;1;4998443.97;4371935.05
122;unknown_p122;1;4998463.03;4371951.83
122;unknown_p122;2;4998466.65;4371954.95
122;unknown_p122;3;4998517.85;4371999.08
122;unknown_p122;4;4998522.55;4372003.36
122;unknown_p122;5;4998512.7;4372011.85
122;unknown_p122;6;4998509.31;4372008.69
122;unknown_p122;7;4998458.18;4371964.63
122;unknown_p122;8;4998454.64;4371961.57
122;unknown_p122;1;4998463.03;4371951.83
122;unknown_p122;1;4998526.04;4372006.54
122;unknown_p122;2;4998531.08;4372011.13
122;unknown_p122;3;4998542.35;4372020.95
122;unknown_p122;4;4998531.5;4372028.49
122;unknown_p122;5;4998524.25;4372022.16
122;unknown_p122;6;4998522.55;4372021.01
122;unknown_p122;7;4998516.2;4372015.1
122;unknown_p122;1;4998526.04;4372006.54
122;unknown_p122;1;4998542.69;4372021.25
122;unknown_p122;2;4998557.76;4372034.4
122;unknown_p122;3;4998547.04;4372042.05
122;unknown_p122;4;4998531.98;4372028.9
122;unknown_p122;1;4998542.69;4372021.25
122;unknown_p122;1;4998558.47;4372035.06
122;unknown_p122;2;4998575.24;4372049.61
122;unknown_p122;3;4998583.48;4372056.88
122;unknown_p122;4;4998575.9;4372067.55
122;unknown_p122;5;4998566.64;4372059.16
122;unknown_p122;6;4998547.72;4372042.64
122;unknown_p122;1;4998558.47;4372035.06
122;unknown_p122;1;4994173.08;4377124.35
122;unknown_p122;2;4994166.46;4377134.74
122;unknown_p122;3;4994160.27;4377128.22
122;unknown_p122;4;4994154.27;4377120.58
122;unknown_p122;5;4994152.49;4377118.08
122;unknown_p122;6;4994158.65;4377108.99
122;unknown_p122;7;4994164.24;4377116.23
122;unknown_p122;1;4994173.08;4377124.35
123;unknown_p123;1;4994158.65;4377108.99
123;unknown_p123;2;4994152.49;4377118.08
123;unknown_p123;3;4994146.21;4377109.22
123;unknown_p123;4;4994135.53;4377097.32
123;unknown_p123;5;4994141.92;4377089.1
123;unknown_p123;6;4994154.83;4377104.05
123;unknown_p123;1;4994158.65;4377108.99
123;unknown_p123;1;4993959.14;4377664.76
123;unknown_p123;2;4993983.63;4377682.37
123;unknown_p123;3;4993965.03;4377697.81
123;unknown_p123;4;4993945.95;4377684.09
123;unknown_p123;1;4993959.14;4377664.76
123;unknown_p123;1;4993983.63;4377682.37
123;unknown_p123;2;4993994.07;4377689.87
123;unknown_p123;3;4993980.41;4377708.87
123;unknown_p123;4;4993965.03;4377697.81
123;unknown_p123;1;4993983.63;4377682.37
123;unknown_p123;1;4996133.32;4374821.14
123;unknown_p123;2;4996125.11;4374832.5
123;unknown_p123;3;4996124.46;4374832.03
123;unknown_p123;4;4996132.64;4374820.64
123;unknown_p123;1;4996133.32;4374821.14
123;unknown_p123;1;4996047.86;4374944.48
123;unknown_p123;2;4996036.12;4374960.43
124;unknown_p124;3;4996033.6;4374958.57
124;unknown_p124;4;4996045.15;4374942.48
124;unknown_p124;1;4996047.86;4374944.48
124;unknown_p124;1;4996193.71;4374762.58
124;unknown_p124;2;4996088.45;4374909.46
124;unknown_p124;3;4995738.47;4375397.81
124;unknown_p124;4;4995625.53;4375555.41
124;unknown_p124;5;4995508.0;4375718.47
124;unknown_p124;6;4995334.98;4375958.53
124;unknown_p124;7;4995218.69;4376119.88
124;unknown_p124;8;4995160.21;4376201.0
124;unknown_p124;9;4995079.1;4376313.54
124;unknown_p124;10;4994906.78;4376552.62
124;unknown_p124;11;4994820.17;4376672.79
124;unknown_p124;12;4994693.74;4376848.2
124;unknown_p124;13;4994504.96;4377110.12
124;unknown_p124;14;4994397.17;4377259.69
124;unknown_p124;15;4994204.55;4377526.98
124;unknown_p124;16;4994069.39;4377714.52
124;unknown_p124;17;4993957.45;4377869.85
124;unknown_p124;18;4993786.13;4378109.44
124;unknown_p124;19;4993678.75;4378258.14
124;unknown_p124;20;4993454.02;4378569.33
124;unknown_p124;21;4993280.38;4378809.79
124;unknown_p124;22;4993135.79;4379008.5
124;unknown_p124;23;4992914.33;4379312.88
124;unknown_p124;24;4992819.1;4379443.93
124;unknown_p124;25;4992744.41;4379546.4
124;unknown_p124;26;4992662.36;4379648.35
124;unknown_p124;27;4992531.59;4379859.64
124;unknown_p124;28;4992488.74;4379936.29
124;unknown_p124;29;4992477.01;4379929.78
124;unknown_p124;30;4992518.84;4379853.26
124;unknown_p124;31;4992648.69;4379645.09
124;unknown_p124;32;4992659.17;4379629.21
124;unknown_p124;33;4992734.86;4379537.67
124;unknown_p124;34;4992807.09;4379438.44
124;unknown_p124;35;4992900.98;4379309.42
124;unknown_p124;36;4993124.1;4379002.86
124;unknown_p124;37;4993268.42;4378804.56
124;unknown_p124;38;4993439.57;4378565.9
124;unknown_p124;39;4993666.01;4378250.13
124;unknown_p124;40;4993771.37;4378103.22
124;unknown_p124;41;4993937.16;4377872.02
125;unknown_p125;42;4994055.37;4377708.0
125;unknown_p125;43;4994190.35;4377520.7
125;unknown_p125;44;4994383.43;4377252.77
125;unknown_p125;45;4994490.35;4377104.4
125;unknown_p125;46;4994677.25;4376844.56
125;unknown_p125;47;4994805.04;4376666.89
125;unknown_p125;48;4994892.57;4376545.2
125;unknown_p125;49;4995044.12;4376334.49
125;unknown_p125;50;4995146.55;4376192.22
125;unknown_p125;51;4995202.55;4376114.43
125;unknown_p125;52;4995316.83;4375955.7
125;unknown_p125;53;4995494.06;4375709.52
125;unknown_p125;54;4995609.03;4375549.82
125;unknown_p125;55;4995718.45;4375397.44
125;unknown_p125;56;4996033.6;4374958.57
125;unknown_p125;57;4996036.12;4374960.43
125;unknown_p125;58;4996047.86;4374944.48
125;unknown_p125;59;4996045.15;4374942.48
125;unknown_p125;60;4996071.74;4374905.45
125;unknown_p125;61;4996124.46;4374832.03
125;unknown_p125;62;4996125.11;4374832.5
125;unknown_p125;63;4996133.32;4374821.14
125;unknown_p125;64;4996132.64;4374820.64
125;unknown_p125;65;4996175.65;4374760.74
125;unknown_p125;1;4996193.71;4374762.58
125;unknown_p125;1;4993787.46;4377781.96
125;unknown_p125;2;4993732.45;4377867.81
125;unknown_p125;3;4993608.48;4378016.82
125;unknown_p125;4;4993660.76;4377936.82
125;unknown_p125;5;4993718.54;4377852.83
125;unknown_p125;6;4993756.09;4377798.29
125;unknown_p125;1;4993787.46;4377781.96
125;unknown_p125;1;4994107.82;4377264.28
125;unknown_p125;2;4994080.49;4377316.91
125;unknown_p125;3;4994058.91;4377355.64
125;unknown_p125;4;4994052.91;4377364.35
125;unknown_p125;5;4994038.72;4377388.55
125;unknown_p125;6;4994031.31;4377400.33
125;unknown_p125;7;4994008.78;4377436.06
125;unknown_p125;8;4993976.91;4377484.56
125;unknown_p125;9;4993945.95;4377531.78
125;unknown_p125;10;4993921.76;4377568.27
126;unknown_p126;11;4993907.95;4377587.52
126;unknown_p126;12;4993888.12;4377613.86
126;unknown_p126;13;4993878.52;4377642.7
126;unknown_p126;14;4993845.73;4377666.54
126;unknown_p126;15;4993880.88;4377612.58
126;unknown_p126;16;4993932.11;4377533.88
126;unknown_p126;17;4993991.87;4377442.14
126;unknown_p126;18;4994068.99;4377323.34
126;unknown_p126;1;4994107.82;4377264.28
126;unknown_p126;1;4994751.79;4376344.98
126;unknown_p126;2;4994753.4;4376349.38
126;unknown_p126;3;4994719.31;4376388.13
126;unknown_p126;4;4994680.33;4376442.23
126;unknown_p126;5;4994675.14;4376438.96
126;unknown_p126;6;4994650.4;4376477.06
126;unknown_p126;7;4994639.68;4376491.97
126;unknown_p126;8;4994613.79;4376525.15
126;unknown_p126;9;4994577.71;4376570.74
126;unknown_p126;10;4994548.02;4376610.55
126;unknown_p126;11;4994519.07;4376651.35
126;unknown_p126;12;4994495.67;4376685.65
126;unknown_p126;13;4994477.35;4376713.52
126;unknown_p126;14;4994463.82;4376734.36
126;unknown_p126;15;4994409.48;4376818.32
126;unknown_p126;16;4994355.21;4376902.32
126;unknown_p126;17;4994336.69;4376931.17
126;unknown_p126;18;4994311.41;4376969.78
126;unknown_p126;19;4994299.55;4376986.41
126;unknown_p126;20;4994297.17;4376989.31
126;unknown_p126;21;4994279.1;4377009.32
126;unknown_p126;22;4994258.39;4377030.63
126;unknown_p126;23;4994280.07;4377005.34
126;unknown_p126;24;4994328.8;4376922.99
126;unknown_p126;25;4994329.96;4376923.78
126;unknown_p126;26;4994379.37;4376851.67
126;unknown_p126;27;4994433.16;4376773.17
126;unknown_p126;28;4994487.6;4376685.78
126;unknown_p126;29;4994605.73;4376524.83
126;unknown_p126;30;4994733.41;4376366.16
126;unknown_p126;1;4994751.79;4376344.98
126;unknown_p126;1;4998109.12;4371490.81
126;unknown_p126;2;4998072.82;4371555.52
126;unknown_p126;3;4998069.96;4371554.02
126;unknown_p126;4;4998033.81;4371620.89
126;unknown_p126;5;4998002.63;4371678.72
126;unknown_p126;6;4997979.85;4371720.97
126;unknown_p126;7;4997962.05;4371754.43
126;unknown_p126;8;4997965.05;4371756.08
126;unknown_p126;9;4997950.29;4371783.36
127;unknown_p127;10;4997937.55;4371807.13
127;unknown_p127;11;4997918.13;4371842.67
127;unknown_p127;12;4997875.71;4371919.8
127;unknown_p127;13;4997848.94;4371968.68
127;unknown_p127;14;4997815.92;4372031.95
127;unknown_p127;15;4997782.07;4372096.43
127;unknown_p127;16;4997732.32;4372189.11
127;unknown_p127;17;4997702.99;4372243.78
127;unknown_p127;18;4997679.84;4372287.07
127;unknown_p127;19;4997657.13;4372329.76
127;unknown_p127;20;4997639.28;4372362.11
127;unknown_p127;21;4997623.43;4372390.2
127;unknown_p127;22;4997608.1;4372417.83
127;unknown_p127;23;4997588.69;4372449.72
127;unknown_p127;24;4997573.14;4372474.26
127;unknown_p127;25;4997552.08;4372508.65
127;unknown_p127;26;4997530.46;4372543.4
127;unknown_p127;27;4997514.83;4372569.17
127;unknown_p127;28;4997504.8;4372585.68
127;unknown_p127;29;4997464.21;4372649.5
127;unknown_p127;30;4997450.01;4372672.02
127;unknown_p127;31;4997396.01;4372757.89
127;unknown_p127;32;4997349.83;4372831.8
127;unknown_p127;33;4997313.95;4372891.34
127;unknown_p127;34;4997310.2;4372897.53
127;unknown_p127;35;4997292.66;4372923.94
127;unknown_p127;36;4997251.53;4372984.57
127;unknown_p127;37;4997235.88;4373009.01
127;unknown_p127;38;4997210.28;4373050.17
127;unknown_p127;39;4997157.61;4373135.16
127;unknown_p127;40;4997104.74;4373220.04
127;unknown_p127;41;4997051.79;4373304.87
127;unknown_p127;42;4996998.57;4373389.54
127;unknown_p127;43;4996945.57;4373474.35
127;unknown_p127;44;4996892.48;4373559.11
127;unknown_p127;45;4996839.68;4373644.0
127;unknown_p127;46;4996787.11;4373729.07
127;unknown_p127;47;4996770.81;4373755.62
127;unknown_p127;48;4996733.9;4373814.01
127;unknown_p127;49;4996714.34;4373843.06
127;unknown_p127;50;4996675.43;4373896.02
127;unknown_p127;51;4996652.44;4373925.52
127;unknown_p127;52;4996613.89;4373974.93
127;unknown_p127;53;4996552.46;4374053.85
127;unknown_p127;54;4996490.53;4374132.32
127;unknown_p127;55;4996428.46;4374210.77
127;unknown_p127;56;4996366.79;4374289.51
127;unknown_p127;57;4996304.91;4374368.02
127;unknown_p127;58;4996243.08;4374446.62
127;unknown_p127;59;4996181.17;4374525.18
127;unknown_p127;60;4996119.73;4374604.02
128;unknown_p128;61;4996057.95;4374682.69
128;unknown_p128;62;4995996.53;4374761.63
128;unknown_p128;63;4995934.83;4374840.32
128;unknown_p128;64;4995873.36;4374919.2
128;unknown_p128;65;4995811.76;4374997.97
128;unknown_p128;66;4995750.39;4375076.92
128;unknown_p128;67;4995688.56;4375155.53
128;unknown_p128;68;4995626.43;4375233.86
128;unknown_p128;69;4995564.46;4375312.42
128;unknown_p128;70;4995502.21;4375390.67
128;unknown_p128;71;4995440.77;4375469.54
128;unknown_p128;72;4995379.22;4375548.36
128;unknown_p128;73;4995317.9;4375627.34
128;unknown_p128;74;4995256.51;4375706.3
128;unknown_p128;75;4995194.65;4375784.83
128;unknown_p128;76;4995132.62;4375863.29
128;unknown_p128;77;4995070.89;4375941.96
128;unknown_p128;78;4995009.0;4376020.49
128;unknown_p128;79;4994947.67;4376099.5
128;unknown_p128;80;4994886.18;4376178.32
128;unknown_p128;81;4994830.23;4376250.21
128;unknown_p128;82;4994813.87;4376271.17
128;unknown_p128;83;4994795.33;4376293.36
128;unknown_p128;84;4994785.14;4376304.62
128;unknown_p128;85;4994848.26;4376215.1
128;unknown_p128;86;4994921.6;4376118.02
128;unknown_p128;87;4994956.06;4376073.49
128;unknown_p128;88;4994974.04;4376050.55
128;unknown_p128;89;4995035.43;4375972.1
128;unknown_p128;90;4995095.31;4375891.79
128;unknown_p128;91;4995220.83;4375735.66
128;unknown_p128;92;4995272.6;4375672.78
128;unknown_p128;93;4995284.49;4375658.32
128;unknown_p128;94;4995345.9;4375579.89
128;unknown_p128;95;4995407.53;4375500.93
128;unknown_p128;96;4995465.26;4375419.42
128;unknown_p128;97;4995586.62;4375260.61
128;unknown_p128;98;4995648.57;4375181.65
128;unknown_p128;99;4995709.79;4375103.65
128;unknown_p128;100;4995773.69;4375025.94
128;unknown_p128;101;4995834.95;4374947.67
128;unknown_p128;102;4995896.57;4374868.85
128;unknown_p128;103;4995956.45;4374788.28
128;unknown_p128;104;4996016.0;4374708.44
128;unknown_p128;105;4996077.7;4374629.85
128;unknown_p128;106;4996147.94;4374544.62
128;unknown_p128;107;4996268.48;4374398.17
128;unknown_p128;108;4996330.08;4374319.42
128;unknown_p128;109;4996391.76;4374240.53
128;unknown_p128;110;4996453.14;4374162.07
128;unknown_p128;111;4996515.07;4374082.75
129;unknown_p129;112;4996574.62;4374002.91
129;unknown_p129;113;4996638.15;4373925.54
129;unknown_p129;114;4996696.9;4373845.07
129;unknown_p129;115;4996752.81;4373764.94
129;unknown_p129;116;4996805.69;4373680.13
129;unknown_p129;117;4996859.44;4373594.02
129;unknown_p129;118;4996964.57;4373425.86
129;unknown_p129;119;4997021.54;4373343.68
129;unknown_p129;120;4997074.59;4373258.71
129;unknown_p129;121;4997127.3;4373174.12
129;unknown_p129;122;4997178.27;4373088.03
129;unknown_p129;123;4997233.29;4373004.56
129;unknown_p129;124;4997286.11;4372919.94
129;unknown_p129;125;4997288.8;4372915.87
129;unknown_p129;126;4997305.58;4372890.5
129;unknown_p129;127;4997341.93;4372835.55
129;unknown_p129;128;4997390.49;4372748.17
129;unknown_p129;129;4997443.66;4372663.09
129;unknown_p129;130;4997496.59;4372578.47
129;unknown_p129;131;4997502.32;4372570.45
129;unknown_p129;132;4997549.86;4372493.91
129;unknown_p129;133;4997601.77;4372408.85
129;unknown_p129;134;4997695.96;4372233.18
129;unknown_p129;135;4997742.92;4372144.98
129;unknown_p129;136;4997790.04;4372056.61
129;unknown_p129;137;4997843.37;4371956.47
129;unknown_p129;138;4997875.21;4371896.62
129;unknown_p129;139;4997884.01;4371880.09
129;unknown_p129;140;4997885.17;4371877.81
129;unknown_p129;141;4997931.45;4371791.9
129;unknown_p129;142;4997979.06;4371703.51
129;unknown_p129;143;4998026.62;4371615.23
129;unknown_p129;144;4998073.78;4371527.61
129;unknown_p129;145;4998097.06;4371484.29
129;unknown_p129;1;4998109.12;4371490.81
129;unknown_p129;1;4996211.3;4374613.47
129;unknown_p129;2;4996135.69;4374680.95
129;unknown_p129;3;4996077.63;4374735.74
129;unknown_p129;4;4996076.6;4374737.07
129;unknown_p129;5;4996067.86;4374730.82
129;unknown_p129;6;4996074.48;4374722.16
129;unknown_p129;7;4996170.51;4374599.77
129;unknown_p129;8;4996186.6;4374578.79
129;unknown_p129;9;4996198.09;4374587.73
129;unknown_p129;10;4996224.7;4374593.39
129;unknown_p129;1;4996211.3;4374613.47
129;unknown_p129;1;4996414.75;4374287.39
129;unknown_p129;2;4996386.63;4374331.78
129;unknown_p129;3;4996371.64;4374355.43
130;unknown_p130;4;4996322.0;4374443.27
130;unknown_p130;5;4996345.27;4374402.1
130;unknown_p130;6;4996366.4;4374361.48
130;unknown_p130;7;4996394.39;4374316.17
130;unknown_p130;8;4996414.67;4374287.5
130;unknown_p130;1;4996414.75;4374287.39
130;unknown_p130;1;4997226.85;4373098.85
130;unknown_p130;2;4997216.97;4373115.57
130;unknown_p130;3;4997170.42;4373204.14
130;unknown_p130;4;4997117.66;4373288.86
130;unknown_p130;5;4997066.76;4373375.08
130;unknown_p130;6;4997008.73;4373468.1
130;unknown_p130;7;4996909.94;4373609.39
130;unknown_p130;8;4996913.42;4373596.18
130;unknown_p130;9;4997222.71;4373100.51
130;unknown_p130;1;4997226.85;4373098.85
130;unknown_p130;1;4993836.8;4377756.0
130;unknown_p130;2;4993768.54;4377861.43
130;unknown_p130;3;4993686.93;4377990.28
130;unknown_p130;4;4993566.92;4378179.96
130;unknown_p130;5;4993527.11;4378152.58
130;unknown_p130;6;4993518.62;4378145.11
130;unknown_p130;7;4993548.79;4378104.07
130;unknown_p130;8;4993605.86;4378020.83
130;unknown_p130;9;4993608.48;4378016.82
130;unknown_p130;10;4993732.45;4377867.81
130;unknown_p130;11;4993787.46;4377781.96
130;unknown_p130;1;4993836.8;4377756.0
130;unknown_p130;1;5000054.48;4368460.01
130;unknown_p130;2;5000048.06;4368565.34
130;unknown_p130;3;5000046.29;4368651.07
130;unknown_p130;4;5000066.86;4368654.79
130;unknown_p130;5;5000079.4;4368657.1
130;unknown_p130;6;5000099.55;4368660.83
130;unknown_p130;7;5000104.77;4368661.9
130;unknown_p130;8;5000104.61;4368663.65
130;unknown_p130;9;5000100.2;4368691.67
130;unknown_p130;10;5000098.46;4368702.39
130;unknown_p130;11;5000096.94;4368711.77
130;unknown_p130;12;5000099.52;4368714.81
130;unknown_p130;13;5000101.62;4368717.3
131;unknown_p131;14;5000108.52;4368725.45
131;unknown_p131;15;5000108.53;4368725.58
131;unknown_p131;16;5000100.71;4368746.93
131;unknown_p131;17;5000095.51;4368763.82
131;unknown_p131;18;5000069.32;4368839.84
131;unknown_p131;19;5000049.91;4368833.9
131;unknown_p131;20;5000041.67;4368853.26
131;unknown_p131;21;5000030.36;4368892.21
131;unknown_p131;22;5000028.46;4368903.7
131;unknown_p131;23;5000028.13;4368914.24
131;unknown_p131;24;5000028.01;4368918.07
131;unknown_p131;25;5000028.94;4368920.92
131;unknown_p131;26;5000029.77;4368921.26
131;unknown_p131;27;5000027.5;4368927.01
131;unknown_p131;28;5000032.38;4368928.75
131;unknown_p131;29;5000036.8;4368929.4
131;unknown_p131;30;5000034.9;4368945.2
131;unknown_p131;31;5000036.24;4368948.82
131;unknown_p131;32;5000036.82;4368963.3
131;unknown_p131;33;5000039.96;4368973.64
131;unknown_p131;34;5000043.16;4368984.26
131;unknown_p131;35;5000041.6;4368987.05
131;unknown_p131;36;5000050.83;4369007.69
131;unknown_p131;37;5000062.55;4369027.05
131;unknown_p131;38;5000073.74;4369040.54
131;unknown_p131;39;5000088.2;4369054.27
131;unknown_p131;40;5000093.33;4369058.54
131;unknown_p131;41;5000093.2;4369060.2
131;unknown_p131;42;5000097.12;4369062.32
131;unknown_p131;43;5000100.47;4369062.96
131;unknown_p131;44;5000101.02;4369062.59
131;unknown_p131;45;5000105.7;4369065.13
131;unknown_p131;46;5000108.19;4369066.4
131;unknown_p131;47;5000116.7;4369071.1
131;unknown_p131;48;5000122.97;4369075.03
131;unknown_p131;49;5000118.49;4369090.27
131;unknown_p131;50;5000076.17;4369073.02
131;unknown_p131;51;5000045.74;4369068.76
131;unknown_p131;52;5000006.36;4369075.62
131;unknown_p131;53;4999962.45;4369091.75
131;unknown_p131;54;4999935.34;4369102.89
131;unknown_p131;55;4999927.89;4369105.65
131;unknown_p131;56;4999910.87;4369123.69
131;unknown_p131;57;4999935.28;4369130.49
131;unknown_p131;58;4999939.67;4369150.19
131;unknown_p131;59;4999936.11;4369177.53
131;unknown_p131;60;4999928.01;4369201.33
131;unknown_p131;61;4999914.18;4369239.21
131;unknown_p131;62;4999888.48;4369315.59
131;unknown_p131;63;4999870.41;4369363.33
131;unknown_p131;64;4999847.31;4369419.85
132;unknown_p132;65;4999812.86;4369410.84
132;unknown_p132;66;4999807.98;4369409.57
132;unknown_p132;67;4999797.4;4369441.12
132;unknown_p132;68;4999781.02;4369481.93
132;unknown_p132;69;4999777.58;4369480.43
132;unknown_p132;70;4999776.39;4369483.54
132;unknown_p132;71;4999757.71;4369521.2
132;unknown_p132;72;4999732.32;4369565.0
132;unknown_p132;73;4999707.9;4369604.35
132;unknown_p132;74;4999680.85;4369642.85
132;unknown_p132;75;4999634.3;4369700.33
132;unknown_p132;76;4999588.4;4369730.62
132;unknown_p132;77;4999597.86;4369745.92
132;unknown_p132;78;4999563.3;4369782.98
132;unknown_p132;79;4999549.13;4369767.49
132;unknown_p132;80;4999509.73;4369791.22
132;unknown_p132;81;4999438.89;4369838.88
132;unknown_p132;82;4999346.23;4369879.42
132;unknown_p132;83;4999257.04;4369913.09
132;unknown_p132;84;4999236.46;4369916.29
132;unknown_p132;85;4999215.89;4369912.26
132;unknown_p132;86;4999153.23;4369936.9
132;unknown_p132;87;4999063.46;4369968.87
132;unknown_p132;88;4998879.47;4370041.34
132;unknown_p132;89;4998754.75;4370100.11
132;unknown_p132;90;4998655.79;4370147.1
132;unknown_p132;91;4998584.08;4370208.75
132;unknown_p132;92;4998519.09;4370277.54
132;unknown_p132;93;4998466.13;4370353.57
132;unknown_p132;94;4998408.57;4370525.49
132;unknown_p132;95;4998402.99;4370543.58
132;unknown_p132;96;4998389.02;4370594.08
132;unknown_p132;97;4998371.36;4370692.4
132;unknown_p132;98;4998354.93;4370791.0
132;unknown_p132;99;4998341.79;4370890.03
132;unknown_p132;100;4998325.23;4370988.55
132;unknown_p132;101;4998304.98;4371087.66
132;unknown_p132;102;4998244.04;4371282.33
132;unknown_p132;103;4998154.62;4371462.25
132;unknown_p132;104;4998109.58;4371551.02
132;unknown_p132;105;4998060.01;4371637.34
132;unknown_p132;106;4998012.53;4371725.69
132;unknown_p132;107;4997964.94;4371814.07
132;unknown_p132;108;4997917.56;4371902.02
132;unknown_p132;109;4997825.09;4372079.38
132;unknown_p132;110;4997732.38;4372256.75
132;unknown_p132;111;4997606.07;4372488.7
132;unknown_p132;112;4997583.45;4372518.6
132;unknown_p132;113;4997530.81;4372603.85
132;unknown_p132;114;4997480.16;4372689.83
132;unknown_p132;115;4997426.9;4372774.81
133;unknown_p133;116;4997371.71;4372858.21
133;unknown_p133;117;4997347.2;4372897.55
133;unknown_p133;118;4997331.11;4372923.38
133;unknown_p133;119;4997318.67;4372943.35
133;unknown_p133;120;4997287.15;4372996.74
133;unknown_p133;121;4997267.92;4373029.32
133;unknown_p133;122;4997226.85;4373098.85
133;unknown_p133;123;4997222.71;4373100.51
133;unknown_p133;124;4996913.42;4373596.18
133;unknown_p133;125;4996909.94;4373609.39
133;unknown_p133;126;4996900.49;4373622.9
133;unknown_p133;127;4996842.46;4373706.27
133;unknown_p133;128;4996789.26;4373791.52
133;unknown_p133;129;4996731.31;4373874.38
133;unknown_p133;130;4996668.1;4373952.39
133;unknown_p133;131;4996606.3;4374031.24
133;unknown_p133;132;4996546.86;4374111.21
133;unknown_p133;133;4996486.85;4374192.01
133;unknown_p133;134;4996425.49;4374270.45
133;unknown_p133;135;4996414.75;4374287.39
133;unknown_p133;136;4996414.67;4374287.5
133;unknown_p133;137;4996394.39;4374316.17
133;unknown_p133;138;4996366.4;4374361.48
133;unknown_p133;139;4996345.27;4374402.1
133;unknown_p133;140;4996322.0;4374443.27
133;unknown_p133;141;4996267.74;4374528.88
133;unknown_p133;142;4996224.7;4374593.39
133;unknown_p133;143;4996198.09;4374587.73
133;unknown_p133;144;4996186.6;4374578.79
133;unknown_p133;145;4996170.51;4374599.77
133;unknown_p133;146;4996074.48;4374722.16
133;unknown_p133;147;4996067.86;4374730.82
133;unknown_p133;148;4996076.6;4374737.07
133;unknown_p133;149;4995982.31;4374859.28
133;unknown_p133;150;4995887.48;4374981.93
133;unknown_p133;151;4995811.59;4375081.64
133;unknown_p133;152;4995707.49;4375216.61
133;unknown_p133;153;4995501.01;4375455.75
133;unknown_p133;154;4995429.99;4375536.91
133;unknown_p133;155;4995295.86;4375708.98
133;unknown_p133;156;4995129.99;4375919.42
133;unknown_p133;157;4995053.66;4376018.23
133;unknown_p133;158;4994945.14;4376160.3
133;unknown_p133;159;4994758.98;4376401.16
133;unknown_p133;160;4994663.68;4376526.46
133;unknown_p133;161;4994528.67;4376708.21
133;unknown_p133;162;4994417.5;4376858.21
133;unknown_p133;163;4994402.06;4376884.67
133;unknown_p133;164;4994282.93;4377066.0
133;unknown_p133;165;4994217.66;4377167.05
133;unknown_p133;166;4994069.85;4377396.01
134;unknown_p134;167;4993911.99;4377639.86
134;unknown_p134;168;4993878.52;4377642.7
134;unknown_p134;169;4993888.12;4377613.86
134;unknown_p134;170;4993907.95;4377587.52
134;unknown_p134;171;4993921.76;4377568.27
134;unknown_p134;172;4993945.95;4377531.78
134;unknown_p134;173;4993976.91;4377484.56
134;unknown_p134;174;4994008.78;4377436.06
134;unknown_p134;175;4994031.31;4377400.33
134;unknown_p134;176;4994038.72;4377388.55
134;unknown_p134;177;4994052.91;4377364.35
134;unknown_p134;178;4994058.91;4377355.64
134;unknown_p134;179;4994080.49;4377316.91
134;unknown_p134;180;4994107.82;4377264.28
134;unknown_p134;181;4994121.26;4377243.84
134;unknown_p134;182;4994131.06;4377250.23
134;unknown_p134;183;4994124.83;4377259.77
134;unknown_p134;184;4994130.9;4377263.39
134;unknown_p134;185;4994224.76;4377119.26
134;unknown_p134;186;4994233.02;4377124.64
134;unknown_p134;187;4994237.36;4377117.97
134;unknown_p134;188;4994229.11;4377112.59
134;unknown_p134;189;4994266.5;4377055.17
134;unknown_p134;190;4994260.6;4377051.27
134;unknown_p134;191;4994255.45;4377059.16
134;unknown_p134;192;4994244.97;4377052.33
134;unknown_p134;193;4994254.44;4377037.47
134;unknown_p134;194;4994258.39;4377030.63
134;unknown_p134;195;4994279.1;4377009.32
134;unknown_p134;196;4994297.17;4376989.31
134;unknown_p134;197;4994299.55;4376986.41
134;unknown_p134;198;4994311.41;4376969.78
134;unknown_p134;199;4994336.69;4376931.17
134;unknown_p134;200;4994355.21;4376902.32
134;unknown_p134;201;4994409.48;4376818.32
134;unknown_p134;202;4994463.82;4376734.36
134;unknown_p134;203;4994477.35;4376713.52
134;unknown_p134;204;4994495.67;4376685.65
134;unknown_p134;205;4994519.07;4376651.35
134;unknown_p134;206;4994548.02;4376610.55
134;unknown_p134;207;4994577.71;4376570.74
134;unknown_p134;208;4994613.79;4376525.15
134;unknown_p134;209;4994639.68;4376491.97
134;unknown_p134;210;4994650.4;4376477.06
134;unknown_p134;211;4994675.14;4376438.96
134;unknown_p134;212;4994680.33;4376442.23
134;unknown_p134;213;4994719.31;4376388.13
134;unknown_p134;214;4994753.4;4376349.38
134;unknown_p134;215;4994751.79;4376344.98
134;unknown_p134;216;4994777.88;4376314.92
134;unknown_p134;217;4994785.14;4376304.62
135;unknown_p135;218;4994795.33;4376293.36
135;unknown_p135;219;4994813.87;4376271.17
135;unknown_p135;220;4994830.23;4376250.21
135;unknown_p135;221;4994886.18;4376178.32
135;unknown_p135;222;4994947.67;4376099.5
135;unknown_p135;223;4995009.0;4376020.49
135;unknown_p135;224;4995070.89;4375941.96
135;unknown_p135;225;4995132.62;4375863.29
135;unknown_p135;226;4995194.65;4375784.83
135;unknown_p135;227;4995256.51;4375706.3
135;unknown_p135;228;4995317.9;4375627.34
135;unknown_p135;229;4995379.22;4375548.36
135;unknown_p135;230;4995440.77;4375469.54
135;unknown_p135;231;4995502.21;4375390.67
135;unknown_p135;232;4995564.46;4375312.42
135;unknown_p135;233;4995626.43;4375233.86
135;unknown_p135;234;4995688.56;4375155.53
135;unknown_p135;235;4995750.39;4375076.92
135;unknown_p135;236;4995811.76;4374997.97
135;unknown_p135;237;4995873.36;4374919.2
135;unknown_p135;238;4995934.83;4374840.32
135;unknown_p135;239;4995996.53;4374761.63
135;unknown_p135;240;4996057.95;4374682.69
135;unknown_p135;241;4996119.73;4374604.02
135;unknown_p135;242;4996181.17;4374525.18
135;unknown_p135;243;4996243.08;4374446.62
135;unknown_p135;244;4996304.91;4374368.02
135;unknown_p135;245;4996366.79;4374289.51
135;unknown_p135;246;4996428.46;4374210.77
135;unknown_p135;247;4996490.53;4374132.32
135;unknown_p135;248;4996552.46;4374053.85
135;unknown_p135;249;4996613.89;4373974.93
135;unknown_p135;250;4996652.44;4373925.52
135;unknown_p135;251;4996675.43;4373896.02
135;unknown_p135;252;4996714.34;4373843.06
135;unknown_p135;253;4996733.9;4373814.01
135;unknown_p135;254;4996770.81;4373755.62
135;unknown_p135;255;4996787.11;4373729.07
135;unknown_p135;256;4996839.68;4373644.0
135;unknown_p135;257;4996892.48;4373559.11
135;unknown_p135;258;4996945.57;4373474.35
135;unknown_p135;259;4996998.57;4373389.54
135;unknown_p135;260;4997051.79;4373304.87
135;unknown_p135;261;4997104.74;4373220.04
135;unknown_p135;262;4997157.61;4373135.16
135;unknown_p135;263;4997210.28;4373050.17
135;unknown_p135;264;4997235.88;4373009.01
135;unknown_p135;265;4997251.53;4372984.57
135;unknown_p135;266;4997292.66;4372923.94
135;unknown_p135;267;4997310.2;4372897.53
135;unknown_p135;268;4997313.95;4372891.34
136;unknown_p136;269;4997349.83;4372831.8
136;unknown_p136;270;4997396.01;4372757.89
136;unknown_p136;271;4997450.01;4372672.02
136;unknown_p136;272;4997464.21;4372649.5
136;unknown_p136;273;4997504.8;4372585.68
136;unknown_p136;274;4997514.83;4372569.17
136;unknown_p136;275;4997530.46;4372543.4
136;unknown_p136;276;4997552.08;4372508.65
136;unknown_p136;277;4997573.14;4372474.26
136;unknown_p136;278;4997588.69;4372449.72
136;unknown_p136;279;4997608.1;4372417.83
136;unknown_p136;280;4997623.43;4372390.2
136;unknown_p136;281;4997639.28;4372362.11
136;unknown_p136;282;4997657.13;4372329.76
136;unknown_p136;283;4997679.84;4372287.07
136;unknown_p136;284;4997702.99;4372243.78
136;unknown_p136;285;4997732.32;4372189.11
136;unknown_p136;286;4997782.07;4372096.43
136;unknown_p136;287;4997815.92;4372031.95
136;unknown_p136;288;4997848.94;4371968.68
136;unknown_p136;289;4997875.71;4371919.8
136;unknown_p136;290;4997918.13;4371842.67
136;unknown_p136;291;4997937.55;4371807.13
136;unknown_p136;292;4997950.29;4371783.36
136;unknown_p136;293;4997965.05;4371756.08
136;unknown_p136;294;4997962.05;4371754.43
136;unknown_p136;295;4997979.85;4371720.97
136;unknown_p136;296;4998002.63;4371678.72
136;unknown_p136;297;4998033.81;4371620.89
136;unknown_p136;298;4998069.96;4371554.02
136;unknown_p136;299;4998072.82;4371555.52
136;unknown_p136;300;4998109.12;4371490.81
136;unknown_p136;301;4998097.06;4371484.29
136;unknown_p136;302;4998120.92;4371439.9
136;unknown_p136;303;4998168.07;4371351.93
136;unknown_p136;304;4998210.01;4371262.79
136;unknown_p136;305;4998239.66;4371177.0
136;unknown_p136;306;4998263.78;4371074.55
136;unknown_p136;307;4998282.43;4370977.61
136;unknown_p136;308;4998300.74;4370879.68
136;unknown_p136;309;4998314.11;4370780.51
136;unknown_p136;310;4998330.44;4370681.89
136;unknown_p136;311;4998351.89;4370583.85
136;unknown_p136;312;4998356.94;4370529.52
136;unknown_p136;313;4998429.56;4370338.67
136;unknown_p136;314;4998483.77;4370250.86
136;unknown_p136;315;4998539.98;4370197.49
136;unknown_p136;316;4998572.83;4370166.3
136;unknown_p136;317;4998632.48;4370110.2
136;unknown_p136;318;4998734.97;4370054.49
136;unknown_p136;319;4998937.92;4369976.52
137;unknown_p137;320;4998987.51;4369958.02
137;unknown_p137;321;4999016.63;4369946.29
137;unknown_p137;322;4999090.6;4369919.3
137;unknown_p137;323;4999116.43;4369909.91
137;unknown_p137;324;4999218.02;4369875.21
137;unknown_p137;325;4999228.02;4369870.5
137;unknown_p137;326;4999238.76;4369864.44
137;unknown_p137;327;4999346.95;4369823.72
137;unknown_p137;328;4999364.05;4369817.03
137;unknown_p137;329;4999410.96;4369799.73
137;unknown_p137;330;4999430.41;4369791.12
137;unknown_p137;331;4999433.93;4369795.55
137;unknown_p137;332;4999463.83;4369779.58
137;unknown_p137;333;4999502.37;4369760.86
137;unknown_p137;334;4999531.28;4369743.67
137;unknown_p137;335;4999581.87;4369708.23
137;unknown_p137;336;4999628.94;4369664.7
137;unknown_p137;337;4999667.39;4369626.07
137;unknown_p137;338;4999682.92;4369603.21
137;unknown_p137;339;4999687.75;4369586.73
137;unknown_p137;340;4999672.64;4369569.17
137;unknown_p137;341;4999718.63;4369505.93
137;unknown_p137;342;4999740.25;4369470.45
137;unknown_p137;343;4999769.67;4369410.7
137;unknown_p137;344;4999774.94;4369399.61
137;unknown_p137;345;4999789.52;4369364.3
137;unknown_p137;346;4999757.85;4369358.0
137;unknown_p137;347;4999759.43;4369325.51
137;unknown_p137;348;4999754.68;4369320.03
137;unknown_p137;349;4999755.0;4369318.05
137;unknown_p137;350;4999761.13;4369280.11
137;unknown_p137;351;4999767.22;4369251.45
137;unknown_p137;352;4999733.83;4369245.9
137;unknown_p137;353;4999733.36;4369245.82
137;unknown_p137;354;4999732.2;4369252.83
137;unknown_p137;355;4999713.19;4369249.36
137;unknown_p137;356;4999712.29;4369239.88
137;unknown_p137;357;4999722.67;4369240.46
137;unknown_p137;358;4999734.5;4369180.55
137;unknown_p137;359;4999735.03;4369180.6
137;unknown_p137;360;4999737.11;4369170.36
137;unknown_p137;361;4999738.72;4369162.47
137;unknown_p137;362;4999743.96;4369133.97
137;unknown_p137;363;4999746.83;4369120.27
137;unknown_p137;364;4999766.04;4369025.06
137;unknown_p137;365;4999766.14;4369024.54
137;unknown_p137;366;4999796.66;4368879.08
137;unknown_p137;367;4999821.74;4368878.0
137;unknown_p137;368;4999851.63;4368735.44
137;unknown_p137;369;4999859.6;4368698.75
137;unknown_p137;370;4999865.81;4368670.94
138;unknown_p138;371;4999878.85;4368605.37
138;unknown_p138;372;4999899.8;4368609.89
138;unknown_p138;373;4999901.13;4368604.14
138;unknown_p138;374;4999902.01;4368600.43
138;unknown_p138;375;4999918.13;4368524.54
138;unknown_p138;376;4999915.81;4368515.73
138;unknown_p138;377;4999908.28;4368505.99
138;unknown_p138;378;4999953.4;4368513.95
138;unknown_p138;379;4999967.48;4368517.0
138;unknown_p138;380;4999967.92;4368514.69
138;unknown_p138;381;4999973.48;4368489.13
138;unknown_p138;382;4999977.18;4368471.11
138;unknown_p138;383;4999979.87;4368458.64
138;unknown_p138;384;4999975.74;4368439.65
138;unknown_p138;385;4999967.45;4368393.35
138;unknown_p138;386;4999966.86;4368369.4
138;unknown_p138;387;4999970.11;4368342.14
138;unknown_p138;388;4999990.18;4368210.05
138;unknown_p138;389;4999991.73;4368199.85
138;unknown_p138;390;4999997.9;4368201.2
138;unknown_p138;391;5000024.88;4368187.95
138;unknown_p138;392;5000025.5;4368180.84
138;unknown_p138;393;5000026.51;4368170.9
138;unknown_p138;394;5000035.25;4368160.85
138;unknown_p138;395;5000036.97;4368155.37
138;unknown_p138;396;5000042.9;4368152.3
138;unknown_p138;397;5000056.98;4368121.07
138;unknown_p138;398;5000052.34;4368087.13
138;unknown_p138;399;5000041.76;4368042.77
138;unknown_p138;400;5000016.8;4367984.09
138;unknown_p138;401;4999990.79;4367935.58
138;unknown_p138;402;4999956.81;4367893.43
138;unknown_p138;403;4999927.93;4367859.02
138;unknown_p138;404;4999833.3;4367784.24
138;unknown_p138;405;4999836.39;4367778.07
138;unknown_p138;406;4999828.94;4367773.8
138;unknown_p138;407;4999823.34;4367770.69
138;unknown_p138;408;4999812.44;4367764.56
138;unknown_p138;409;4999792.82;4367755.76
138;unknown_p138;410;4999780.66;4367751.66
138;unknown_p138;411;4999779.03;4367755.35
138;unknown_p138;412;4999772.58;4367776.79
138;unknown_p138;413;4999754.98;4367772.33
138;unknown_p138;414;4999737.56;4367768.6
138;unknown_p138;415;4999684.84;4367755.8
138;unknown_p138;416;4999690.62;4367733.9
138;unknown_p138;417;4999714.22;4367735.56
138;unknown_p138;418;4999715.03;4367729.98
138;unknown_p138;419;4999678.55;4367724.64
138;unknown_p138;420;4999678.16;4367727.44
138;unknown_p138;421;4999660.57;4367725.78
139;unknown_p139;422;4999660.76;4367723.74
139;unknown_p139;423;4999655.49;4367722.52
139;unknown_p139;424;4999644.69;4367721.69
139;unknown_p139;425;4999644.54;4367726.78
139;unknown_p139;426;4999635.89;4367725.65
139;unknown_p139;427;4999615.69;4367725.88
139;unknown_p139;428;4999612.08;4367725.87
139;unknown_p139;429;4999608.48;4367725.85
139;unknown_p139;430;4999604.4;4367725.83
139;unknown_p139;431;4999602.95;4367725.83
139;unknown_p139;432;4999598.18;4367726.25
139;unknown_p139;433;4999579.64;4367728.36
139;unknown_p139;434;4999563.9;4367730.15
139;unknown_p139;435;4999559.91;4367730.61
139;unknown_p139;436;4999541.77;4367732.68
139;unknown_p139;437;4999541.92;4367734.26
139;unknown_p139;438;4999535.44;4367734.89
139;unknown_p139;439;4999536.57;4367747.75
139;unknown_p139;440;4999533.89;4367748.25
139;unknown_p139;441;4999520.75;4367749.4
139;unknown_p139;442;4999518.22;4367750.28
139;unknown_p139;443;4999467.06;4367768.13
139;unknown_p139;444;4999427.59;4367787.18
139;unknown_p139;445;4999415.69;4367792.92
139;unknown_p139;446;4999407.83;4367794.76
139;unknown_p139;447;4999360.64;4367845.74
139;unknown_p139;448;4999332.78;4367860.14
139;unknown_p139;449;4999327.99;4367851.97
139;unknown_p139;450;4999295.68;4367865.81
139;unknown_p139;451;4999286.21;4367869.32
139;unknown_p139;452;4999255.7;4367880.62
139;unknown_p139;453;4999238.72;4367889.84
139;unknown_p139;454;4999171.7;4367926.44
139;unknown_p139;455;4999133.04;4367947.04
139;unknown_p139;456;4999095.09;4367961.02
139;unknown_p139;457;4999034.48;4367982.52
139;unknown_p139;458;4999023.52;4367985.23
139;unknown_p139;459;4999015.73;4367985.47
139;unknown_p139;460;4998966.1;4367981.66
139;unknown_p139;461;4998906.56;4367975.22
139;unknown_p139;462;4998902.78;4367974.58
139;unknown_p139;463;4998895.74;4367973.15
139;unknown_p139;464;4998888.14;4367971.21
139;unknown_p139;465;4998882.15;4367969.74
139;unknown_p139;466;4998875.07;4367966.8
139;unknown_p139;467;4998825.09;4367948.44
139;unknown_p139;468;4998790.72;4367935.81
139;unknown_p139;469;4998774.17;4367928.63
139;unknown_p139;470;4998750.51;4367918.29
139;unknown_p139;471;4998740.93;4367913.9
139;unknown_p139;472;4998736.98;4367911.21
140;unknown_p140;473;4998732.19;4367907.07
140;unknown_p140;474;4998714.14;4367888.97
140;unknown_p140;475;4998688.72;4367862.67
140;unknown_p140;476;4998660.5;4367833.45
140;unknown_p140;477;4998633.27;4367804.01
140;unknown_p140;478;4998614.46;4367782.31
140;unknown_p140;479;4998599.24;4367763.27
140;unknown_p140;480;4998596.81;4367759.61
140;unknown_p140;481;4998592.1;4367752.56
140;unknown_p140;482;4998571.94;4367722.24
140;unknown_p140;483;4998569.5;4367718.58
140;unknown_p140;484;4998573.91;4367715.2
140;unknown_p140;485;4998552.38;4367677.47
140;unknown_p140;486;4998537.49;4367653.82
140;unknown_p140;487;4998514.35;4367614.06
140;unknown_p140;488;4998503.52;4367589.39
140;unknown_p140;489;4998495.01;4367568.13
140;unknown_p140;490;4998489.54;4367551.62
140;unknown_p140;491;4998479.33;4367518.07
140;unknown_p140;492;4998479.7;4367517.63
140;unknown_p140;493;4998478.91;4367514.52
140;unknown_p140;494;4998476.2;4367502.34
140;unknown_p140;495;4998465.59;4367454.71
140;unknown_p140;496;4998464.11;4367447.99
140;unknown_p140;497;4998465.35;4367447.68
140;unknown_p140;498;4998457.36;4367412.16
140;unknown_p140;499;4998445.38;4367415.05
140;unknown_p140;500;4998440.77;4367416.17
140;unknown_p140;501;4998441.82;4367420.25
140;unknown_p140;502;4998436.18;4367421.71
140;unknown_p140;503;4998433.78;4367411.97
140;unknown_p140;504;4998432.08;4367404.77
140;unknown_p140;505;4998436.78;4367403.76
140;unknown_p140;506;4998451.21;4367400.42
140;unknown_p140;507;4998442.25;4367362.53
140;unknown_p140;508;4998427.77;4367365.7
140;unknown_p140;509;4998423.09;4367366.83
140;unknown_p140;510;4998420.63;4367356.45
140;unknown_p140;511;4998419.44;4367351.43
140;unknown_p140;512;4998418.15;4367346.04
140;unknown_p140;513;4998416.24;4367338.18
140;unknown_p140;514;4998408.3;4367304.86
140;unknown_p140;515;4998396.2;4367307.55
140;unknown_p140;516;4998382.28;4367247.13
140;unknown_p140;517;4998351.72;4367253.91
140;unknown_p140;518;4998340.1;4367205.24
140;unknown_p140;519;4998348.71;4367203.08
140;unknown_p140;520;4998340.09;4367166.16
140;unknown_p140;521;4998350.5;4367163.18
140;unknown_p140;522;4998348.08;4367151.82
140;unknown_p140;523;4998367.73;4367147.88
141;unknown_p141;524;4998366.08;4367141.32
141;unknown_p141;525;4998375.78;4367138.98
141;unknown_p141;526;4998367.4;4367108.65
141;unknown_p141;527;4998363.22;4367093.51
141;unknown_p141;528;4998381.41;4367089.64
141;unknown_p141;529;4998376.89;4367083.03
141;unknown_p141;530;4998327.47;4366837.28
141;unknown_p141;531;4998345.48;4366833.15
141;unknown_p141;532;4998346.25;4366833.92
141;unknown_p141;533;4998371.07;4366937.43
141;unknown_p141;534;4998387.98;4366933.78
141;unknown_p141;535;4998402.4;4366930.67
141;unknown_p141;536;4998407.04;4366940.11
141;unknown_p141;537;4998416.4;4366979.5
141;unknown_p141;538;4998433.16;4366983.11
141;unknown_p141;539;4998448.8;4366986.76
141;unknown_p141;540;4998462.6;4366998.3
141;unknown_p141;541;4998513.43;4367217.24
141;unknown_p141;542;4998538.99;4367323.74
141;unknown_p141;543;4998558.03;4367403.41
141;unknown_p141;544;4998567.51;4367444.76
141;unknown_p141;545;4998572.93;4367465.94
141;unknown_p141;546;4998595.46;4367545.16
141;unknown_p141;547;4998632.48;4367677.32
141;unknown_p141;548;4998650.99;4367742.52
141;unknown_p141;549;4998646.67;4367744.17
141;unknown_p141;550;4998664.18;4367775.4
141;unknown_p141;551;4998689.73;4367810.1
141;unknown_p141;552;4998717.52;4367839.28
141;unknown_p141;553;4998737.96;4367856.55
141;unknown_p141;554;4998748.83;4367862.2
141;unknown_p141;555;4998839.8;4367908.88
141;unknown_p141;556;4998853.82;4367915.6
141;unknown_p141;557;4998874.53;4367921.92
141;unknown_p141;558;4998933.98;4367931.14
141;unknown_p141;559;4998950.14;4367932.17
141;unknown_p141;560;4998997.29;4367936.95
141;unknown_p141;561;4999032.13;4367934.69
141;unknown_p141;562;4999079.33;4367925.71
141;unknown_p141;563;4999091.56;4367924.58
141;unknown_p141;564;4999139.43;4367906.95
141;unknown_p141;565;4999424.98;4367750.64
141;unknown_p141;566;4999454.6;4367733.93
141;unknown_p141;567;4999513.97;4367713.02
141;unknown_p141;568;4999514.59;4367719.39
141;unknown_p141;569;4999537.77;4367711.59
141;unknown_p141;570;4999537.34;4367706.02
141;unknown_p141;571;4999557.43;4367704.44
141;unknown_p141;572;4999601.15;4367695.36
141;unknown_p141;573;4999636.64;4367693.8
141;unknown_p141;574;4999675.22;4367696.07
142;unknown_p142;575;4999708.28;4367699.81
142;unknown_p142;576;4999831.61;4367733.46
142;unknown_p142;577;4999900.11;4367776.95
142;unknown_p142;578;4999937.93;4367814.62
142;unknown_p142;579;4999940.02;4367812.66
142;unknown_p142;580;4999968.63;4367840.99
142;unknown_p142;581;4999981.59;4367855.14
142;unknown_p142;582;4999997.01;4367874.05
142;unknown_p142;583;5000003.55;4367883.07
142;unknown_p142;584;5000016.21;4367901.85
142;unknown_p142;585;5000028.88;4367925.66
142;unknown_p142;586;5000049.58;4367970.05
142;unknown_p142;587;5000064.25;4368001.33
142;unknown_p142;588;5000072.14;4368020.31
142;unknown_p142;589;5000076.68;4368034.3
142;unknown_p142;590;5000079.05;4368044.71
142;unknown_p142;591;5000082.27;4368067.01
142;unknown_p142;592;5000083.32;4368082.92
142;unknown_p142;593;5000083.4;4368104.37
142;unknown_p142;594;5000079.95;4368142.06
142;unknown_p142;595;5000077.51;4368164.28
142;unknown_p142;596;5000070.3;4368212.49
142;unknown_p142;597;5000062.38;4368273.35
142;unknown_p142;598;5000057.71;4368298.6
142;unknown_p142;599;5000064.21;4368300.01
142;unknown_p142;600;5000057.03;4368388.53
142;unknown_p142;1;5000054.48;4368460.01
142;unknown_p142;1;4999962.75;4369069.88
142;unknown_p142;2;4999960.55;4369073.97
142;unknown_p142;3;4999956.73;4369071.79
142;unknown_p142;4;4999951.64;4369068.76
142;unknown_p142;5;4999946.12;4369065.54
142;unknown_p142;6;4999960.74;4369039.58
142;unknown_p142;7;5000002.24;4368955.24
142;unknown_p142;8;5000003.29;4368948.83
142;unknown_p142;9;5000020.88;4368950.24
142;unknown_p142;10;5000020.56;4368955.28
142;unknown_p142;11;5000022.87;4368954.54
142;unknown_p142;12;5000024.93;4368961.66
142;unknown_p142;13;5000028.27;4368973.7
142;unknown_p142;14;5000034.29;4368992.65
142;unknown_p142;15;5000037.57;4368999.71
142;unknown_p142;16;5000054.25;4369035.63
142;unknown_p142;17;5000054.92;4369035.67
142;unknown_p142;18;5000058.88;4369039.26
142;unknown_p142;19;5000062.24;4369045.28
142;unknown_p142;20;5000063.58;4369047.72
142;unknown_p142;21;5000068.23;4369056.19
142;unknown_p142;22;5000068.83;4369057.62
142;unknown_p142;23;5000068.96;4369065.24
143;unknown_p143;24;5000054.33;4369063.46
143;unknown_p143;25;5000043.82;4369062.5
143;unknown_p143;26;5000040.77;4369062.4
143;unknown_p143;27;5000025.81;4369062.62
143;unknown_p143;28;5000016.23;4369063.48
143;unknown_p143;29;5000011.3;4369063.92
143;unknown_p143;30;4999999.48;4369065.85
143;unknown_p143;31;4999988.47;4369068.53
143;unknown_p143;32;4999985.22;4369069.32
143;unknown_p143;33;4999969.84;4369074.18
143;unknown_p143;1;4999962.75;4369069.88
143;unknown_p143;1;4994195.92;4377119.06
143;unknown_p143;2;4994199.85;4377121.57
143;unknown_p143;3;4994191.88;4377133.82
143;unknown_p143;4;4994184.86;4377132.78
143;unknown_p143;5;4994174.35;4377125.52
143;unknown_p143;6;4994173.08;4377124.35
143;unknown_p143;7;4994182.16;4377110.11
143;unknown_p143;8;4994194.0;4377117.66
143;unknown_p143;9;4994194.99;4377116.1
143;unknown_p143;10;4994196.99;4377117.37
143;unknown_p143;1;4994195.92;4377119.06
143;unknown_p143;1;4999852.69;4368589.37
143;unknown_p143;2;4999841.31;4368647.88
143;unknown_p143;3;4999842.2;4368648.05
143;unknown_p143;4;4999841.75;4368650.45
143;unknown_p143;5;4999840.9;4368650.3
143;unknown_p143;6;4999836.96;4368669.0
143;unknown_p143;7;4999804.72;4368670.57
143;unknown_p143;8;4999806.08;4368647.34
143;unknown_p143;9;4999793.08;4368632.57
143;unknown_p143;10;4999799.35;4368599.96
143;unknown_p143;11;4999799.48;4368599.29
143;unknown_p143;12;4999803.88;4368581.01
143;unknown_p143;13;4999809.86;4368581.86
143;unknown_p143;14;4999832.79;4368585.17
143;unknown_p143;1;4999852.69;4368589.37
143;unknown_p143;1;4999946.15;4368307.17
143;unknown_p143;2;4999939.19;4368353.53
143;unknown_p143;3;4999916.48;4368349.71
143;unknown_p143;4;4999911.22;4368353.03
143;unknown_p143;5;4999901.8;4368352.71
143;unknown_p143;6;4999895.47;4368351.84
143;unknown_p143;7;4999891.87;4368351.26
143;unknown_p143;8;4999893.25;4368342.63
143;unknown_p143;9;4999888.61;4368341.87
143;unknown_p143;10;4999886.32;4368339.84
143;unknown_p143;11;4999884.99;4368335.68
144;unknown_p144;12;4999888.36;4368317.63
144;unknown_p144;13;4999890.08;4368313.96
144;unknown_p144;14;4999890.68;4368309.87
144;unknown_p144;15;4999896.56;4368310.67
144;unknown_p144;16;4999898.1;4368299.75
144;unknown_p144;17;4999900.12;4368300.07
144;unknown_p144;1;4999946.15;4368307.17
144;unknown_p144;1;4997565.67;4372833.2
144;unknown_p144;2;4997555.86;4372847.33
144;unknown_p144;3;4997542.24;4372837.87
144;unknown_p144;4;4997552.0;4372823.71
144;unknown_p144;5;4997554.78;4372825.64
144;unknown_p144;1;4997565.67;4372833.2
144;unknown_p144;1;4997533.27;4372885.74
144;unknown_p144;2;4997521.6;4372902.5
144;unknown_p144;3;4997507.48;4372888.38
144;unknown_p144;4;4997521.69;4372874.17
144;unknown_p144;1;4997533.27;4372885.74
144;unknown_p144;1;4997430.88;4373025.99
144;unknown_p144;2;4997422.67;4373037.35
144;unknown_p144;3;4997411.3;4373029.13
144;unknown_p144;4;4997419.52;4373017.77
144;unknown_p144;1;4997430.88;4373025.99
144;unknown_p144;1;4997305.29;4373175.81
144;unknown_p144;2;4997316.65;4373184.02
144;unknown_p144;3;4997308.43;4373195.39
144;unknown_p144;4;4997297.07;4373187.17
144;unknown_p144;1;4997305.29;4373175.81
144;unknown_p144;1;4997217.06;4373321.8
144;unknown_p144;2;4997208.85;4373333.16
144;unknown_p144;3;4997197.49;4373324.95
144;unknown_p144;4;4997205.7;4373313.59
144;unknown_p144;1;4997217.06;4373321.8
145;unknown_p145;1;4997097.32;4373463.52
145;unknown_p145;2;4997108.69;4373471.73
145;unknown_p145;3;4997100.47;4373483.1
145;unknown_p145;4;4997089.11;4373474.88
145;unknown_p145;1;4997097.32;4373463.52
145;unknown_p145;1;4997057.19;4373606.74
145;unknown_p145;2;4997065.72;4373608.64
145;unknown_p145;3;4997062.31;4373623.96
145;unknown_p145;4;4997047.67;4373620.7
145;unknown_p145;5;4997051.78;4373614.02
145;unknown_p145;1;4997057.19;4373606.74
145;unknown_p145;1;4997017.22;4373577.52
145;unknown_p145;2;4997007.28;4373592.29
145;unknown_p145;3;4996993.72;4373583.16
145;unknown_p145;4;4996992.51;4373582.35
145;unknown_p145;5;4997002.45;4373567.58
145;unknown_p145;6;4997003.62;4373568.37
145;unknown_p145;1;4997017.22;4373577.52
145;unknown_p145;1;4996909.51;4373747.29
145;unknown_p145;2;4996901.3;4373758.65
145;unknown_p145;3;4996889.94;4373750.44
145;unknown_p145;4;4996898.15;4373739.07
145;unknown_p145;1;4996909.51;4373747.29
145;unknown_p145;1;4996798.21;4373901.27
145;unknown_p145;2;4996790.0;4373912.64
145;unknown_p145;3;4996778.63;4373904.42
145;unknown_p145;4;4996786.85;4373893.06
145;unknown_p145;1;4996798.21;4373901.27
145;unknown_p145;1;4996132.64;4374820.64
145;unknown_p145;2;4996124.46;4374832.03
145;unknown_p145;3;4996113.74;4374824.28
145;unknown_p145;4;4996120.42;4374815.05
145;unknown_p145;5;4996122.1;4374813.03
145;unknown_p145;1;4996132.64;4374820.64
145;unknown_p145;1;4996031.91;4374932.75
145;unknown_p145;2;4996045.15;4374942.48
145;unknown_p145;3;4996033.6;4374958.57
146;unknown_p146;4;4996020.17;4374948.69
146;unknown_p146;1;4996031.91;4374932.75
146;unknown_p146;1;4995974.18;4375014.39
146;unknown_p146;2;4995985.38;4375022.82
146;unknown_p146;3;4995976.95;4375034.02
146;unknown_p146;4;4995965.75;4375025.59
146;unknown_p146;1;4995974.18;4375014.39
146;unknown_p146;1;4995934.27;4375095.33
146;unknown_p146;2;4995922.54;4375111.28
146;unknown_p146;3;4995906.59;4375099.55
146;unknown_p146;4;4995918.32;4375083.6
146;unknown_p146;1;4995934.27;4375095.33
146;unknown_p146;1;4995878.6;4375096.61
146;unknown_p146;2;4995890.57;4375105.65
146;unknown_p146;3;4995877.59;4375122.84
146;unknown_p146;4;4995865.62;4375113.8
146;unknown_p146;1;4995878.6;4375096.61
146;unknown_p146;1;4998368.27;4369757.12
146;unknown_p146;2;4998369.11;4369756.99
146;unknown_p146;3;4998369.96;4369765.43
146;unknown_p146;4;4998370.43;4369771.37
146;unknown_p146;5;4998371.19;4369779.49
146;unknown_p146;6;4998371.87;4369788.1
146;unknown_p146;7;4998374.15;4369817.26
146;unknown_p146;8;4998374.1;4369817.99
146;unknown_p146;9;4998374.16;4369818.44
146;unknown_p146;10;4998375.3;4369819.49
146;unknown_p146;11;4998373.22;4369821.09
146;unknown_p146;1;4998368.27;4369757.12
146;unknown_p146;1;4998456.98;4369839.24
146;unknown_p146;2;4998453.62;4369840.32
146;unknown_p146;3;4998448.57;4369844.19
146;unknown_p146;4;4998445.08;4369848.24
146;unknown_p146;5;4998442.67;4369846.13
146;unknown_p146;6;4998440.32;4369848.73
147;unknown_p147;7;4998442.74;4369850.83
147;unknown_p147;8;4998429.75;4369865.65
147;unknown_p147;9;4998423.79;4369869.23
147;unknown_p147;10;4998418.29;4369878.49
147;unknown_p147;11;4998417.95;4369879.06
147;unknown_p147;12;4998390.44;4369910.3
147;unknown_p147;13;4998387.55;4369914.2
147;unknown_p147;14;4998386.29;4369916.74
147;unknown_p147;15;4998383.2;4369912.73
147;unknown_p147;16;4998361.82;4369936.13
147;unknown_p147;17;4998354.87;4369944.98
147;unknown_p147;18;4998353.23;4369947.69
147;unknown_p147;19;4998347.14;4369956.15
147;unknown_p147;20;4998345.82;4369958.45
147;unknown_p147;21;4998344.56;4369960.86
147;unknown_p147;22;4998342.79;4369964.48
147;unknown_p147;23;4998340.99;4369980.02
147;unknown_p147;24;4998343.16;4369980.52
147;unknown_p147;25;4998341.58;4369987.34
147;unknown_p147;26;4998340.36;4369987.06
147;unknown_p147;27;4998339.7;4369993.32
147;unknown_p147;28;4998336.74;4370023.44
147;unknown_p147;29;4998330.52;4370069.66
147;unknown_p147;30;4998329.23;4370069.53
147;unknown_p147;31;4998325.84;4370084.71
147;unknown_p147;32;4998321.8;4370121.99
147;unknown_p147;33;4998323.78;4370138.77
147;unknown_p147;34;4998318.53;4370185.84
147;unknown_p147;35;4998316.9;4370201.0
147;unknown_p147;36;4998311.43;4370200.41
147;unknown_p147;37;4998305.83;4370250.64
147;unknown_p147;38;4998304.86;4370259.57
147;unknown_p147;39;4998310.48;4370260.24
147;unknown_p147;40;4998309.14;4370270.96
147;unknown_p147;41;4998303.69;4370270.38
147;unknown_p147;42;4998302.11;4370285.01
147;unknown_p147;43;4998300.24;4370302.22
147;unknown_p147;44;4998299.4;4370309.99
147;unknown_p147;45;4998303.01;4370313.77
147;unknown_p147;46;4998301.48;4370321.1
147;unknown_p147;47;4998290.38;4370413.92
147;unknown_p147;48;4998284.9;4370442.52
147;unknown_p147;49;4998277.86;4370480.34
147;unknown_p147;50;4998278.98;4370494.01
147;unknown_p147;51;4998275.39;4370512.23
147;unknown_p147;52;4998267.96;4370535.49
147;unknown_p147;53;4998216.64;4370776.88
147;unknown_p147;54;4998208.36;4370816.15
147;unknown_p147;55;4998208.2;4370826.71
147;unknown_p147;56;4998203.88;4370846.99
147;unknown_p147;57;4998196.59;4370870.28
148;unknown_p148;58;4998164.66;4371020.6
148;unknown_p148;59;4998151.63;4371084.12
148;unknown_p148;60;4998147.1;4371083.27
148;unknown_p148;61;4998137.63;4371126.38
148;unknown_p148;62;4998127.22;4371167.67
148;unknown_p148;63;4998121.72;4371184.45
148;unknown_p148;64;4998115.42;4371206.64
148;unknown_p148;65;4998098.58;4371247.17
148;unknown_p148;66;4998090.31;4371263.8
148;unknown_p148;67;4998084.18;4371278.06
148;unknown_p148;68;4998069.44;4371310.62
148;unknown_p148;69;4998062.09;4371307.3
148;unknown_p148;70;4998060.73;4371306.68
148;unknown_p148;71;4998017.34;4371401.45
148;unknown_p148;72;4998018.72;4371402.02
148;unknown_p148;73;4998000.43;4371441.96
148;unknown_p148;74;4998002.27;4371445.51
148;unknown_p148;75;4998024.34;4371455.55
148;unknown_p148;76;4998039.19;4371461.57
148;unknown_p148;77;4998037.31;4371466.11
148;unknown_p148;78;4998076.77;4371481.23
148;unknown_p148;79;4998070.19;4371496.99
148;unknown_p148;80;4998048.49;4371487.96
148;unknown_p148;81;4998038.02;4371484.49
148;unknown_p148;82;4998036.54;4371485.6
148;unknown_p148;83;4998035.69;4371487.27
148;unknown_p148;84;4998031.17;4371498.69
148;unknown_p148;85;4998021.86;4371521.36
148;unknown_p148;86;4998018.18;4371530.35
148;unknown_p148;87;4998018.03;4371530.31
148;unknown_p148;88;4998009.44;4371550.79
148;unknown_p148;89;4997986.46;4371605.59
148;unknown_p148;90;4997987.19;4371607.17
148;unknown_p148;91;4997989.49;4371609.01
148;unknown_p148;92;4997987.03;4371611.21
148;unknown_p148;93;4997981.97;4371622.02
148;unknown_p148;94;4997981.2;4371621.6
148;unknown_p148;95;4997978.74;4371620.76
148;unknown_p148;96;4997977.15;4371620.47
148;unknown_p148;97;4997974.17;4371627.48
148;unknown_p148;98;4997969.42;4371625.28
148;unknown_p148;99;4997967.07;4371624.19
148;unknown_p148;100;4997969.45;4371625.18
148;unknown_p148;101;4998036.39;4371465.76
148;unknown_p148;102;4998017.88;4371458.11
148;unknown_p148;103;4997995.61;4371448.91
148;unknown_p148;104;4997989.2;4371462.9
148;unknown_p148;105;4997982.4;4371477.77
148;unknown_p148;106;4997970.78;4371472.48
148;unknown_p148;107;4998021.63;4371361.43
148;unknown_p148;108;4998025.59;4371352.19
149;unknown_p149;109;4998064.86;4371266.42
149;unknown_p149;110;4998069.35;4371256.63
149;unknown_p149;111;4998070.62;4371246.56
149;unknown_p149;112;4998073.67;4371239.76
149;unknown_p149;113;4998071.38;4371238.74
149;unknown_p149;114;4998073.43;4371234.17
149;unknown_p149;115;4998075.71;4371235.19
149;unknown_p149;116;4998078.76;4371228.39
149;unknown_p149;117;4998086.26;4371215.98
149;unknown_p149;118;4998089.52;4371213.02
149;unknown_p149;119;4998098.95;4371188.97
149;unknown_p149;120;4998096.29;4371187.92
149;unknown_p149;121;4998108.9;4371153.2
149;unknown_p149;122;4998111.98;4371154.22
149;unknown_p149;123;4998116.81;4371139.35
149;unknown_p149;124;4998116.26;4371125.37
149;unknown_p149;125;4998127.79;4371078.96
149;unknown_p149;126;4998122.76;4371077.81
149;unknown_p149;127;4998129.53;4371045.63
149;unknown_p149;128;4998132.81;4371031.64
149;unknown_p149;129;4998143.27;4370982.55
149;unknown_p149;130;4998150.66;4370967.57
149;unknown_p149;131;4998156.64;4370940.35
149;unknown_p149;132;4998154.09;4370924.84
149;unknown_p149;133;4998156.13;4370916.42
149;unknown_p149;134;4998168.35;4370886.42
149;unknown_p149;135;4998242.09;4370541.58
149;unknown_p149;136;4998240.23;4370522.78
149;unknown_p149;137;4998241.36;4370517.52
149;unknown_p149;138;4998252.12;4370487.11
149;unknown_p149;139;4998253.06;4370482.52
149;unknown_p149;140;4998257.73;4370459.13
149;unknown_p149;141;4998262.6;4370432.8
149;unknown_p149;142;4998264.16;4370423.8
149;unknown_p149;143;4998267.03;4370405.5
149;unknown_p149;144;4998269.77;4370386.39
149;unknown_p149;145;4998274.02;4370352.66
149;unknown_p149;146;4998276.85;4370327.64
149;unknown_p149;147;4998279.13;4370306.79
149;unknown_p149;148;4998288.0;4370223.69
149;unknown_p149;149;4998283.48;4370218.44
149;unknown_p149;150;4998282.59;4370210.54
149;unknown_p149;151;4998287.06;4370209.33
149;unknown_p149;152;4998293.55;4370209.22
149;unknown_p149;153;4998294.81;4370207.79
149;unknown_p149;154;4998298.48;4370176.94
149;unknown_p149;155;4998301.31;4370155.35
149;unknown_p149;156;4998301.78;4370150.64
149;unknown_p149;157;4998302.82;4370143.79
149;unknown_p149;158;4998305.76;4370117.01
149;unknown_p149;159;4998306.76;4370110.57
150;unknown_p150;160;4998306.96;4370108.44
150;unknown_p150;161;4998308.6;4370093.31
150;unknown_p150;162;4998306.61;4370093.05
150;unknown_p150;163;4998310.25;4370046.1
150;unknown_p150;164;4998313.37;4370018.19
150;unknown_p150;165;4998316.49;4369985.18
150;unknown_p150;166;4998318.89;4369960.83
150;unknown_p150;167;4998319.19;4369958.05
150;unknown_p150;168;4998320.13;4369949.28
150;unknown_p150;169;4998320.07;4369948.01
150;unknown_p150;170;4998320.95;4369941.02
150;unknown_p150;171;4998321.21;4369938.98
150;unknown_p150;172;4998322.91;4369939.36
150;unknown_p150;173;4998329.65;4369873.71
150;unknown_p150;174;4998331.57;4369867.41
150;unknown_p150;175;4998343.5;4369867.16
150;unknown_p150;176;4998343.66;4369868.24
150;unknown_p150;177;4998345.45;4369871.67
150;unknown_p150;178;4998340.26;4369923.14
150;unknown_p150;179;4998337.11;4369926.04
150;unknown_p150;180;4998335.86;4369939.05
150;unknown_p150;181;4998335.96;4369939.89
150;unknown_p150;182;4998336.97;4369942.22
150;unknown_p150;183;4998339.51;4369943.95
150;unknown_p150;184;4998341.08;4369944.4
150;unknown_p150;185;4998342.32;4369944.55
150;unknown_p150;186;4998343.41;4369944.33
150;unknown_p150;187;4998344.73;4369943.82
150;unknown_p150;188;4998438.01;4369840.06
150;unknown_p150;189;4998440.66;4369837.13
150;unknown_p150;190;4998441.0;4369835.86
150;unknown_p150;191;4998440.94;4369835.15
150;unknown_p150;1;4998456.98;4369839.24
150;unknown_p150;1;4998097.06;4371484.29
150;unknown_p150;2;4998073.78;4371527.61
150;unknown_p150;3;4998026.62;4371615.23
150;unknown_p150;4;4997979.06;4371703.51
150;unknown_p150;5;4997931.45;4371791.9
150;unknown_p150;6;4997885.17;4371877.81
150;unknown_p150;7;4997909.1;4371830.65
150;unknown_p150;8;4997900.74;4371826.02
150;unknown_p150;9;4997900.8;4371825.59
150;unknown_p150;10;4997902.83;4371821.78
151;unknown_p151;11;4997906.22;4371823.42
151;unknown_p151;12;4997912.3;4371812.13
151;unknown_p151;13;4997908.86;4371810.46
151;unknown_p151;14;4997909.23;4371809.78
151;unknown_p151;15;4997915.94;4371813.17
151;unknown_p151;16;4997916.03;4371813.0
151;unknown_p151;17;4997918.22;4371814.21
151;unknown_p151;18;4997930.98;4371791.9
151;unknown_p151;19;4997978.23;4371703.32
151;unknown_p151;20;4998018.42;4371627.92
151;unknown_p151;21;4997987.03;4371611.21
151;unknown_p151;22;4997989.49;4371609.01
151;unknown_p151;23;4998005.61;4371617.6
151;unknown_p151;24;4998005.77;4371617.68
151;unknown_p151;25;4998013.66;4371618.87
151;unknown_p151;26;4998019.65;4371616.37
151;unknown_p151;27;4998034.72;4371589.48
151;unknown_p151;28;4998036.91;4371578.68
151;unknown_p151;29;4998039.93;4371573.0
151;unknown_p151;30;4998038.41;4371572.13
151;unknown_p151;31;4998042.41;4371564.76
151;unknown_p151;32;4998049.8;4371567.89
151;unknown_p151;33;4998060.36;4371548.05
151;unknown_p151;34;4998055.79;4371546.13
151;unknown_p151;35;4998061.81;4371536.21
151;unknown_p151;36;4998075.41;4371513.02
151;unknown_p151;37;4998078.8;4371506.76
151;unknown_p151;38;4998077.29;4371501.19
151;unknown_p151;39;4998070.19;4371496.99
151;unknown_p151;40;4998076.77;4371481.23
151;unknown_p151;41;4998084.17;4371485.2
151;unknown_p151;42;4998087.22;4371486.64
151;unknown_p151;43;4998092.89;4371482.04
151;unknown_p151;1;4998097.06;4371484.29
151;unknown_p151;1;4997875.21;4371896.62
151;unknown_p151;2;4997843.37;4371956.47
151;unknown_p151;3;4997842.5;4371956.07
151;unknown_p151;4;4997854.27;4371933.53
151;unknown_p151;1;4997875.21;4371896.62
151;unknown_p151;1;4997645.42;4372327.43
151;unknown_p151;2;4997601.77;4372408.85
151;unknown_p151;3;4997549.86;4372493.91
151;unknown_p151;4;4997502.32;4372570.45
152;unknown_p152;5;4997496.59;4372578.47
152;unknown_p152;6;4997443.66;4372663.09
152;unknown_p152;7;4997390.49;4372748.17
152;unknown_p152;8;4997341.93;4372835.55
152;unknown_p152;9;4997305.58;4372890.5
152;unknown_p152;10;4997288.8;4372915.87
152;unknown_p152;11;4997286.11;4372919.94
152;unknown_p152;12;4997233.29;4373004.56
152;unknown_p152;13;4997178.27;4373088.03
152;unknown_p152;14;4997127.3;4373174.12
152;unknown_p152;15;4997074.59;4373258.71
152;unknown_p152;16;4997021.54;4373343.68
152;unknown_p152;17;4996964.57;4373425.86
152;unknown_p152;18;4996859.44;4373594.02
152;unknown_p152;19;4996805.69;4373680.13
152;unknown_p152;20;4996752.81;4373764.94
152;unknown_p152;21;4996696.9;4373845.07
152;unknown_p152;22;4996638.15;4373925.54
152;unknown_p152;23;4996574.62;4374002.91
152;unknown_p152;24;4996515.07;4374082.75
152;unknown_p152;25;4996453.14;4374162.07
152;unknown_p152;26;4996391.76;4374240.53
152;unknown_p152;27;4996330.08;4374319.42
152;unknown_p152;28;4996268.48;4374398.17
152;unknown_p152;29;4996147.94;4374544.62
152;unknown_p152;30;4996077.7;4374629.85
152;unknown_p152;31;4996016.0;4374708.44
152;unknown_p152;32;4995956.45;4374788.28
152;unknown_p152;33;4995896.57;4374868.85
152;unknown_p152;34;4995834.95;4374947.67
152;unknown_p152;35;4995773.69;4375025.94
152;unknown_p152;36;4995709.79;4375103.65
152;unknown_p152;37;4995648.57;4375181.65
152;unknown_p152;38;4995586.62;4375260.61
152;unknown_p152;39;4995465.26;4375419.42
152;unknown_p152;40;4995407.53;4375500.93
152;unknown_p152;41;4995345.9;4375579.89
152;unknown_p152;42;4995284.49;4375658.32
152;unknown_p152;43;4995272.6;4375672.78
152;unknown_p152;44;4995220.83;4375735.66
152;unknown_p152;45;4995095.31;4375891.79
152;unknown_p152;46;4995035.43;4375972.1
152;unknown_p152;47;4994974.04;4376050.55
152;unknown_p152;48;4994956.06;4376073.49
152;unknown_p152;49;4994921.6;4376118.02
152;unknown_p152;50;4994848.26;4376215.1
152;unknown_p152;51;4994785.14;4376304.62
152;unknown_p152;52;4994780.83;4376309.39
152;unknown_p152;53;4994758.15;4376333.05
152;unknown_p152;54;4994750.36;4376341.05
152;unknown_p152;55;4994751.79;4376344.98
153;unknown_p153;56;4994733.41;4376366.16
153;unknown_p153;57;4994605.73;4376524.83
153;unknown_p153;58;4994487.6;4376685.78
153;unknown_p153;59;4994433.16;4376773.17
153;unknown_p153;60;4994379.37;4376851.67
153;unknown_p153;61;4994329.96;4376923.78
153;unknown_p153;62;4994328.8;4376922.99
153;unknown_p153;63;4994280.07;4377005.34
153;unknown_p153;64;4994258.39;4377030.63
153;unknown_p153;65;4994203.22;4377084.56
153;unknown_p153;66;4994182.16;4377110.11
153;unknown_p153;67;4994173.08;4377124.35
153;unknown_p153;68;4994164.24;4377116.23
153;unknown_p153;69;4994158.65;4377108.99
153;unknown_p153;70;4994161.69;4377104.51
153;unknown_p153;71;4994171.18;4377091.9
153;unknown_p153;72;4994187.21;4377074.37
153;unknown_p153;73;4994212.64;4377049.17
153;unknown_p153;74;4994268.26;4376994.69
153;unknown_p153;75;4994289.1;4376969.97
153;unknown_p153;76;4994312.67;4376937.63
153;unknown_p153;77;4994372.25;4376845.95
153;unknown_p153;78;4994382.68;4376829.92
153;unknown_p153;79;4994440.46;4376741.11
153;unknown_p153;80;4994495.52;4376658.14
153;unknown_p153;81;4994503.19;4376646.94
153;unknown_p153;82;4994541.97;4376592.84
153;unknown_p153;83;4994577.74;4376546.0
153;unknown_p153;84;4994623.48;4376486.97
153;unknown_p153;85;4994641.34;4376461.69
153;unknown_p153;86;4994676.33;4376407.18
153;unknown_p153;87;4994692.22;4376383.64
153;unknown_p153;88;4994682.64;4376371.81
153;unknown_p153;89;4994697.23;4376353.64
153;unknown_p153;90;4994710.01;4376361.61
153;unknown_p153;91;4994716.28;4376354.05
153;unknown_p153;92;4994741.88;4376325.62
153;unknown_p153;93;4994782.41;4376283.04
153;unknown_p153;94;4994843.76;4376206.34
153;unknown_p153;95;4994893.63;4376142.79
153;unknown_p153;96;4994971.45;4376043.5
153;unknown_p153;97;4994974.57;4376039.52
153;unknown_p153;98;4995045.84;4375948.51
153;unknown_p153;99;4995111.85;4375864.17
153;unknown_p153;100;4995183.1;4375773.16
153;unknown_p153;101;4995189.41;4375765.09
153;unknown_p153;102;4995242.97;4375696.85
153;unknown_p153;103;4995241.04;4375695.24
153;unknown_p153;104;4995262.73;4375667.54
153;unknown_p153;105;4995264.62;4375669.2
153;unknown_p153;106;4995337.38;4375576.33
154;unknown_p154;107;4995408.86;4375485.05
154;unknown_p154;108;4995481.99;4375391.74
154;unknown_p154;109;4995557.88;4375294.59
154;unknown_p154;110;4995585.69;4375259.68
154;unknown_p154;111;4995647.44;4375180.76
154;unknown_p154;112;4995708.34;4375102.56
154;unknown_p154;113;4995720.53;4375087.13
154;unknown_p154;114;4995735.88;4375067.62
154;unknown_p154;115;4995734.06;4375066.06
154;unknown_p154;116;4995755.51;4375038.55
154;unknown_p154;117;4995757.43;4375040.27
154;unknown_p154;118;4995775.86;4375016.72
154;unknown_p154;119;4995773.01;4375014.49
154;unknown_p154;120;4995776.71;4375009.77
154;unknown_p154;121;4995779.56;4375012.0
154;unknown_p154;122;4995856.11;4374914.26
154;unknown_p154;123;4995931.17;4374818.41
154;unknown_p154;124;4995955.14;4374787.56
154;unknown_p154;125;4995973.5;4374764.36
154;unknown_p154;126;4995973.71;4374761.67
154;unknown_p154;127;4996047.17;4374667.47
154;unknown_p154;128;4996114.2;4374582.15
154;unknown_p154;129;4996116.7;4374581.43
154;unknown_p154;130;4996146.24;4374543.22
154;unknown_p154;131;4996155.62;4374531.84
154;unknown_p154;132;4996179.74;4374501.07
154;unknown_p154;133;4996228.05;4374439.4
154;unknown_p154;134;4996304.74;4374341.57
154;unknown_p154;135;4996319.0;4374323.31
154;unknown_p154;136;4996333.25;4374305.06
154;unknown_p154;137;4996355.33;4374276.76
154;unknown_p154;138;4996379.62;4374245.64
154;unknown_p154;139;4996394.43;4374226.75
154;unknown_p154;140;4996426.02;4374186.45
154;unknown_p154;141;4996453.43;4374151.48
154;unknown_p154;142;4996499.09;4374092.94
154;unknown_p154;143;4996521.95;4374063.63
154;unknown_p154;144;4996541.21;4374039.25
154;unknown_p154;145;4996538.91;4374037.47
154;unknown_p154;146;4996560.62;4374009.86
154;unknown_p154;147;4996562.77;4374011.51
154;unknown_p154;148;4996601.86;4373961.6
154;unknown_p154;149;4996620.28;4373938.11
154;unknown_p154;150;4996645.01;4373906.57
154;unknown_p154;151;4996672.69;4373871.05
154;unknown_p154;152;4996684.55;4373855.49
154;unknown_p154;153;4996701.72;4373831.74
154;unknown_p154;154;4996735.08;4373781.1
154;unknown_p154;155;4996799.04;4373678.63
154;unknown_p154;156;4996820.12;4373644.87
154;unknown_p154;157;4996858.54;4373583.39
155;unknown_p155;158;4996876.53;4373554.54
155;unknown_p155;159;4996929.97;4373468.88
155;unknown_p155;160;4996959.12;4373421.81
155;unknown_p155;161;4997022.11;4373321.29
155;unknown_p155;162;4997075.2;4373236.03
155;unknown_p155;163;4997072.1;4373234.09
155;unknown_p155;164;4997075.28;4373229.0
155;unknown_p155;165;4997078.37;4373230.94
155;unknown_p155;166;4997087.55;4373216.19
155;unknown_p155;167;4997157.79;4373103.64
155;unknown_p155;168;4997162.1;4373106.12
155;unknown_p155;169;4997258.41;4372950.55
155;unknown_p155;170;4997255.76;4372948.8
155;unknown_p155;171;4997260.17;4372942.05
155;unknown_p155;172;4997259.05;4372940.98
155;unknown_p155;173;4997284.6;4372900.97
155;unknown_p155;174;4997286.21;4372902.29
155;unknown_p155;175;4997289.87;4372896.42
155;unknown_p155;176;4997290.19;4372896.45
155;unknown_p155;177;4997292.22;4372896.59
155;unknown_p155;178;4997296.2;4372896.85
155;unknown_p155;179;4997362.51;4372787.5
155;unknown_p155;180;4997378.6;4372758.28
155;unknown_p155;181;4997385.64;4372745.48
155;unknown_p155;182;4997385.68;4372745.5
155;unknown_p155;183;4997485.76;4372581.07
155;unknown_p155;184;4997491.26;4372570.78
155;unknown_p155;185;4997492.45;4372571.52
155;unknown_p155;186;4997496.14;4372571.92
155;unknown_p155;187;4997498.25;4372571.41
155;unknown_p155;188;4997500.88;4372569.55
155;unknown_p155;189;4997543.32;4372497.87
155;unknown_p155;190;4997548.36;4372488.73
155;unknown_p155;191;4997551.35;4372483.32
155;unknown_p155;192;4997582.57;4372433.1
155;unknown_p155;193;4997612.38;4372385.15
155;unknown_p155;1;4997645.42;4372327.43
155;unknown_p155;1;4997579.28;4372759.55
155;unknown_p155;2;4997599.74;4372781.76
155;unknown_p155;3;4997554.78;4372825.64
155;unknown_p155;4;4997552.0;4372823.71
155;unknown_p155;5;4997542.24;4372837.87
155;unknown_p155;6;4997506.87;4372872.39
156;unknown_p156;7;4997392.52;4373001.93
156;unknown_p156;8;4997383.05;4373029.28
156;unknown_p156;9;4997367.63;4373049.07
156;unknown_p156;10;4997365.35;4373050.57
156;unknown_p156;11;4997318.61;4373117.27
156;unknown_p156;12;4997316.13;4373115.59
156;unknown_p156;13;4997275.84;4373173.07
156;unknown_p156;14;4997275.4;4373159.28
156;unknown_p156;15;4997274.59;4373129.95
156;unknown_p156;16;4997273.98;4373113.36
156;unknown_p156;17;4997275.44;4373102.38
156;unknown_p156;18;4997279.87;4373090.11
156;unknown_p156;19;4997284.5;4373079.38
156;unknown_p156;20;4997289.97;4373071.28
156;unknown_p156;21;4997298.79;4373058.5
156;unknown_p156;22;4997319.95;4373033.35
156;unknown_p156;23;4997336.34;4373015.96
156;unknown_p156;24;4997345.34;4373007.36
156;unknown_p156;25;4997386.76;4372969.1
156;unknown_p156;26;4997401.84;4372956.78
156;unknown_p156;27;4997413.17;4372948.08
156;unknown_p156;28;4997482.93;4372879.46
156;unknown_p156;29;4997457.07;4372890.43
156;unknown_p156;30;4997428.54;4372903.17
156;unknown_p156;31;4997411.14;4372908.84
156;unknown_p156;32;4997398.6;4372911.67
156;unknown_p156;33;4997386.39;4372913.32
156;unknown_p156;34;4997386.15;4372912.48
156;unknown_p156;35;4997396.45;4372901.78
156;unknown_p156;36;4997424.7;4372892.1
156;unknown_p156;37;4997447.07;4372877.62
156;unknown_p156;1;4997579.28;4372759.55
156;unknown_p156;1;4997276.39;4373190.21
156;unknown_p156;2;4997280.51;4373230.59
156;unknown_p156;3;4997268.9;4373247.07
156;unknown_p156;4;4997273.43;4373217.83
156;unknown_p156;1;4997276.39;4373190.21
156;unknown_p156;1;4994152.49;4377118.08
156;unknown_p156;2;4994154.27;4377120.58
156;unknown_p156;3;4994160.27;4377128.22
156;unknown_p156;4;4994166.46;4377134.74
156;unknown_p156;5;4994167.59;4377155.07
156;unknown_p156;6;4994146.51;4377198.85
157;unknown_p157;7;4994139.53;4377195.94
157;unknown_p157;8;4994107.82;4377264.28
157;unknown_p157;9;4994068.99;4377323.34
157;unknown_p157;10;4993991.87;4377442.14
157;unknown_p157;11;4993932.11;4377533.88
157;unknown_p157;12;4993880.88;4377612.58
157;unknown_p157;13;4993845.73;4377666.54
157;unknown_p157;14;4993830.99;4377689.18
157;unknown_p157;15;4993776.34;4377768.88
157;unknown_p157;16;4993756.09;4377798.29
157;unknown_p157;17;4993718.54;4377852.83
157;unknown_p157;18;4993660.76;4377936.82
157;unknown_p157;19;4993608.48;4378016.82
157;unknown_p157;20;4993580.54;4378050.41
157;unknown_p157;21;4993517.92;4378050.24
157;unknown_p157;22;4993467.38;4378106.65
157;unknown_p157;23;4993461.64;4378102.37
157;unknown_p157;24;4993441.64;4378091.44
157;unknown_p157;25;4993440.32;4378090.51
157;unknown_p157;26;4993440.16;4378090.4
157;unknown_p157;27;4993439.82;4378090.16
157;unknown_p157;28;4993439.14;4378089.69
157;unknown_p157;29;4993438.58;4378089.29
157;unknown_p157;30;4993438.12;4378088.96
157;unknown_p157;31;4993437.44;4378088.49
157;unknown_p157;32;4993436.8;4378088.04
157;unknown_p157;33;4993435.93;4378087.43
157;unknown_p157;34;4993434.39;4378086.34
157;unknown_p157;35;4993433.15;4378085.47
157;unknown_p157;36;4993432.27;4378084.85
157;unknown_p157;37;4993432.19;4378084.79
157;unknown_p157;38;4993432.06;4378084.7
157;unknown_p157;39;4993431.87;4378084.56
157;unknown_p157;40;4993626.38;4377786.25
157;unknown_p157;41;4993745.68;4377713.0
157;unknown_p157;42;4993767.5;4377696.78
157;unknown_p157;43;4993813.45;4377659.51
157;unknown_p157;44;4993843.54;4377632.14
157;unknown_p157;45;4993871.62;4377601.99
157;unknown_p157;46;4993882.98;4377587.75
157;unknown_p157;47;4993902.89;4377560.52
157;unknown_p157;48;4993910.3;4377550.66
157;unknown_p157;49;4993915.0;4377544.18
157;unknown_p157;50;4993916.86;4377545.41
157;unknown_p157;51;4993925.1;4377532.85
157;unknown_p157;52;4993930.07;4377525.23
157;unknown_p157;53;4993944.61;4377502.75
157;unknown_p157;54;4993960.46;4377478.5
157;unknown_p157;55;4993978.23;4377451.36
157;unknown_p157;56;4993995.17;4377425.2
157;unknown_p157;57;4994026.62;4377374.38
158;unknown_p158;58;4994046.97;4377339.18
158;unknown_p158;59;4994094.28;4377245.84
158;unknown_p158;60;4994136.9;4377149.54
158;unknown_p158;61;4994139.2;4377144.26
158;unknown_p158;62;4994147.21;4377125.88
158;unknown_p158;1;4994152.49;4377118.08
158;unknown_p158;1;4993630.68;4377939.8
158;unknown_p158;2;4993609.05;4377973.02
158;unknown_p158;3;4993587.6;4378006.0
158;unknown_p158;4;4993572.96;4378028.43
158;unknown_p158;5;4993543.97;4378007.55
158;unknown_p158;6;4993545.79;4378005.0
158;unknown_p158;7;4993569.56;4377973.22
158;unknown_p158;8;4993576.13;4377964.31
158;unknown_p158;9;4993604.57;4377921.23
158;unknown_p158;1;4993630.68;4377939.8
158;unknown_p158;1;4997247.5;4373091.18
158;unknown_p158;2;4997246.27;4373094.95
158;unknown_p158;3;4997243.68;4373120.86
158;unknown_p158;4;4997245.18;4373201.07
158;unknown_p158;5;4997238.51;4373248.09
158;unknown_p158;6;4997237.3;4373266.97
158;unknown_p158;7;4997212.08;4373255.23
158;unknown_p158;8;4997045.18;4373506.29
158;unknown_p158;9;4997003.62;4373568.37
158;unknown_p158;10;4997002.45;4373567.58
158;unknown_p158;11;4996992.51;4373582.35
158;unknown_p158;12;4996993.72;4373583.16
158;unknown_p158;13;4996954.58;4373641.63
158;unknown_p158;14;4996871.45;4373762.05
158;unknown_p158;15;4996755.06;4373928.1
158;unknown_p158;16;4996733.58;4373908.73
158;unknown_p158;17;4996243.08;4374576.49
158;unknown_p158;18;4996281.01;4374603.43
158;unknown_p158;19;4996270.82;4374618.13
158;unknown_p158;20;4996256.67;4374637.29
158;unknown_p158;21;4996253.13;4374635.85
158;unknown_p158;22;4996243.36;4374652.33
158;unknown_p158;23;4996240.48;4374656.12
158;unknown_p158;24;4996236.16;4374652.92
158;unknown_p158;25;4996239.0;4374649.12
158;unknown_p158;26;4996248.89;4374633.72
158;unknown_p158;27;4996225.96;4374618.49
159;unknown_p159;28;4996224.26;4374616.76
159;unknown_p159;29;4996221.06;4374615.3
159;unknown_p159;30;4996219.52;4374613.56
159;unknown_p159;31;4996185.71;4374643.52
159;unknown_p159;32;4996195.91;4374651.32
159;unknown_p159;33;4996200.06;4374654.5
159;unknown_p159;34;4996201.89;4374655.82
159;unknown_p159;35;4996200.6;4374657.64
159;unknown_p159;36;4996198.77;4374656.34
159;unknown_p159;37;4996183.56;4374645.24
159;unknown_p159;38;4996089.27;4374725.79
159;unknown_p159;39;4996089.23;4374725.77
159;unknown_p159;40;4996089.19;4374725.86
159;unknown_p159;41;4996077.63;4374735.74
159;unknown_p159;42;4996135.69;4374680.95
159;unknown_p159;43;4996211.3;4374613.47
159;unknown_p159;44;4996224.7;4374593.39
159;unknown_p159;45;4996267.74;4374528.88
159;unknown_p159;46;4996322.0;4374443.27
159;unknown_p159;47;4996345.27;4374402.1
159;unknown_p159;48;4996371.64;4374355.43
159;unknown_p159;49;4996386.63;4374331.78
159;unknown_p159;50;4996414.75;4374287.39
159;unknown_p159;51;4996446.08;4374247.62
159;unknown_p159;52;4996478.14;4374206.79
159;unknown_p159;53;4996500.68;4374178.76
159;unknown_p159;54;4996611.89;4374035.88
159;unknown_p159;55;4996673.68;4373957.84
159;unknown_p159;56;4996743.8;4373865.71
159;unknown_p159;57;4996791.56;4373792.69
159;unknown_p159;58;4996844.64;4373707.72
159;unknown_p159;59;4996909.94;4373609.39
159;unknown_p159;60;4997008.73;4373468.1
159;unknown_p159;61;4997066.76;4373375.08
159;unknown_p159;62;4997117.66;4373288.86
159;unknown_p159;63;4997170.42;4373204.14
159;unknown_p159;64;4997216.97;4373115.57
159;unknown_p159;65;4997226.85;4373098.85
159;unknown_p159;66;4997246.9;4373090.81
159;unknown_p159;1;4997247.5;4373091.18
159;unknown_p159;1;4996159.87;4374762.9
159;unknown_p159;2;4996143.24;4374787.69
159;unknown_p159;3;4996122.1;4374813.03
159;unknown_p159;4;4996120.42;4374815.05
160;unknown_p160;5;4996111.43;4374825.82
160;unknown_p160;6;4996078.52;4374857.36
160;unknown_p160;7;4995947.93;4375014.77
160;unknown_p160;8;4995878.6;4375096.61
160;unknown_p160;9;4995865.62;4375113.8
160;unknown_p160;10;4995768.2;4375248.24
160;unknown_p160;11;4995730.82;4375296.8
160;unknown_p160;12;4995526.43;4375580.53
160;unknown_p160;13;4995480.43;4375638.1
160;unknown_p160;14;4995179.4;4376047.02
160;unknown_p160;15;4995021.3;4376259.12
160;unknown_p160;16;4994978.89;4376227.2
160;unknown_p160;17;4994972.5;4376222.39
160;unknown_p160;18;4994994.13;4376193.61
160;unknown_p160;19;4994997.77;4376196.24
160;unknown_p160;20;4995148.02;4375999.98
160;unknown_p160;21;4995142.71;4375996.02
160;unknown_p160;22;4995158.33;4375975.26
160;unknown_p160;23;4995163.84;4375979.34
160;unknown_p160;24;4995208.63;4375920.9
160;unknown_p160;25;4995245.98;4375949.01
160;unknown_p160;26;4995305.97;4375865.59
160;unknown_p160;27;4995270.26;4375838.72
160;unknown_p160;28;4995273.47;4375834.45
160;unknown_p160;29;4995350.33;4375732.26
160;unknown_p160;30;4995343.34;4375727.38
160;unknown_p160;31;4995359.74;4375708.53
160;unknown_p160;32;4995364.58;4375711.93
160;unknown_p160;33;4995402.88;4375657.31
160;unknown_p160;34;4995420.02;4375670.22
160;unknown_p160;35;4995437.27;4375683.22
160;unknown_p160;36;4995453.61;4375660.28
160;unknown_p160;37;4995458.86;4375652.98
160;unknown_p160;38;4995475.66;4375629.62
160;unknown_p160;39;4995492.58;4375606.09
160;unknown_p160;40;4995497.84;4375598.78
160;unknown_p160;41;4995507.23;4375585.73
160;unknown_p160;42;4995474.89;4375561.42
160;unknown_p160;43;4995470.05;4375557.77
160;unknown_p160;44;4995487.77;4375533.56
160;unknown_p160;45;4995492.73;4375537.0
160;unknown_p160;46;4995553.58;4375453.72
160;unknown_p160;47;4995557.58;4375456.73
160;unknown_p160;48;4995585.1;4375477.44
160;unknown_p160;49;4995595.83;4375462.52
160;unknown_p160;50;4995606.83;4375447.22
160;unknown_p160;51;4995618.14;4375431.5
160;unknown_p160;52;4995629.76;4375415.34
160;unknown_p160;53;4995641.75;4375398.68
160;unknown_p160;54;4995654.11;4375381.48
160;unknown_p160;55;4995666.91;4375363.68
161;unknown_p161;56;4995680.19;4375345.22
161;unknown_p161;57;4995658.64;4375328.99
161;unknown_p161;58;4995661.48;4375325.39
161;unknown_p161;59;4995682.87;4375341.49
161;unknown_p161;60;4995700.66;4375316.75
161;unknown_p161;61;4995714.8;4375297.09
161;unknown_p161;62;4995729.6;4375276.51
161;unknown_p161;63;4995745.36;4375254.59
161;unknown_p161;64;4995761.64;4375231.95
161;unknown_p161;65;4995778.35;4375208.71
161;unknown_p161;66;4995795.43;4375184.96
161;unknown_p161;67;4995812.9;4375160.67
161;unknown_p161;68;4995825.66;4375142.92
161;unknown_p161;69;4995838.59;4375124.94
161;unknown_p161;70;4995851.69;4375106.73
161;unknown_p161;71;4995864.97;4375088.27
161;unknown_p161;72;4995878.43;4375069.55
161;unknown_p161;73;4995892.09;4375050.56
161;unknown_p161;74;4995905.94;4375031.29
161;unknown_p161;75;4995920.01;4375011.73
161;unknown_p161;76;4995934.3;4374991.86
161;unknown_p161;77;4995948.82;4374971.67
161;unknown_p161;78;4995963.58;4374951.14
161;unknown_p161;79;4995978.6;4374930.26
161;unknown_p161;80;4995966.28;4374920.99
161;unknown_p161;81;4996042.62;4374819.45
161;unknown_p161;82;4996046.92;4374806.64
161;unknown_p161;83;4996051.89;4374796.24
161;unknown_p161;84;4996076.49;4374766.9
161;unknown_p161;85;4996095.83;4374750.83
161;unknown_p161;86;4996082.5;4374741.29
161;unknown_p161;87;4996089.19;4374725.86
161;unknown_p161;88;4996089.27;4374725.79
161;unknown_p161;1;4996159.87;4374762.9
161;unknown_p161;1;4994862.81;4376461.45
161;unknown_p161;2;4994856.45;4376469.56
161;unknown_p161;3;4994868.46;4376481.47
161;unknown_p161;4;4994849.09;4376521.47
161;unknown_p161;5;4994825.66;4376553.92
161;unknown_p161;6;4994815.98;4376546.96
161;unknown_p161;7;4994793.54;4376530.82
161;unknown_p161;8;4994814.29;4376501.17
161;unknown_p161;9;4994792.57;4376484.82
161;unknown_p161;10;4994771.1;4376514.69
162;unknown_p162;11;4994749.97;4376544.06
162;unknown_p162;12;4994728.85;4376573.43
162;unknown_p162;13;4994707.73;4376602.8
162;unknown_p162;14;4994730.16;4376618.94
162;unknown_p162;15;4994709.04;4376648.32
162;unknown_p162;16;4994686.62;4376632.21
162;unknown_p162;17;4994665.48;4376661.56
162;unknown_p162;18;4994644.35;4376690.93
162;unknown_p162;19;4994623.23;4376720.3
162;unknown_p162;20;4994645.67;4376736.44
162;unknown_p162;21;4994615.42;4376777.93
162;unknown_p162;22;4994593.26;4376761.99
162;unknown_p162;23;4994572.14;4376791.37
162;unknown_p162;24;4994595.05;4376807.66
162;unknown_p162;25;4994573.45;4376836.87
162;unknown_p162;26;4994551.01;4376820.73
162;unknown_p162;27;4994529.89;4376850.11
162;unknown_p162;28;4994508.76;4376879.48
162;unknown_p162;29;4994487.64;4376908.85
162;unknown_p162;30;4994466.51;4376938.23
162;unknown_p162;31;4994445.39;4376967.6
162;unknown_p162;32;4994467.83;4376983.74
162;unknown_p162;33;4994469.46;4376984.91
162;unknown_p162;34;4994463.3;4376993.48
162;unknown_p162;35;4994461.67;4376992.31
162;unknown_p162;36;4994439.23;4376976.17
162;unknown_p162;37;4994418.09;4377005.55
162;unknown_p162;38;4994396.98;4377034.92
162;unknown_p162;39;4994375.86;4377064.29
162;unknown_p162;40;4994354.73;4377093.67
162;unknown_p162;41;4994333.61;4377123.04
162;unknown_p162;42;4994312.49;4377152.41
162;unknown_p162;43;4994334.93;4377168.55
162;unknown_p162;44;4994340.83;4377172.8
162;unknown_p162;45;4994320.77;4377203.76
162;unknown_p162;46;4994313.25;4377198.41
162;unknown_p162;47;4994290.73;4377182.38
162;unknown_p162;48;4994269.76;4377211.86
162;unknown_p162;49;4994292.28;4377227.89
162;unknown_p162;50;4994301.07;4377234.15
162;unknown_p162;51;4994292.41;4377248.55
162;unknown_p162;52;4994259.4;4377224.81
162;unknown_p162;53;4994268.58;4377204.94
162;unknown_p162;54;4994265.1;4377202.52
162;unknown_p162;55;4994346.22;4377087.39
162;unknown_p162;56;4994456.08;4376932.19
162;unknown_p162;57;4994474.59;4376906.44
162;unknown_p162;58;4994468.92;4376902.36
162;unknown_p162;59;4994486.95;4376876.94
162;unknown_p162;60;4994492.79;4376881.14
162;unknown_p162;61;4994498.97;4376872.54
163;unknown_p163;62;4994511.08;4376855.7
163;unknown_p163;63;4994529.51;4376830.07
163;unknown_p163;64;4994548.08;4376804.25
163;unknown_p163;65;4994566.79;4376778.24
163;unknown_p163;66;4994585.64;4376752.02
163;unknown_p163;67;4994604.64;4376725.6
163;unknown_p163;68;4994609.31;4376719.11
163;unknown_p163;69;4994628.5;4376692.43
163;unknown_p163;70;4994647.83;4376665.52
163;unknown_p163;71;4994667.35;4376638.41
163;unknown_p163;72;4994687.01;4376611.06
163;unknown_p163;73;4994704.52;4376586.72
163;unknown_p163;74;4994706.85;4376583.48
163;unknown_p163;75;4994747.12;4376527.48
163;unknown_p163;76;4994780.89;4376480.55
163;unknown_p163;77;4994773.22;4376457.89
163;unknown_p163;78;4994799.61;4376425.14
163;unknown_p163;79;4994821.41;4376430.29
163;unknown_p163;1;4994862.81;4376461.45
163;unknown_p163;1;4994249.31;4377239.59
163;unknown_p163;2;4994283.16;4377263.93
163;unknown_p163;3;4994273.83;4377279.44
163;unknown_p163;4;4994239.14;4377254.49
163;unknown_p163;1;4994249.31;4377239.59
163;unknown_p163;1;4994176.32;4377346.54
163;unknown_p163;2;4994165.53;4377362.35
163;unknown_p163;3;4994163.09;4377360.6
163;unknown_p163;1;4994176.32;4377346.54
163;unknown_p163;1;4994149.01;4377471.69
163;unknown_p163;2;4994133.44;4377495.3
163;unknown_p163;3;4994094.1;4377467.01
163;unknown_p163;4;4994054.4;4377438.46
164;unknown_p164;5;4994058.75;4377431.74
164;unknown_p164;6;4994094.55;4377457.48
164;unknown_p164;7;4994098.61;4377460.4
164;unknown_p164;8;4994110.04;4377443.66
164;unknown_p164;1;4994149.01;4377471.69
164;unknown_p164;1;4994127.27;4377504.64
164;unknown_p164;2;4994091.69;4377558.56
164;unknown_p164;3;4994053.49;4377608.42
164;unknown_p164;4;4994048.7;4377613.92
164;unknown_p164;5;4994059.81;4377598.45
164;unknown_p164;6;4994072.49;4377580.82
164;unknown_p164;7;4994085.02;4377563.4
164;unknown_p164;8;4994097.42;4377546.16
164;unknown_p164;9;4994109.68;4377529.12
164;unknown_p164;10;4994070.78;4377501.15
164;unknown_p164;11;4994082.51;4377484.0
164;unknown_p164;12;4994121.8;4377512.25
164;unknown_p164;1;4994127.27;4377504.64
164;unknown_p164;1;4994005.24;4377559.2
164;unknown_p164;2;4994022.64;4377571.72
164;unknown_p164;3;4994010.25;4377589.87
164;unknown_p164;4;4993989.52;4377574.96
164;unknown_p164;5;4993995.48;4377569.11
164;unknown_p164;6;4994002.16;4377562.35
164;unknown_p164;1;4994005.24;4377559.2
164;unknown_p164;1;4993851.87;4377751.05
164;unknown_p164;2;4993841.6;4377753.47
164;unknown_p164;3;4993836.8;4377756.0
164;unknown_p164;4;4993911.99;4377639.86
164;unknown_p164;5;4993918.99;4377639.26
164;unknown_p164;6;4993931.73;4377628.03
164;unknown_p164;7;4993924.22;4377639.64
165;unknown_p165;8;4993911.49;4377659.31
165;unknown_p165;9;4993898.59;4377679.26
165;unknown_p165;10;4993891.0;4377690.49
165;unknown_p165;1;4993851.87;4377751.05
165;unknown_p165;1;4993417.72;4378074.61
165;unknown_p165;2;4993431.87;4378084.56
165;unknown_p165;3;4993465.23;4378109.06
165;unknown_p165;4;4993325.78;4378264.72
165;unknown_p165;5;4993293.68;4378239.15
165;unknown_p165;6;4993297.74;4378234.26
165;unknown_p165;7;4993299.07;4378235.14
165;unknown_p165;8;4993327.05;4378201.02
165;unknown_p165;9;4993354.81;4378167.16
165;unknown_p165;10;4993356.58;4378168.41
165;unknown_p165;11;4993360.4;4378163.75
165;unknown_p165;12;4993361.57;4378164.58
165;unknown_p165;13;4993382.74;4378138.72
165;unknown_p165;14;4993403.91;4378112.87
165;unknown_p165;15;4993425.09;4378087.01
165;unknown_p165;16;4993414.25;4378079.37
165;unknown_p165;1;4993417.72;4378074.61
165;unknown_p165;1;4994531.2;4376895.62
165;unknown_p165;2;4994532.81;4376896.78
165;unknown_p165;3;4994542.42;4376903.69
165;unknown_p165;4;4994521.3;4376933.06
165;unknown_p165;5;4994511.7;4376926.16
165;unknown_p165;6;4994510.08;4376924.99
165;unknown_p165;1;4994531.2;4376895.62
165;unknown_p165;1;4994419.42;4377051.05
165;unknown_p165;2;4994421.05;4377052.23
165;unknown_p165;3;4994399.93;4377081.6
165;unknown_p165;4;4994398.3;4377080.43
166;unknown_p166;1;4996233.26;4374658.93
166;unknown_p166;2;4996238.1;4374662.43
166;unknown_p166;3;4996244.62;4374667.15
166;unknown_p166;4;4996236.41;4374678.51
166;unknown_p166;5;4996229.77;4374673.71
166;unknown_p166;6;4996225.05;4374670.3
166;unknown_p166;1;4996233.26;4374658.93
166;unknown_p166;1;4993467.38;4378106.65
166;unknown_p166;2;4993465.23;4378109.06
166;unknown_p166;3;4993432.27;4378084.85
166;unknown_p166;4;4993432.36;4378084.92
166;unknown_p166;5;4993432.55;4378085.05
166;unknown_p166;6;4993433.15;4378085.47
166;unknown_p166;7;4993434.39;4378086.34
166;unknown_p166;8;4993435.93;4378087.43
166;unknown_p166;9;4993436.8;4378088.04
166;unknown_p166;10;4993437.44;4378088.49
166;unknown_p166;11;4993438.12;4378088.96
166;unknown_p166;12;4993438.58;4378089.29
166;unknown_p166;13;4993439.14;4378089.69
166;unknown_p166;14;4993439.82;4378090.16
166;unknown_p166;15;4993440.16;4378090.4
166;unknown_p166;16;4993440.32;4378090.51
166;unknown_p166;17;4993441.64;4378091.44
166;unknown_p166;18;4993461.64;4378102.37
166;unknown_p166;1;4993467.38;4378106.65
166;unknown_p166;1;4993965.03;4377697.81
166;unknown_p166;2;4993964.29;4377698.42
166;unknown_p166;3;4993932.71;4377720.47
166;unknown_p166;4;4993924.94;4377714.88
166;unknown_p166;5;4993891.23;4377690.64
167;unknown_p167;6;4993878.03;4377711.02
167;unknown_p167;7;4993864.64;4377731.71
167;unknown_p167;8;4993852.17;4377750.98
167;unknown_p167;9;4993851.87;4377751.05
167;unknown_p167;10;4993891.0;4377690.49
167;unknown_p167;11;4993898.59;4377679.26
167;unknown_p167;12;4993932.57;4377703.7
167;unknown_p167;13;4993945.95;4377684.09
167;unknown_p167;1;4993965.03;4377697.81
167;unknown_p167;1;4996219.52;4374613.56
167;unknown_p167;2;4996221.06;4374615.3
167;unknown_p167;3;4996224.26;4374616.76
167;unknown_p167;4;4996225.96;4374618.49
167;unknown_p167;5;4996248.89;4374633.72
167;unknown_p167;6;4996239.0;4374649.12
167;unknown_p167;7;4996236.16;4374652.92
167;unknown_p167;8;4996240.48;4374656.12
167;unknown_p167;9;4996243.36;4374652.33
167;unknown_p167;10;4996253.13;4374635.85
167;unknown_p167;11;4996256.67;4374637.29
167;unknown_p167;12;4996238.1;4374662.43
167;unknown_p167;13;4996233.26;4374658.93
167;unknown_p167;14;4996225.05;4374670.3
167;unknown_p167;15;4996229.77;4374673.71
167;unknown_p167;16;4996212.62;4374696.92
167;unknown_p167;17;4996170.0;4374747.79
167;unknown_p167;18;4996159.87;4374762.9
167;unknown_p167;19;4996089.27;4374725.79
167;unknown_p167;20;4996183.56;4374645.24
167;unknown_p167;21;4996198.77;4374656.34
167;unknown_p167;22;4996200.6;4374657.64
167;unknown_p167;23;4996201.89;4374655.82
167;unknown_p167;24;4996200.06;4374654.5
167;unknown_p167;25;4996195.91;4374651.32
167;unknown_p167;26;4996185.71;4374643.52
167;unknown_p167;1;4996219.52;4374613.56
167;unknown_p167;1;4996089.19;4374725.86
167;unknown_p167;2;4996082.5;4374741.29
167;unknown_p167;3;4996076.6;4374737.07
167;unknown_p167;4;4996077.63;4374735.74
167;unknown_p167;1;4996089.19;4374725.86
168;unknown_p168;1;4994058.75;4377431.74
168;unknown_p168;2;4994054.4;4377438.46
168;unknown_p168;3;4994046.72;4377450.33
168;unknown_p168;4;4994044.44;4377447.16
168;unknown_p168;5;4994052.49;4377434.81
168;unknown_p168;1;4994058.75;4377431.74
168;unknown_p168;1;4993756.09;4377798.29
168;unknown_p168;2;4993787.46;4377781.96
168;unknown_p168;3;4993836.8;4377756.0
168;unknown_p168;4;4993911.99;4377639.86
168;unknown_p168;5;4993878.52;4377642.7
168;unknown_p168;6;4993845.73;4377666.54
168;unknown_p168;7;4993830.99;4377689.18
168;unknown_p168;8;4993776.34;4377768.88
168;unknown_p168;1;4993756.09;4377798.29
169;unknown_p169;1;4998446.83;4371954.83
169;unknown_p169;2;4998455.28;4371945.09
169;unknown_p169;3;4998448.57;4371939.27
169;unknown_p169;4;4998443.97;4371935.05
169;unknown_p169;5;4998435.54;4371944.81
169;unknown_p169;6;4998440.33;4371949.22
169;unknown_p169;1;4998446.83;4371954.83
169;unknown_p169;7;4997422.67;4373037.35
169;unknown_p169;8;4997430.88;4373025.99
169;unknown_p169;9;4997419.52;4373017.77
169;unknown_p169;10;4997411.3;4373029.13
169;unknown_p169;7;4997422.67;4373037.35
169;unknown_p169;11;4997308.43;4373195.39
169;unknown_p169;12;4997316.65;4373184.02
169;unknown_p169;13;4997305.29;4373175.81
169;unknown_p169;14;4997297.07;4373187.17
169;unknown_p169;11;4997308.43;4373195.39
169;unknown_p169;15;4995976.95;4375034.02
169;unknown_p169;16;4995985.38;4375022.82
169;unknown_p169;17;4995974.18;4375014.39
169;unknown_p169;18;4995965.75;4375025.59
169;unknown_p169;15;4995976.95;4375034.02
169;unknown_p169;19;4998547.04;4372042.05
169;unknown_p169;20;4998557.76;4372034.4
169;unknown_p169;21;4998542.69;4372021.25
169;unknown_p169;22;4998531.98;4372028.9
169;unknown_p169;19;4998547.04;4372042.05
169;unknown_p169;23;4998531.5;4372028.49
169;unknown_p169;24;4998542.35;4372020.95
169;unknown_p169;25;4998531.08;4372011.13
169;unknown_p169;26;4998526.04;4372006.54
169;unknown_p169;27;4998516.2;4372015.1
169;unknown_p169;28;4998522.55;4372021.01
169;unknown_p169;29;4998524.25;4372022.16
169;unknown_p169;23;4998531.5;4372028.49
169;unknown_p169;30;4997521.6;4372902.5
169;unknown_p169;31;4997533.27;4372885.74
169;unknown_p169;32;4997521.69;4372874.17
169;unknown_p169;33;4997507.48;4372888.38
170;unknown_p170;30;4997521.6;4372902.5
170;unknown_p170;34;4995922.54;4375111.28
170;unknown_p170;35;4995934.27;4375095.33
170;unknown_p170;36;4995918.32;4375083.6
170;unknown_p170;37;4995906.59;4375099.55
170;unknown_p170;34;4995922.54;4375111.28
170;unknown_p170;38;4998575.9;4372067.55
170;unknown_p170;39;4998583.48;4372056.88
170;unknown_p170;40;4998575.24;4372049.61
170;unknown_p170;41;4998558.47;4372035.06
170;unknown_p170;42;4998547.72;4372042.64
170;unknown_p170;43;4998566.64;4372059.16
170;unknown_p170;38;4998575.9;4372067.55
170;unknown_p170;44;4998512.7;4372011.85
170;unknown_p170;45;4998522.55;4372003.36
170;unknown_p170;46;4998517.85;4371999.08
170;unknown_p170;47;4998466.65;4371954.95
170;unknown_p170;48;4998463.03;4371951.83
170;unknown_p170;49;4998454.64;4371961.57
170;unknown_p170;50;4998458.18;4371964.63
170;unknown_p170;51;4998509.31;4372008.69
170;unknown_p170;44;4998512.7;4372011.85
170;unknown_p170;52;4999939.19;4368353.53
170;unknown_p170;53;4999946.15;4368307.17
170;unknown_p170;54;4999900.12;4368300.07
170;unknown_p170;55;4999898.1;4368299.75
170;unknown_p170;56;4999896.56;4368310.67
170;unknown_p170;57;4999890.68;4368309.87
170;unknown_p170;58;4999890.08;4368313.96
170;unknown_p170;59;4999888.36;4368317.63
170;unknown_p170;60;4999884.99;4368335.68
170;unknown_p170;61;4999886.32;4368339.84
170;unknown_p170;62;4999888.61;4368341.87
170;unknown_p170;63;4999893.25;4368342.63
170;unknown_p170;64;4999891.87;4368351.26
170;unknown_p170;65;4999895.47;4368351.84
170;unknown_p170;66;4999901.8;4368352.71
170;unknown_p170;67;4999911.22;4368353.03
170;unknown_p170;68;4999916.48;4368349.71
170;unknown_p170;52;4999939.19;4368353.53
170;unknown_p170;69;4997739.71;4368810.96
170;unknown_p170;70;4997743.3;4368808.28
170;unknown_p170;71;4997753.61;4368800.43
170;unknown_p170;72;4997754.15;4368800.02
170;unknown_p170;73;4997746.3;4368789.47
170;unknown_p170;74;4997744.94;4368790.48
170;unknown_p170;75;4997738.29;4368781.68
170;unknown_p170;76;4997739.73;4368780.54
171;unknown_p171;77;4997732.08;4368770.14
171;unknown_p171;78;4997731.17;4368771.02
171;unknown_p171;79;4997715.9;4368754.58
171;unknown_p171;80;4997714.27;4368752.83
171;unknown_p171;81;4997706.03;4368744.24
171;unknown_p171;82;4997704.4;4368745.37
171;unknown_p171;83;4997697.14;4368737.53
171;unknown_p171;84;4997698.46;4368736.3
171;unknown_p171;85;4997696.64;4368734.04
171;unknown_p171;86;4997689.12;4368726.03
171;unknown_p171;87;4997685.27;4368721.78
171;unknown_p171;88;4997666.05;4368699.72
171;unknown_p171;89;4997661.67;4368695.3
171;unknown_p171;90;4997660.06;4368693.44
171;unknown_p171;91;4997659.57;4368692.87
171;unknown_p171;92;4997654.9;4368687.48
171;unknown_p171;93;4997654.38;4368686.87
171;unknown_p171;94;4997652.82;4368685.04
171;unknown_p171;95;4997652.32;4368684.45
171;unknown_p171;96;4997648.38;4368679.84
171;unknown_p171;97;4997648.53;4368679.09
171;unknown_p171;98;4997648.92;4368677.03
171;unknown_p171;99;4997649.06;4368676.31
171;unknown_p171;100;4997648.53;4368676.58
171;unknown_p171;101;4997629.2;4368685.59
171;unknown_p171;102;4997630.53;4368687.04
171;unknown_p171;103;4997631.05;4368688.14
171;unknown_p171;104;4997656.65;4368715.49
171;unknown_p171;105;4997669.17;4368729.15
171;unknown_p171;106;4997673.2;4368733.61
171;unknown_p171;107;4997687.72;4368749.4
171;unknown_p171;108;4997693.57;4368756.3
171;unknown_p171;109;4997708.96;4368772.96
171;unknown_p171;110;4997710.73;4368774.89
171;unknown_p171;111;4997722.91;4368788.17
171;unknown_p171;69;4997739.71;4368810.96
171;unknown_p171;112;4999804.72;4368670.57
171;unknown_p171;113;4999836.96;4368669.0
171;unknown_p171;114;4999840.9;4368650.3
171;unknown_p171;115;4999841.75;4368650.45
171;unknown_p171;116;4999842.2;4368648.05
171;unknown_p171;117;4999841.31;4368647.88
171;unknown_p171;118;4999852.69;4368589.37
171;unknown_p171;119;4999832.79;4368585.17
171;unknown_p171;120;4999809.86;4368581.86
171;unknown_p171;121;4999803.88;4368581.01
171;unknown_p171;122;4999799.48;4368599.29
171;unknown_p171;123;4999799.35;4368599.96
171;unknown_p171;124;4999793.08;4368632.57
171;unknown_p171;125;4999806.08;4368647.34
171;unknown_p171;112;4999804.72;4368670.57
172;unknown_p172;126;4997623.66;4368677.29
172;unknown_p172;127;4997639.21;4368669.34
172;unknown_p172;128;4997648.04;4368665.47
172;unknown_p172;129;4997647.24;4368663.01
172;unknown_p172;130;4997639.01;4368659.5
172;unknown_p172;131;4997624.28;4368619.75
172;unknown_p172;132;4997621.66;4368613.3
172;unknown_p172;133;4997619.25;4368606.72
172;unknown_p172;134;4997617.89;4368604.86
172;unknown_p172;135;4997614.01;4368594.6
172;unknown_p172;136;4997612.09;4368589.63
172;unknown_p172;137;4997610.77;4368586.22
172;unknown_p172;138;4997602.5;4368564.12
172;unknown_p172;139;4997598.51;4368553.33
172;unknown_p172;140;4997604.71;4368552.79
172;unknown_p172;141;4997600.9;4368523.61
172;unknown_p172;142;4997600.56;4368520.58
172;unknown_p172;143;4997600.03;4368516.24
172;unknown_p172;144;4997598.58;4368516.4
172;unknown_p172;145;4997597.99;4368510.83
172;unknown_p172;146;4997599.4;4368510.67
172;unknown_p172;147;4997599.25;4368509.25
172;unknown_p172;148;4997597.68;4368496.61
172;unknown_p172;149;4997595.33;4368478.45
172;unknown_p172;150;4997597.06;4368474.13
172;unknown_p172;151;4997598.01;4368471.67
172;unknown_p172;152;4997600.83;4368464.31
172;unknown_p172;153;4997606.23;4368448.96
172;unknown_p172;154;4997581.78;4368452.4
172;unknown_p172;155;4997556.79;4368461.68
172;unknown_p172;156;4997558.43;4368467.3
172;unknown_p172;157;4997545.66;4368471.16
172;unknown_p172;158;4997551.26;4368487.04
172;unknown_p172;159;4997552.64;4368486.54
172;unknown_p172;160;4997556.16;4368496.1
172;unknown_p172;161;4997554.9;4368496.57
172;unknown_p172;162;4997559.21;4368507.41
172;unknown_p172;163;4997566.72;4368527.59
172;unknown_p172;164;4997567.71;4368527.18
172;unknown_p172;165;4997568.55;4368529.2
172;unknown_p172;166;4997567.48;4368529.64
172;unknown_p172;167;4997569.71;4368535.47
172;unknown_p172;168;4997573.19;4368543.91
172;unknown_p172;169;4997583.42;4368571.93
172;unknown_p172;170;4997584.48;4368571.53
172;unknown_p172;171;4997585.03;4368572.99
172;unknown_p172;172;4997584.02;4368573.37
172;unknown_p172;173;4997586.36;4368580.01
172;unknown_p172;174;4997588.24;4368584.93
172;unknown_p172;175;4997588.61;4368585.75
172;unknown_p172;176;4997589.43;4368585.39
172;unknown_p172;177;4997590.14;4368587.11
172;unknown_p172;178;4997589.36;4368587.44
173;unknown_p173;179;4997596.38;4368605.79
173;unknown_p173;180;4997599.64;4368614.17
173;unknown_p173;181;4997608.51;4368638.08
173;unknown_p173;182;4997609.82;4368637.58
173;unknown_p173;183;4997610.75;4368639.97
173;unknown_p173;184;4997609.36;4368640.5
173;unknown_p173;185;4997609.88;4368642.05
173;unknown_p173;186;4997612.96;4368649.5
173;unknown_p173;187;4997617.25;4368660.68
173;unknown_p173;188;4997617.79;4368660.45
173;unknown_p173;189;4997619.45;4368664.17
173;unknown_p173;190;4997618.74;4368664.49
173;unknown_p173;191;4997623.13;4368675.9
173;unknown_p173;126;4997623.66;4368677.29
173;unknown_p173;192;4998270.38;4369262.3
173;unknown_p173;193;4998274.27;4369261.57
173;unknown_p173;194;4998268.47;4369236.59
173;unknown_p173;195;4998270.35;4369226.05
173;unknown_p173;196;4998267.64;4369213.72
173;unknown_p173;197;4998260.42;4369199.34
173;unknown_p173;198;4998262.95;4369171.84
173;unknown_p173;199;4998265.21;4369165.87
173;unknown_p173;200;4998267.58;4369144.68
173;unknown_p173;201;4998269.28;4369136.08
173;unknown_p173;202;4998273.92;4369116.67
173;unknown_p173;203;4998273.04;4369115.44
173;unknown_p173;204;4998274.01;4369114.36
173;unknown_p173;205;4998281.97;4369114.38
173;unknown_p173;206;4998287.03;4369103.7
173;unknown_p173;207;4998293.53;4369102.05
173;unknown_p173;208;4998297.14;4369090.39
173;unknown_p173;209;4998311.61;4369042.83
173;unknown_p173;210;4998309.58;4369042.09
173;unknown_p173;211;4998312.01;4369032.07
173;unknown_p173;212;4998315.03;4369031.0
173;unknown_p173;213;4998316.41;4369025.24
173;unknown_p173;214;4998321.46;4369004.71
173;unknown_p173;215;4998311.98;4368998.13
173;unknown_p173;216;4998306.64;4368985.68
173;unknown_p173;217;4998304.69;4368959.5
173;unknown_p173;218;4998306.27;4368956.13
173;unknown_p173;219;4998304.57;4368943.83
173;unknown_p173;220;4998298.72;4368911.91
173;unknown_p173;221;4998296.95;4368900.76
173;unknown_p173;222;4998294.44;4368884.99
173;unknown_p173;223;4998291.52;4368860.83
173;unknown_p173;224;4998292.49;4368859.61
173;unknown_p173;225;4998294.18;4368851.72
173;unknown_p173;226;4998295.71;4368845.45
173;unknown_p173;227;4998289.29;4368843.72
173;unknown_p173;228;4998277.68;4368840.03
173;unknown_p173;229;4998275.21;4368838.8
174;unknown_p174;230;4998273.73;4368841.78
174;unknown_p174;231;4998260.54;4368832.61
174;unknown_p174;232;4998253.94;4368818.43
174;unknown_p174;233;4998245.86;4368801.09
174;unknown_p174;234;4998239.5;4368788.1
174;unknown_p174;235;4998236.25;4368780.64
174;unknown_p174;236;4998227.43;4368765.77
174;unknown_p174;237;4998213.91;4368740.33
174;unknown_p174;238;4998203.15;4368714.78
174;unknown_p174;239;4998204.51;4368711.9
174;unknown_p174;240;4998204.54;4368711.65
174;unknown_p174;241;4998200.98;4368693.22
174;unknown_p174;242;4998196.01;4368673.09
174;unknown_p174;243;4998193.78;4368662.12
174;unknown_p174;244;4998193.76;4368657.55
174;unknown_p174;245;4998191.44;4368645.25
174;unknown_p174;246;4998188.99;4368628.5
174;unknown_p174;247;4998187.19;4368617.97
174;unknown_p174;248;4998187.63;4368617.24
174;unknown_p174;249;4998189.67;4368614.5
174;unknown_p174;250;4998187.17;4368606.38
174;unknown_p174;251;4998185.49;4368605.18
174;unknown_p174;252;4998182.28;4368571.94
174;unknown_p174;253;4998178.5;4368530.39
174;unknown_p174;254;4998175.98;4368504.66
174;unknown_p174;255;4998172.75;4368470.66
174;unknown_p174;256;4998171.48;4368452.63
174;unknown_p174;257;4998173.08;4368444.92
174;unknown_p174;258;4998175.02;4368439.78
174;unknown_p174;259;4998176.99;4368436.32
174;unknown_p174;260;4998178.84;4368434.03
174;unknown_p174;261;4998181.74;4368431.08
174;unknown_p174;262;4998159.88;4368410.78
174;unknown_p174;263;4998168.85;4368487.59
174;unknown_p174;264;4998171.25;4368507.27
174;unknown_p174;265;4998175.1;4368556.78
174;unknown_p174;266;4998179.82;4368615.82
174;unknown_p174;267;4998180.31;4368625.21
174;unknown_p174;268;4998182.16;4368633.13
174;unknown_p174;269;4998184.61;4368642.35
174;unknown_p174;270;4998195.63;4368699.57
174;unknown_p174;271;4998188.21;4368701.17
174;unknown_p174;272;4998186.5;4368704.6
174;unknown_p174;273;4998202.01;4368728.56
174;unknown_p174;274;4998221.58;4368764.59
174;unknown_p174;275;4998233.09;4368790.2
174;unknown_p174;276;4998234.52;4368794.88
174;unknown_p174;277;4998235.73;4368798.99
174;unknown_p174;278;4998249.68;4368832.64
174;unknown_p174;279;4998250.5;4368834.85
174;unknown_p174;280;4998250.81;4368842.83
174;unknown_p174;281;4998266.61;4368842.44
174;unknown_p174;282;4998270.06;4368843.76
175;unknown_p175;283;4998279.1;4368854.21
175;unknown_p175;284;4998281.24;4368856.52
175;unknown_p175;285;4998283.44;4368859.97
175;unknown_p175;286;4998287.97;4368873.75
175;unknown_p175;287;4998298.6;4368931.8
175;unknown_p175;288;4998297.89;4368936.62
175;unknown_p175;289;4998297.44;4368958.48
175;unknown_p175;290;4998296.84;4368966.45
175;unknown_p175;291;4998302.98;4368998.03
175;unknown_p175;292;4998306.88;4369004.16
175;unknown_p175;293;4998305.05;4369034.3
175;unknown_p175;294;4998302.76;4369045.84
175;unknown_p175;295;4998288.85;4369093.29
175;unknown_p175;296;4998276.32;4369106.21
175;unknown_p175;297;4998275.44;4369105.86
175;unknown_p175;298;4998270.11;4369109.91
175;unknown_p175;299;4998270.11;4369110.96
175;unknown_p175;300;4998267.05;4369123.13
175;unknown_p175;301;4998263.33;4369144.5
175;unknown_p175;302;4998262.19;4369159.03
175;unknown_p175;303;4998258.89;4369166.07
175;unknown_p175;304;4998248.86;4369176.08
175;unknown_p175;305;4998250.42;4369194.0
175;unknown_p175;306;4998247.66;4369212.46
175;unknown_p175;307;4998254.44;4369212.4
175;unknown_p175;308;4998260.22;4369238.48
175;unknown_p175;309;4998260.7;4369257.76
175;unknown_p175;310;4998262.84;4369258.03
175;unknown_p175;311;4998265.06;4369258.03
175;unknown_p175;312;4998269.46;4369257.22
175;unknown_p175;192;4998270.38;4369262.3
175;unknown_p175;313;4998369.96;4369765.43
175;unknown_p175;314;4998370.43;4369771.37
175;unknown_p175;315;4998371.19;4369779.49
175;unknown_p175;316;4998371.87;4369788.1
175;unknown_p175;317;4998374.15;4369817.26
175;unknown_p175;318;4998374.1;4369817.99
175;unknown_p175;319;4998374.16;4369818.44
175;unknown_p175;320;4998375.3;4369819.49
175;unknown_p175;321;4998376.55;4369819.44
175;unknown_p175;322;4998385.5;4369819.25
175;unknown_p175;323;4998409.02;4369818.7
175;unknown_p175;324;4998418.65;4369819.41
175;unknown_p175;325;4998422.29;4369819.55
175;unknown_p175;326;4998453.2;4369819.06
175;unknown_p175;327;4998457.13;4369818.65
175;unknown_p175;328;4998465.36;4369817.98
175;unknown_p175;329;4998489.29;4369816.03
175;unknown_p175;330;4998496.32;4369814.97
175;unknown_p175;331;4998511.46;4369812.69
175;unknown_p175;332;4998521.51;4369811.17
175;unknown_p175;333;4998540.73;4369808.27
176;unknown_p176;334;4998581.7;4369802.13
176;unknown_p176;335;4998595.42;4369800.37
176;unknown_p176;336;4998643.32;4369791.65
176;unknown_p176;337;4998663.37;4369788.41
176;unknown_p176;338;4998662.96;4369786.39
176;unknown_p176;339;4998669.62;4369785.38
176;unknown_p176;340;4998675.0;4369784.67
176;unknown_p176;341;4998675.04;4369784.02
176;unknown_p176;342;4998731.86;4369774.18
176;unknown_p176;343;4998731.76;4369773.83
176;unknown_p176;344;4998734.95;4369773.28
176;unknown_p176;345;4998856.84;4369752.21
176;unknown_p176;346;4998856.9;4369752.68
176;unknown_p176;347;4998990.38;4369730.34
176;unknown_p176;348;4998992.88;4369730.69
176;unknown_p176;349;4999012.78;4369727.2
176;unknown_p176;350;4999055.47;4369705.98
176;unknown_p176;351;4999054.49;4369696.4
176;unknown_p176;352;4999061.19;4369696.66
176;unknown_p176;353;4999070.52;4369698.71
176;unknown_p176;354;4999077.0;4369699.73
176;unknown_p176;355;4999080.88;4369698.93
176;unknown_p176;356;4999081.12;4369699.22
176;unknown_p176;357;4999089.43;4369693.97
176;unknown_p176;358;4999092.03;4369692.5
176;unknown_p176;359;4999096.21;4369689.7
176;unknown_p176;360;4999100.81;4369687.5
176;unknown_p176;361;4999105.78;4369685.59
176;unknown_p176;362;4999116.33;4369678.49
176;unknown_p176;363;4999118.67;4369680.11
176;unknown_p176;364;4999123.36;4369682.06
176;unknown_p176;365;4999128.29;4369682.92
176;unknown_p176;366;4999133.29;4369682.83
176;unknown_p176;367;4999138.13;4369681.8
176;unknown_p176;368;4999142.73;4369679.67
176;unknown_p176;369;4999146.75;4369676.63
176;unknown_p176;370;4999150.12;4369672.85
176;unknown_p176;371;4999152.5;4369668.49
176;unknown_p176;372;4999153.95;4369663.7
176;unknown_p176;373;4999154.49;4369658.79
176;unknown_p176;374;4999153.88;4369653.86
176;unknown_p176;375;4999152.26;4369649.12
176;unknown_p176;376;4999173.39;4369635.3
176;unknown_p176;377;4999178.21;4369633.96
176;unknown_p176;378;4999180.93;4369632.62
176;unknown_p176;379;4999186.96;4369624.61
176;unknown_p176;380;4999204.65;4369614.65
176;unknown_p176;381;4999265.82;4369578.49
176;unknown_p176;382;4999267.13;4369576.19
176;unknown_p176;383;4999278.33;4369567.66
176;unknown_p176;384;4999284.71;4369569.17
176;unknown_p176;385;4999288.95;4369569.16
176;unknown_p176;386;4999428.02;4369487.81
177;unknown_p177;387;4999567.08;4369406.27
177;unknown_p177;388;4999633.27;4369367.06
177;unknown_p177;389;4999646.33;4369386.44
177;unknown_p177;390;4999608.29;4369408.94
177;unknown_p177;391;4999608.44;4369409.21
177;unknown_p177;392;4999571.12;4369431.17
177;unknown_p177;393;4999570.63;4369431.22
177;unknown_p177;394;4999544.49;4369446.18
177;unknown_p177;395;4999541.03;4369448.24
177;unknown_p177;396;4999537.63;4369450.27
177;unknown_p177;397;4999517.65;4369461.68
177;unknown_p177;398;4999486.06;4369480.69
177;unknown_p177;399;4999481.82;4369483.13
177;unknown_p177;400;4999459.81;4369495.99
177;unknown_p177;401;4999435.03;4369510.21
177;unknown_p177;402;4999402.33;4369529.2
177;unknown_p177;403;4999334.66;4369569.03
177;unknown_p177;404;4999315.61;4369580.1
177;unknown_p177;405;4999286.57;4369597.4
177;unknown_p177;406;4999277.83;4369601.69
177;unknown_p177;407;4999232.09;4369628.57
177;unknown_p177;408;4999195.55;4369650.23
177;unknown_p177;409;4999182.54;4369658.06
177;unknown_p177;410;4999180.55;4369659.47
177;unknown_p177;411;4999171.93;4369677.79
177;unknown_p177;412;4999165.7;4369702.18
177;unknown_p177;413;4999165.56;4369704.69
177;unknown_p177;414;4999166.58;4369707.02
177;unknown_p177;415;4999146.42;4369715.36
177;unknown_p177;416;4999145.4;4369713.12
177;unknown_p177;417;4999140.83;4369706.55
177;unknown_p177;418;4999128.94;4369696.8
177;unknown_p177;419;4999109.91;4369693.8
177;unknown_p177;420;4999079.86;4369709.55
177;unknown_p177;421;4999090.11;4369719.81
177;unknown_p177;422;4999089.7;4369723.46
177;unknown_p177;423;4999089.2;4369728.89
177;unknown_p177;424;4999088.63;4369730.76
177;unknown_p177;425;4999086.13;4369732.21
177;unknown_p177;426;4999069.25;4369735.12
177;unknown_p177;427;4999005.12;4369746.23
177;unknown_p177;428;4998932.85;4369758.46
177;unknown_p177;429;4998874.15;4369768.4
177;unknown_p177;430;4998852.1;4369772.62
177;unknown_p177;431;4998812.73;4369779.35
177;unknown_p177;432;4998780.88;4369784.87
177;unknown_p177;433;4998770.77;4369786.52
177;unknown_p177;434;4998765.72;4369787.3
177;unknown_p177;435;4998752.95;4369789.35
177;unknown_p177;436;4998724.81;4369794.06
177;unknown_p177;437;4998715.42;4369795.62
177;unknown_p177;438;4998700.57;4369798.44
177;unknown_p177;439;4998687.31;4369801.01
178;unknown_p178;440;4998680.33;4369801.7
178;unknown_p178;441;4998680.61;4369802.1
178;unknown_p178;442;4998676.22;4369803.05
178;unknown_p178;443;4998674.11;4369803.82
178;unknown_p178;444;4998631.81;4369810.78
178;unknown_p178;445;4998611.76;4369813.38
178;unknown_p178;446;4998609.58;4369813.75
178;unknown_p178;447;4998524.19;4369828.21
178;unknown_p178;448;4998510.4;4369830.55
178;unknown_p178;449;4998504.0;4369831.64
178;unknown_p178;450;4998481.44;4369834.94
178;unknown_p178;451;4998467.25;4369837.02
178;unknown_p178;452;4998459.89;4369838.29
178;unknown_p178;453;4998456.98;4369839.24
178;unknown_p178;454;4998453.62;4369840.32
178;unknown_p178;455;4998448.57;4369844.19
178;unknown_p178;456;4998445.08;4369848.24
178;unknown_p178;457;4998442.74;4369850.83
178;unknown_p178;458;4998429.75;4369865.65
178;unknown_p178;459;4998423.79;4369869.23
178;unknown_p178;460;4998418.29;4369878.49
178;unknown_p178;461;4998417.95;4369879.06
178;unknown_p178;462;4998390.44;4369910.3
178;unknown_p178;463;4998387.55;4369914.2
178;unknown_p178;464;4998386.29;4369916.74
178;unknown_p178;465;4998383.2;4369912.73
178;unknown_p178;466;4998361.82;4369936.13
178;unknown_p178;467;4998354.87;4369944.98
178;unknown_p178;468;4998353.23;4369947.69
178;unknown_p178;469;4998347.14;4369956.15
178;unknown_p178;470;4998345.82;4369958.45
178;unknown_p178;471;4998344.56;4369960.86
178;unknown_p178;472;4998342.79;4369964.48
178;unknown_p178;473;4998340.99;4369980.02
178;unknown_p178;474;4998343.16;4369980.52
178;unknown_p178;475;4998341.58;4369987.34
178;unknown_p178;476;4998340.36;4369987.06
178;unknown_p178;477;4998339.7;4369993.32
178;unknown_p178;478;4998336.74;4370023.44
178;unknown_p178;479;4998330.52;4370069.66
178;unknown_p178;480;4998329.23;4370069.53
178;unknown_p178;481;4998325.84;4370084.71
178;unknown_p178;482;4998321.8;4370121.99
178;unknown_p178;483;4998323.78;4370138.77
178;unknown_p178;484;4998318.53;4370185.84
178;unknown_p178;485;4998316.9;4370201.0
178;unknown_p178;486;4998311.43;4370200.41
178;unknown_p178;487;4998305.83;4370250.64
178;unknown_p178;488;4998304.86;4370259.57
178;unknown_p178;489;4998310.48;4370260.24
178;unknown_p178;490;4998309.14;4370270.96
178;unknown_p178;491;4998303.69;4370270.38
178;unknown_p178;492;4998302.11;4370285.01
179;unknown_p179;493;4998300.24;4370302.22
179;unknown_p179;494;4998299.4;4370309.99
179;unknown_p179;495;4998303.01;4370313.77
179;unknown_p179;496;4998301.48;4370321.1
179;unknown_p179;497;4998290.38;4370413.92
179;unknown_p179;498;4998284.9;4370442.52
179;unknown_p179;499;4998277.86;4370480.34
179;unknown_p179;500;4998278.98;4370494.01
179;unknown_p179;501;4998275.39;4370512.23
179;unknown_p179;502;4998267.96;4370535.49
179;unknown_p179;503;4998216.64;4370776.88
179;unknown_p179;504;4998208.36;4370816.15
179;unknown_p179;505;4998208.2;4370826.71
179;unknown_p179;506;4998203.88;4370846.99
179;unknown_p179;507;4998196.59;4370870.28
179;unknown_p179;508;4998164.66;4371020.6
179;unknown_p179;509;4998151.63;4371084.12
179;unknown_p179;510;4998147.1;4371083.27
179;unknown_p179;511;4998137.63;4371126.38
179;unknown_p179;512;4998127.22;4371167.67
179;unknown_p179;513;4998121.72;4371184.45
179;unknown_p179;514;4998115.42;4371206.64
179;unknown_p179;515;4998098.58;4371247.17
179;unknown_p179;516;4998090.31;4371263.8
179;unknown_p179;517;4998084.18;4371278.06
179;unknown_p179;518;4998069.44;4371310.62
179;unknown_p179;519;4998079.44;4371315.15
179;unknown_p179;520;4998075.54;4371326.78
179;unknown_p179;521;4998079.65;4371358.29
179;unknown_p179;522;4998049.18;4371414.49
179;unknown_p179;523;4998037.88;4371409.86
179;unknown_p179;524;4998018.72;4371402.02
179;unknown_p179;525;4998000.43;4371441.96
179;unknown_p179;526;4998002.27;4371445.51
179;unknown_p179;527;4998024.34;4371455.55
179;unknown_p179;528;4998039.19;4371461.57
179;unknown_p179;529;4998037.31;4371466.11
179;unknown_p179;530;4998076.77;4371481.23
179;unknown_p179;531;4998084.17;4371485.2
179;unknown_p179;532;4998087.22;4371486.64
179;unknown_p179;533;4998092.89;4371482.04
179;unknown_p179;534;4998097.06;4371484.29
179;unknown_p179;535;4998120.92;4371439.9
179;unknown_p179;536;4998168.07;4371351.93
179;unknown_p179;537;4998210.01;4371262.79
179;unknown_p179;538;4998239.66;4371177.0
179;unknown_p179;539;4998263.78;4371074.55
179;unknown_p179;540;4998282.43;4370977.61
179;unknown_p179;541;4998300.74;4370879.68
179;unknown_p179;542;4998314.11;4370780.51
179;unknown_p179;543;4998330.44;4370681.89
179;unknown_p179;544;4998351.89;4370583.85
179;unknown_p179;545;4998356.94;4370529.52
180;unknown_p180;546;4998429.56;4370338.67
180;unknown_p180;547;4998483.77;4370250.86
180;unknown_p180;548;4998539.98;4370197.49
180;unknown_p180;549;4998572.83;4370166.3
180;unknown_p180;550;4998632.48;4370110.2
180;unknown_p180;551;4998734.97;4370054.49
180;unknown_p180;552;4998937.92;4369976.52
180;unknown_p180;553;4998987.51;4369958.02
180;unknown_p180;554;4999016.63;4369946.29
180;unknown_p180;555;4999090.6;4369919.3
180;unknown_p180;556;4999116.43;4369909.91
180;unknown_p180;557;4999218.02;4369875.21
180;unknown_p180;558;4999228.02;4369870.5
180;unknown_p180;559;4999238.76;4369864.44
180;unknown_p180;560;4999346.95;4369823.72
180;unknown_p180;561;4999364.05;4369817.03
180;unknown_p180;562;4999410.96;4369799.73
180;unknown_p180;563;4999430.41;4369791.12
180;unknown_p180;564;4999433.93;4369795.55
180;unknown_p180;565;4999463.83;4369779.58
180;unknown_p180;566;4999502.37;4369760.86
180;unknown_p180;567;4999531.28;4369743.67
180;unknown_p180;568;4999581.87;4369708.23
180;unknown_p180;569;4999628.94;4369664.7
180;unknown_p180;570;4999667.39;4369626.07
180;unknown_p180;571;4999682.92;4369603.21
180;unknown_p180;572;4999687.75;4369586.73
180;unknown_p180;573;4999672.64;4369569.17
180;unknown_p180;574;4999718.63;4369505.93
180;unknown_p180;575;4999740.25;4369470.45
180;unknown_p180;576;4999769.67;4369410.7
180;unknown_p180;577;4999774.94;4369399.61
180;unknown_p180;578;4999789.52;4369364.3
180;unknown_p180;579;4999757.85;4369358.0
180;unknown_p180;580;4999759.43;4369325.51
180;unknown_p180;581;4999754.68;4369320.03
180;unknown_p180;582;4999755.0;4369318.05
180;unknown_p180;583;4999761.13;4369280.11
180;unknown_p180;584;4999767.22;4369251.45
180;unknown_p180;585;4999733.83;4369245.9
180;unknown_p180;586;4999733.36;4369245.82
180;unknown_p180;587;4999732.2;4369252.83
180;unknown_p180;588;4999713.19;4369249.36
180;unknown_p180;589;4999712.29;4369239.88
180;unknown_p180;590;4999722.67;4369240.46
180;unknown_p180;591;4999734.5;4369180.55
180;unknown_p180;592;4999735.03;4369180.6
180;unknown_p180;593;4999737.11;4369170.36
180;unknown_p180;594;4999738.72;4369162.47
180;unknown_p180;595;4999743.96;4369133.97
180;unknown_p180;596;4999746.83;4369120.27
180;unknown_p180;597;4999766.04;4369025.06
180;unknown_p180;598;4999766.14;4369024.54
181;unknown_p181;599;4999796.66;4368879.08
181;unknown_p181;600;4999821.74;4368878.0
181;unknown_p181;601;4999851.63;4368735.44
181;unknown_p181;602;4999859.6;4368698.75
181;unknown_p181;603;4999865.81;4368670.94
181;unknown_p181;604;4999878.85;4368605.37
181;unknown_p181;605;4999899.8;4368609.89
181;unknown_p181;606;4999901.13;4368604.14
181;unknown_p181;607;4999902.01;4368600.43
181;unknown_p181;608;4999918.13;4368524.54
181;unknown_p181;609;4999915.81;4368515.73
181;unknown_p181;610;4999908.28;4368505.99
181;unknown_p181;611;4999953.4;4368513.95
181;unknown_p181;612;4999967.48;4368517.0
181;unknown_p181;613;4999967.92;4368514.69
181;unknown_p181;614;4999973.48;4368489.13
181;unknown_p181;615;4999977.18;4368471.11
181;unknown_p181;616;4999979.87;4368458.64
181;unknown_p181;617;4999975.74;4368439.65
181;unknown_p181;618;4999967.45;4368393.35
181;unknown_p181;619;4999966.86;4368369.4
181;unknown_p181;620;4999970.11;4368342.14
181;unknown_p181;621;4999990.18;4368210.05
181;unknown_p181;622;4999991.73;4368199.85
181;unknown_p181;623;4999997.9;4368201.2
181;unknown_p181;624;5000024.88;4368187.95
181;unknown_p181;625;5000025.5;4368180.84
181;unknown_p181;626;5000026.51;4368170.9
181;unknown_p181;627;5000035.25;4368160.85
181;unknown_p181;628;5000036.97;4368155.37
181;unknown_p181;629;5000042.9;4368152.3
181;unknown_p181;630;5000056.98;4368121.07
181;unknown_p181;631;5000052.34;4368087.13
181;unknown_p181;632;5000041.76;4368042.77
181;unknown_p181;633;5000016.8;4367984.09
181;unknown_p181;634;4999990.79;4367935.58
181;unknown_p181;635;4999956.81;4367893.43
181;unknown_p181;636;4999927.93;4367859.02
181;unknown_p181;637;4999833.3;4367784.24
181;unknown_p181;638;4999836.39;4367778.07
181;unknown_p181;639;4999828.94;4367773.8
181;unknown_p181;640;4999823.34;4367770.69
181;unknown_p181;641;4999812.44;4367764.56
181;unknown_p181;642;4999792.82;4367755.76
181;unknown_p181;643;4999780.66;4367751.66
181;unknown_p181;644;4999779.03;4367755.35
181;unknown_p181;645;4999772.58;4367776.79
181;unknown_p181;646;4999754.98;4367772.33
181;unknown_p181;647;4999737.56;4367768.6
181;unknown_p181;648;4999684.84;4367755.8
181;unknown_p181;649;4999690.62;4367733.9
181;unknown_p181;650;4999714.22;4367735.56
181;unknown_p181;651;4999715.03;4367729.98
182;unknown_p182;652;4999678.55;4367724.64
182;unknown_p182;653;4999678.16;4367727.44
182;unknown_p182;654;4999660.57;4367725.78
182;unknown_p182;655;4999660.76;4367723.74
182;unknown_p182;656;4999655.49;4367722.52
182;unknown_p182;657;4999644.69;4367721.69
182;unknown_p182;658;4999644.54;4367726.78
182;unknown_p182;659;4999635.89;4367725.65
182;unknown_p182;660;4999615.69;4367725.88
182;unknown_p182;661;4999612.08;4367725.87
182;unknown_p182;662;4999608.48;4367725.85
182;unknown_p182;663;4999604.4;4367725.83
182;unknown_p182;664;4999602.95;4367725.83
182;unknown_p182;665;4999598.18;4367726.25
182;unknown_p182;666;4999579.64;4367728.36
182;unknown_p182;667;4999563.9;4367730.15
182;unknown_p182;668;4999559.91;4367730.61
182;unknown_p182;669;4999541.77;4367732.68
182;unknown_p182;670;4999541.92;4367734.26
182;unknown_p182;671;4999535.44;4367734.89
182;unknown_p182;672;4999536.57;4367747.75
182;unknown_p182;673;4999533.89;4367748.25
182;unknown_p182;674;4999520.75;4367749.4
182;unknown_p182;675;4999518.22;4367750.28
182;unknown_p182;676;4999467.06;4367768.13
182;unknown_p182;677;4999427.59;4367787.18
182;unknown_p182;678;4999415.69;4367792.92
182;unknown_p182;679;4999407.83;4367794.76
182;unknown_p182;680;4999360.64;4367845.74
182;unknown_p182;681;4999332.78;4367860.14
182;unknown_p182;682;4999327.99;4367851.97
182;unknown_p182;683;4999295.68;4367865.81
182;unknown_p182;684;4999286.21;4367869.32
182;unknown_p182;685;4999255.7;4367880.62
182;unknown_p182;686;4999238.72;4367889.84
182;unknown_p182;687;4999171.7;4367926.44
182;unknown_p182;688;4999133.04;4367947.04
182;unknown_p182;689;4999095.09;4367961.02
182;unknown_p182;690;4999034.48;4367982.52
182;unknown_p182;691;4999023.52;4367985.23
182;unknown_p182;692;4999015.73;4367985.47
182;unknown_p182;693;4998966.1;4367981.66
182;unknown_p182;694;4998906.56;4367975.22
182;unknown_p182;695;4998902.78;4367974.58
182;unknown_p182;696;4998895.74;4367973.15
182;unknown_p182;697;4998888.14;4367971.21
182;unknown_p182;698;4998882.15;4367969.74
182;unknown_p182;699;4998875.07;4367966.8
182;unknown_p182;700;4998825.09;4367948.44
182;unknown_p182;701;4998790.72;4367935.81
182;unknown_p182;702;4998774.17;4367928.63
182;unknown_p182;703;4998750.51;4367918.29
182;unknown_p182;704;4998740.93;4367913.9
183;unknown_p183;705;4998736.98;4367911.21
183;unknown_p183;706;4998732.19;4367907.07
183;unknown_p183;707;4998714.14;4367888.97
183;unknown_p183;708;4998688.72;4367862.67
183;unknown_p183;709;4998660.5;4367833.45
183;unknown_p183;710;4998633.27;4367804.01
183;unknown_p183;711;4998614.46;4367782.31
183;unknown_p183;712;4998599.24;4367763.27
183;unknown_p183;713;4998596.81;4367759.61
183;unknown_p183;714;4998592.1;4367752.56
183;unknown_p183;715;4998571.94;4367722.24
183;unknown_p183;716;4998569.5;4367718.58
183;unknown_p183;717;4998573.91;4367715.2
183;unknown_p183;718;4998552.38;4367677.47
183;unknown_p183;719;4998537.49;4367653.82
183;unknown_p183;720;4998514.35;4367614.06
183;unknown_p183;721;4998503.52;4367589.39
183;unknown_p183;722;4998495.01;4367568.13
183;unknown_p183;723;4998489.54;4367551.62
183;unknown_p183;724;4998479.33;4367518.07
183;unknown_p183;725;4998479.7;4367517.63
183;unknown_p183;726;4998478.91;4367514.52
183;unknown_p183;727;4998476.2;4367502.34
183;unknown_p183;728;4998465.59;4367454.71
183;unknown_p183;729;4998464.11;4367447.99
183;unknown_p183;730;4998465.35;4367447.68
183;unknown_p183;731;4998457.36;4367412.16
183;unknown_p183;732;4998445.38;4367415.05
183;unknown_p183;733;4998440.77;4367416.17
183;unknown_p183;734;4998441.82;4367420.25
183;unknown_p183;735;4998436.18;4367421.71
183;unknown_p183;736;4998433.78;4367411.97
183;unknown_p183;737;4998432.08;4367404.77
183;unknown_p183;738;4998436.78;4367403.76
183;unknown_p183;739;4998451.21;4367400.42
183;unknown_p183;740;4998442.25;4367362.53
183;unknown_p183;741;4998427.77;4367365.7
183;unknown_p183;742;4998423.09;4367366.83
183;unknown_p183;743;4998420.63;4367356.45
183;unknown_p183;744;4998419.44;4367351.43
183;unknown_p183;745;4998418.15;4367346.04
183;unknown_p183;746;4998416.24;4367338.18
183;unknown_p183;747;4998408.3;4367304.86
183;unknown_p183;748;4998396.2;4367307.55
183;unknown_p183;749;4998382.28;4367247.13
183;unknown_p183;750;4998351.72;4367253.91
183;unknown_p183;751;4998340.1;4367205.24
183;unknown_p183;752;4998348.71;4367203.08
183;unknown_p183;753;4998340.09;4367166.16
183;unknown_p183;754;4998350.5;4367163.18
183;unknown_p183;755;4998348.08;4367151.82
183;unknown_p183;756;4998367.73;4367147.88
183;unknown_p183;757;4998366.08;4367141.32
184;unknown_p184;758;4998375.78;4367138.98
184;unknown_p184;759;4998367.4;4367108.65
184;unknown_p184;760;4998363.22;4367093.51
184;unknown_p184;761;4998381.41;4367089.64
184;unknown_p184;762;4998376.89;4367083.03
184;unknown_p184;763;4998327.47;4366837.28
184;unknown_p184;764;4998345.48;4366833.15
184;unknown_p184;765;4998346.25;4366833.92
184;unknown_p184;766;4998371.07;4366937.43
184;unknown_p184;767;4998387.98;4366933.78
184;unknown_p184;768;4998402.4;4366930.67
184;unknown_p184;769;4998407.04;4366940.11
184;unknown_p184;770;4998416.4;4366979.5
184;unknown_p184;771;4998433.16;4366983.11
184;unknown_p184;772;4998448.8;4366986.76
184;unknown_p184;773;4998462.6;4366998.3
184;unknown_p184;774;4998513.43;4367217.24
184;unknown_p184;775;4998538.99;4367323.74
184;unknown_p184;776;4998558.03;4367403.41
184;unknown_p184;777;4998567.51;4367444.76
184;unknown_p184;778;4998572.93;4367465.94
184;unknown_p184;779;4998595.46;4367545.16
184;unknown_p184;780;4998632.48;4367677.32
184;unknown_p184;781;4998650.99;4367742.52
184;unknown_p184;782;4998646.67;4367744.17
184;unknown_p184;783;4998664.18;4367775.4
184;unknown_p184;784;4998689.73;4367810.1
184;unknown_p184;785;4998717.52;4367839.28
184;unknown_p184;786;4998737.96;4367856.55
184;unknown_p184;787;4998748.83;4367862.2
184;unknown_p184;788;4998839.8;4367908.88
184;unknown_p184;789;4998853.82;4367915.6
184;unknown_p184;790;4998874.53;4367921.92
184;unknown_p184;791;4998933.98;4367931.14
184;unknown_p184;792;4998950.14;4367932.17
184;unknown_p184;793;4998997.29;4367936.95
184;unknown_p184;794;4999032.13;4367934.69
184;unknown_p184;795;4999079.33;4367925.71
184;unknown_p184;796;4999091.56;4367924.58
184;unknown_p184;797;4999139.43;4367906.95
184;unknown_p184;798;4999424.98;4367750.64
184;unknown_p184;799;4999454.6;4367733.93
184;unknown_p184;800;4999513.97;4367713.02
184;unknown_p184;801;4999514.59;4367719.39
184;unknown_p184;802;4999537.77;4367711.59
184;unknown_p184;803;4999537.34;4367706.02
184;unknown_p184;804;4999557.43;4367704.44
184;unknown_p184;805;4999601.15;4367695.36
184;unknown_p184;806;4999636.64;4367693.8
184;unknown_p184;807;4999675.22;4367696.07
184;unknown_p184;808;4999708.28;4367699.81
184;unknown_p184;809;4999831.61;4367733.46
184;unknown_p184;810;4999900.11;4367776.95
185;unknown_p185;811;4999937.93;4367814.62
185;unknown_p185;812;4999940.02;4367812.66
185;unknown_p185;813;4999968.63;4367840.99
185;unknown_p185;814;4999981.59;4367855.14
185;unknown_p185;815;4999997.01;4367874.05
185;unknown_p185;816;5000003.55;4367883.07
185;unknown_p185;817;5000016.21;4367901.85
185;unknown_p185;818;5000028.88;4367925.66
185;unknown_p185;819;5000049.58;4367970.05
185;unknown_p185;820;5000064.25;4368001.33
185;unknown_p185;821;5000072.14;4368020.31
185;unknown_p185;822;5000076.68;4368034.3
185;unknown_p185;823;5000079.05;4368044.71
185;unknown_p185;824;5000082.27;4368067.01
185;unknown_p185;825;5000083.32;4368082.92
185;unknown_p185;826;5000083.4;4368104.37
185;unknown_p185;827;5000079.95;4368142.06
185;unknown_p185;828;5000077.51;4368164.28
185;unknown_p185;829;5000070.3;4368212.49
185;unknown_p185;830;5000062.38;4368273.35
185;unknown_p185;831;5000057.71;4368298.6
185;unknown_p185;832;5000064.21;4368300.01
185;unknown_p185;833;5000057.03;4368388.53
185;unknown_p185;834;5000054.48;4368460.01
185;unknown_p185;835;5000048.06;4368565.34
185;unknown_p185;836;5000046.29;4368651.07
185;unknown_p185;837;5000066.86;4368654.79
185;unknown_p185;838;5000079.4;4368657.1
185;unknown_p185;839;5000099.55;4368660.83
185;unknown_p185;840;5000104.77;4368661.9
185;unknown_p185;841;5000104.61;4368663.65
185;unknown_p185;842;5000100.2;4368691.67
185;unknown_p185;843;5000098.46;4368702.39
185;unknown_p185;844;5000096.94;4368711.77
185;unknown_p185;845;5000099.52;4368714.81
185;unknown_p185;846;5000101.62;4368717.3
185;unknown_p185;847;5000108.52;4368725.45
185;unknown_p185;848;5000108.53;4368725.58
185;unknown_p185;849;5000100.71;4368746.93
185;unknown_p185;850;5000095.51;4368763.82
185;unknown_p185;851;5000069.32;4368839.84
185;unknown_p185;852;5000049.91;4368833.9
185;unknown_p185;853;5000041.67;4368853.26
185;unknown_p185;854;5000030.36;4368892.21
185;unknown_p185;855;5000028.46;4368903.7
185;unknown_p185;856;5000028.13;4368914.24
185;unknown_p185;857;5000028.01;4368918.07
185;unknown_p185;858;5000028.94;4368920.92
185;unknown_p185;859;5000029.77;4368921.26
185;unknown_p185;860;5000027.5;4368927.01
185;unknown_p185;861;5000032.38;4368928.75
185;unknown_p185;862;5000036.8;4368929.4
185;unknown_p185;863;5000034.9;4368945.2
186;unknown_p186;864;5000036.24;4368948.82
186;unknown_p186;865;5000036.82;4368963.3
186;unknown_p186;866;5000039.96;4368973.64
186;unknown_p186;867;5000043.16;4368984.26
186;unknown_p186;868;5000041.6;4368987.05
186;unknown_p186;869;5000050.83;4369007.69
186;unknown_p186;870;5000062.55;4369027.05
186;unknown_p186;871;5000073.74;4369040.54
186;unknown_p186;872;5000088.2;4369054.27
186;unknown_p186;873;5000093.33;4369058.54
186;unknown_p186;874;5000093.2;4369060.2
186;unknown_p186;875;5000097.12;4369062.32
186;unknown_p186;876;5000100.47;4369062.96
186;unknown_p186;877;5000101.02;4369062.59
186;unknown_p186;878;5000105.7;4369065.13
186;unknown_p186;879;5000108.19;4369066.4
186;unknown_p186;880;5000116.7;4369071.1
186;unknown_p186;881;5000122.97;4369075.03
186;unknown_p186;882;5000118.49;4369090.27
186;unknown_p186;883;5000076.17;4369073.02
186;unknown_p186;884;5000045.74;4369068.76
186;unknown_p186;885;5000006.36;4369075.62
186;unknown_p186;886;4999962.45;4369091.75
186;unknown_p186;887;4999935.34;4369102.89
186;unknown_p186;888;4999927.89;4369105.65
186;unknown_p186;889;4999910.87;4369123.69
186;unknown_p186;890;4999935.28;4369130.49
186;unknown_p186;891;4999939.67;4369150.19
186;unknown_p186;892;4999936.11;4369177.53
186;unknown_p186;893;4999928.01;4369201.33
186;unknown_p186;894;4999914.18;4369239.21
186;unknown_p186;895;4999888.48;4369315.59
186;unknown_p186;896;4999870.41;4369363.33
186;unknown_p186;897;4999847.31;4369419.85
186;unknown_p186;898;4999812.86;4369410.84
186;unknown_p186;899;4999807.98;4369409.57
186;unknown_p186;900;4999797.4;4369441.12
186;unknown_p186;901;4999781.02;4369481.93
186;unknown_p186;902;4999777.58;4369480.43
186;unknown_p186;903;4999776.39;4369483.54
186;unknown_p186;904;4999757.71;4369521.2
186;unknown_p186;905;4999732.32;4369565.0
186;unknown_p186;906;4999707.9;4369604.35
186;unknown_p186;907;4999680.85;4369642.85
186;unknown_p186;908;4999634.3;4369700.33
186;unknown_p186;909;4999588.4;4369730.62
186;unknown_p186;910;4999597.86;4369745.92
186;unknown_p186;911;4999563.3;4369782.98
186;unknown_p186;912;4999549.13;4369767.49
186;unknown_p186;913;4999509.73;4369791.22
186;unknown_p186;914;4999438.89;4369838.88
186;unknown_p186;915;4999346.23;4369879.42
186;unknown_p186;916;4999257.04;4369913.09
187;unknown_p187;917;4999236.46;4369916.29
187;unknown_p187;918;4999215.89;4369912.26
187;unknown_p187;919;4999153.23;4369936.9
187;unknown_p187;920;4999063.46;4369968.87
187;unknown_p187;921;4998879.47;4370041.34
187;unknown_p187;922;4998754.75;4370100.11
187;unknown_p187;923;4998655.79;4370147.1
187;unknown_p187;924;4998584.08;4370208.75
187;unknown_p187;925;4998519.09;4370277.54
187;unknown_p187;926;4998466.13;4370353.57
187;unknown_p187;927;4998408.57;4370525.49
187;unknown_p187;928;4998402.99;4370543.58
187;unknown_p187;929;4998389.02;4370594.08
187;unknown_p187;930;4998371.36;4370692.4
187;unknown_p187;931;4998354.93;4370791.0
187;unknown_p187;932;4998341.79;4370890.03
187;unknown_p187;933;4998325.23;4370988.55
187;unknown_p187;934;4998304.98;4371087.66
187;unknown_p187;935;4998244.04;4371282.33
187;unknown_p187;936;4998154.62;4371462.25
187;unknown_p187;937;4998109.58;4371551.02
187;unknown_p187;938;4998060.01;4371637.34
187;unknown_p187;939;4998012.53;4371725.69
187;unknown_p187;940;4997964.94;4371814.07
187;unknown_p187;941;4997917.56;4371902.02
187;unknown_p187;942;4997825.09;4372079.38
187;unknown_p187;943;4997732.38;4372256.75
187;unknown_p187;944;4997606.07;4372488.7
187;unknown_p187;945;4997583.45;4372518.6
187;unknown_p187;946;4997530.81;4372603.85
187;unknown_p187;947;4997480.16;4372689.83
187;unknown_p187;948;4997426.9;4372774.81
187;unknown_p187;949;4997371.71;4372858.21
187;unknown_p187;950;4997347.2;4372897.55
187;unknown_p187;951;4997331.11;4372923.38
187;unknown_p187;952;4997318.67;4372943.35
187;unknown_p187;953;4997287.15;4372996.74
187;unknown_p187;954;4997267.92;4373029.32
187;unknown_p187;955;4997226.85;4373098.85
187;unknown_p187;956;4997246.9;4373090.81
187;unknown_p187;957;4997247.5;4373091.18
187;unknown_p187;958;4997253.55;4373072.7
187;unknown_p187;959;4997271.96;4373044.98
187;unknown_p187;960;4997296.72;4373013.17
187;unknown_p187;961;4997334.86;4372977.44
187;unknown_p187;962;4997359.43;4372954.76
187;unknown_p187;963;4997379.18;4372936.96
187;unknown_p187;964;4997381.2;4372931.09
187;unknown_p187;965;4997379.58;4372927.04
187;unknown_p187;966;4997371.09;4372921.98
187;unknown_p187;967;4997368.26;4372915.71
187;unknown_p187;968;4997383.63;4372913.69
187;unknown_p187;969;4997386.39;4372913.32
188;unknown_p188;970;4997386.15;4372912.48
188;unknown_p188;971;4997396.45;4372901.78
188;unknown_p188;972;4997424.7;4372892.1
188;unknown_p188;973;4997447.07;4372877.62
188;unknown_p188;974;4997579.28;4372759.55
188;unknown_p188;975;4997599.74;4372781.76
188;unknown_p188;976;4997554.78;4372825.64
188;unknown_p188;977;4997565.67;4372833.2
188;unknown_p188;978;4997555.86;4372847.33
188;unknown_p188;979;4997542.24;4372837.87
188;unknown_p188;980;4997506.87;4372872.39
188;unknown_p188;981;4997392.52;4373001.93
188;unknown_p188;982;4997383.05;4373029.28
188;unknown_p188;983;4997367.63;4373049.07
188;unknown_p188;984;4997365.35;4373050.57
188;unknown_p188;985;4997318.61;4373117.27
188;unknown_p188;986;4997316.13;4373115.59
188;unknown_p188;987;4997275.84;4373173.07
188;unknown_p188;988;4997276.38;4373189.74
188;unknown_p188;989;4997276.39;4373190.21
188;unknown_p188;990;4997280.51;4373230.59
188;unknown_p188;991;4997268.9;4373247.07
188;unknown_p188;992;4997268.05;4373252.58
188;unknown_p188;993;4997266.38;4373267.76
188;unknown_p188;994;4997264.1;4373297.51
188;unknown_p188;995;4997264.54;4373321.32
188;unknown_p188;996;4997262.38;4373334.63
188;unknown_p188;997;4997258.33;4373346.98
188;unknown_p188;998;4997224.45;4373389.26
188;unknown_p188;999;4997198.29;4373423.24
188;unknown_p188;1000;4997124.43;4373516.35
188;unknown_p188;1001;4997095.2;4373555.09
188;unknown_p188;1002;4997082.86;4373572.19
188;unknown_p188;1003;4997057.19;4373606.74
188;unknown_p188;1004;4997065.72;4373608.64
188;unknown_p188;1005;4997062.31;4373623.96
188;unknown_p188;1006;4997047.67;4373620.7
188;unknown_p188;1007;4997043.61;4373627.31
188;unknown_p188;1008;4997037.03;4373640.66
188;unknown_p188;1009;4997031.88;4373654.52
188;unknown_p188;1010;4997027.93;4373666.76
188;unknown_p188;1011;4997011.75;4373748.19
188;unknown_p188;1012;4996999.77;4373807.47
188;unknown_p188;1013;4996990.04;4373846.9
188;unknown_p188;1014;4996982.62;4373868.86
188;unknown_p188;1015;4996969.26;4373892.73
188;unknown_p188;1016;4996937.72;4373941.2
188;unknown_p188;1017;4996899.47;4373999.1
188;unknown_p188;1018;4996874.96;4374036.2
188;unknown_p188;1019;4996930.68;4374086.45
188;unknown_p188;1020;4996825.36;4374264.34
188;unknown_p188;1021;4996944.59;4374345.36
188;unknown_p188;1022;4996625.24;4374847.94
189;unknown_p189;1023;4996281.01;4374603.43
189;unknown_p189;1024;4996270.82;4374618.13
189;unknown_p189;1025;4996256.67;4374637.29
189;unknown_p189;1026;4996238.1;4374662.43
189;unknown_p189;1027;4996244.62;4374667.15
189;unknown_p189;1028;4996236.41;4374678.51
189;unknown_p189;1029;4996229.77;4374673.71
189;unknown_p189;1030;4996212.62;4374696.92
189;unknown_p189;1031;4996170.0;4374747.79
189;unknown_p189;1032;4996159.87;4374762.9
189;unknown_p189;1033;4996143.24;4374787.69
189;unknown_p189;1034;4996122.1;4374813.03
189;unknown_p189;1035;4996132.64;4374820.64
189;unknown_p189;1036;4996175.65;4374760.74
189;unknown_p189;1037;4996193.71;4374762.58
189;unknown_p189;1038;4996088.45;4374909.46
189;unknown_p189;1039;4995738.47;4375397.81
189;unknown_p189;1040;4995625.53;4375555.41
189;unknown_p189;1041;4995508.0;4375718.47
189;unknown_p189;1042;4995334.98;4375958.53
189;unknown_p189;1043;4995218.69;4376119.88
189;unknown_p189;1044;4995160.21;4376201.0
189;unknown_p189;1045;4995079.1;4376313.54
189;unknown_p189;1046;4994906.78;4376552.62
189;unknown_p189;1047;4994820.17;4376672.79
189;unknown_p189;1048;4994693.74;4376848.2
189;unknown_p189;1049;4994504.96;4377110.12
189;unknown_p189;1050;4994397.17;4377259.69
189;unknown_p189;1051;4994204.55;4377526.98
189;unknown_p189;1052;4994069.39;4377714.52
189;unknown_p189;1053;4993957.45;4377869.85
189;unknown_p189;1054;4993786.13;4378109.44
189;unknown_p189;1055;4993678.75;4378258.14
189;unknown_p189;1056;4993454.02;4378569.33
189;unknown_p189;1057;4993280.38;4378809.79
189;unknown_p189;1058;4993135.79;4379008.5
189;unknown_p189;1059;4992914.33;4379312.88
189;unknown_p189;1060;4992819.1;4379443.93
189;unknown_p189;1061;4992744.41;4379546.4
189;unknown_p189;1062;4992662.36;4379648.35
189;unknown_p189;1063;4992531.59;4379859.64
189;unknown_p189;1064;4992488.74;4379936.29
189;unknown_p189;1065;4992477.01;4379929.78
189;unknown_p189;1066;4992518.84;4379853.26
189;unknown_p189;1067;4992648.69;4379645.09
189;unknown_p189;1068;4992659.17;4379629.21
189;unknown_p189;1069;4992734.86;4379537.67
189;unknown_p189;1070;4992807.09;4379438.44
189;unknown_p189;1071;4992900.98;4379309.42
189;unknown_p189;1072;4993124.1;4379002.86
189;unknown_p189;1073;4993268.42;4378804.56
189;unknown_p189;1074;4993439.57;4378565.9
189;unknown_p189;1075;4993666.01;4378250.13
190;unknown_p190;1076;4993771.37;4378103.22
190;unknown_p190;1077;4993937.16;4377872.02
190;unknown_p190;1078;4994055.37;4377708.0
190;unknown_p190;1079;4994190.35;4377520.7
190;unknown_p190;1080;4994383.43;4377252.77
190;unknown_p190;1081;4994490.35;4377104.4
190;unknown_p190;1082;4994677.25;4376844.56
190;unknown_p190;1083;4994805.04;4376666.89
190;unknown_p190;1084;4994892.57;4376545.2
190;unknown_p190;1085;4995044.12;4376334.49
190;unknown_p190;1086;4995146.55;4376192.22
190;unknown_p190;1087;4995202.55;4376114.43
190;unknown_p190;1088;4995316.83;4375955.7
190;unknown_p190;1089;4995494.06;4375709.52
190;unknown_p190;1090;4995609.03;4375549.82
190;unknown_p190;1091;4995718.45;4375397.44
190;unknown_p190;1092;4996033.6;4374958.57
190;unknown_p190;1093;4996020.17;4374948.69
190;unknown_p190;1094;4996031.91;4374932.75
190;unknown_p190;1095;4996045.15;4374942.48
190;unknown_p190;1096;4996071.74;4374905.45
190;unknown_p190;1097;4996124.46;4374832.03
190;unknown_p190;1098;4996113.74;4374824.28
190;unknown_p190;1099;4996120.42;4374815.05
190;unknown_p190;1100;4996111.43;4374825.82
190;unknown_p190;1101;4996078.52;4374857.36
190;unknown_p190;1102;4995947.93;4375014.77
190;unknown_p190;1103;4995878.6;4375096.61
190;unknown_p190;1104;4995890.57;4375105.65
190;unknown_p190;1105;4995877.59;4375122.84
190;unknown_p190;1106;4995865.62;4375113.8
190;unknown_p190;1107;4995768.2;4375248.24
190;unknown_p190;1108;4995730.82;4375296.8
190;unknown_p190;1109;4995526.43;4375580.53
190;unknown_p190;1110;4995480.43;4375638.1
190;unknown_p190;1111;4995179.4;4376047.02
190;unknown_p190;1112;4995021.3;4376259.12
190;unknown_p190;1113;4995022.38;4376259.93
190;unknown_p190;1114;4994971.24;4376331.06
190;unknown_p190;1115;4994961.06;4376345.22
190;unknown_p190;1116;4994950.97;4376359.24
190;unknown_p190;1117;4994940.97;4376373.14
190;unknown_p190;1118;4994931.06;4376386.92
190;unknown_p190;1119;4994921.24;4376400.58
190;unknown_p190;1120;4994872.32;4376468.61
190;unknown_p190;1121;4994862.81;4376461.45
190;unknown_p190;1122;4994856.45;4376469.56
190;unknown_p190;1123;4994868.46;4376481.47
190;unknown_p190;1124;4994849.09;4376521.47
190;unknown_p190;1125;4994825.66;4376553.92
190;unknown_p190;1126;4994815.98;4376546.96
190;unknown_p190;1127;4994793.54;4376530.82
190;unknown_p190;1128;4994772.41;4376560.2
191;unknown_p191;1129;4994751.29;4376589.57
191;unknown_p191;1130;4994730.16;4376618.94
191;unknown_p191;1131;4994709.04;4376648.32
191;unknown_p191;1132;4994687.92;4376677.69
191;unknown_p191;1133;4994666.79;4376707.07
191;unknown_p191;1134;4994645.67;4376736.44
191;unknown_p191;1135;4994615.42;4376777.93
191;unknown_p191;1136;4994595.05;4376807.66
191;unknown_p191;1137;4994617.32;4376823.76
191;unknown_p191;1138;4994595.89;4376853.01
191;unknown_p191;1139;4994574.76;4376882.38
191;unknown_p191;1140;4994553.63;4376911.75
191;unknown_p191;1141;4994542.42;4376903.69
191;unknown_p191;1142;4994521.3;4376933.06
191;unknown_p191;1143;4994532.52;4376941.13
191;unknown_p191;1144;4994511.39;4376970.5
191;unknown_p191;1145;4994490.27;4376999.88
191;unknown_p191;1146;4994469.46;4376984.91
191;unknown_p191;1147;4994463.3;4376993.48
191;unknown_p191;1148;4994484.11;4377008.44
191;unknown_p191;1149;4994462.98;4377037.82
191;unknown_p191;1150;4994441.85;4377067.19
191;unknown_p191;1151;4994421.05;4377052.23
191;unknown_p191;1152;4994399.93;4377081.6
191;unknown_p191;1153;4994420.74;4377096.57
191;unknown_p191;1154;4994399.61;4377125.94
191;unknown_p191;1155;4994378.49;4377155.31
191;unknown_p191;1156;4994357.36;4377184.69
191;unknown_p191;1157;4994340.83;4377172.8
191;unknown_p191;1158;4994320.77;4377203.76
191;unknown_p191;1159;4994335.77;4377214.43
191;unknown_p191;1160;4994314.79;4377243.92
191;unknown_p191;1161;4994301.07;4377234.15
191;unknown_p191;1162;4994292.41;4377248.55
191;unknown_p191;1163;4994304.96;4377257.57
191;unknown_p191;1164;4994294.51;4377272.1
191;unknown_p191;1165;4994283.16;4377263.93
191;unknown_p191;1166;4994273.83;4377279.44
191;unknown_p191;1167;4994283.98;4377286.74
191;unknown_p191;1168;4994273.36;4377301.5
191;unknown_p191;1169;4994262.66;4377316.38
191;unknown_p191;1170;4994251.87;4377331.39
191;unknown_p191;1171;4994240.99;4377346.52
191;unknown_p191;1172;4994230.01;4377361.79
191;unknown_p191;1173;4994218.93;4377377.18
191;unknown_p191;1174;4994207.76;4377392.72
191;unknown_p191;1175;4994196.49;4377408.4
191;unknown_p191;1176;4994185.11;4377424.23
191;unknown_p191;1177;4994173.62;4377440.2
191;unknown_p191;1178;4994162.02;4377456.33
191;unknown_p191;1179;4994150.31;4377472.62
191;unknown_p191;1180;4994149.01;4377471.69
191;unknown_p191;1181;4994133.44;4377495.3
192;unknown_p192;1182;4994127.27;4377504.64
192;unknown_p192;1183;4994091.69;4377558.56
192;unknown_p192;1184;4994053.49;4377608.42
192;unknown_p192;1185;4994048.7;4377613.92
192;unknown_p192;1186;4994046.99;4377616.29
192;unknown_p192;1187;4994034.0;4377634.34
192;unknown_p192;1188;4994020.86;4377652.62
192;unknown_p192;1189;4994007.55;4377671.12
192;unknown_p192;1190;4993994.07;4377689.87
192;unknown_p192;1191;4993980.41;4377708.87
192;unknown_p192;1192;4993965.03;4377697.81
192;unknown_p192;1193;4993964.29;4377698.42
192;unknown_p192;1194;4993932.71;4377720.47
192;unknown_p192;1195;4993924.94;4377714.88
192;unknown_p192;1196;4993911.26;4377734.92
192;unknown_p192;1197;4993910.58;4377735.92
192;unknown_p192;1198;4993897.38;4377755.26
192;unknown_p192;1199;4993883.29;4377775.9
192;unknown_p192;1200;4993851.05;4377752.72
192;unknown_p192;1201;4993852.17;4377750.98
192;unknown_p192;1202;4993851.87;4377751.05
192;unknown_p192;1203;4993841.6;4377753.47
192;unknown_p192;1204;4993836.8;4377756.0
192;unknown_p192;1205;4993768.54;4377861.43
192;unknown_p192;1206;4993686.93;4377990.28
192;unknown_p192;1207;4993566.92;4378179.96
192;unknown_p192;1208;4993527.11;4378152.58
192;unknown_p192;1209;4993518.62;4378145.11
192;unknown_p192;1210;4993548.79;4378104.07
192;unknown_p192;1211;4993605.86;4378020.83
192;unknown_p192;1212;4993608.48;4378016.82
192;unknown_p192;1213;4993580.54;4378050.41
192;unknown_p192;1214;4993517.92;4378050.24
192;unknown_p192;1215;4993467.38;4378106.65
192;unknown_p192;1216;4993465.23;4378109.06
192;unknown_p192;1217;4993325.78;4378264.72
192;unknown_p192;1218;4993293.68;4378239.15
192;unknown_p192;1219;4993297.74;4378234.26
192;unknown_p192;1220;4993280.08;4378222.56
192;unknown_p192;1221;4993308.06;4378188.44
192;unknown_p192;1222;4993322.15;4378171.25
192;unknown_p192;1223;4993336.25;4378154.06
192;unknown_p192;1224;4993354.81;4378167.16
192;unknown_p192;1225;4993356.58;4378168.41
192;unknown_p192;1226;4993360.4;4378163.75
192;unknown_p192;1227;4993355.29;4378160.14
192;unknown_p192;1228;4993339.58;4378149.06
192;unknown_p192;1229;4993359.48;4378124.75
192;unknown_p192;1230;4993360.75;4378123.21
192;unknown_p192;1231;4993380.58;4378098.99
192;unknown_p192;1232;4993381.92;4378097.35
192;unknown_p192;1233;4993403.09;4378071.49
192;unknown_p192;1234;4993414.25;4378079.37
193;unknown_p193;1235;4993417.72;4378074.61
193;unknown_p193;1236;4993417.74;4378074.59
193;unknown_p193;1237;4993262.68;4377965.18
193;unknown_p193;1238;4993228.47;4377941.08
193;unknown_p193;1239;4993983.6;4377117.42
193;unknown_p193;1240;4994030.03;4377157.54
193;unknown_p193;1241;4993994.12;4377211.28
193;unknown_p193;1242;4993983.58;4377204.34
193;unknown_p193;1243;4993967.86;4377229.61
193;unknown_p193;1244;4993978.46;4377236.48
193;unknown_p193;1245;4993924.6;4377321.57
193;unknown_p193;1246;4993899.67;4377360.97
193;unknown_p193;1247;4993884.04;4377386.18
193;unknown_p193;1248;4993844.17;4377452.24
193;unknown_p193;1249;4993838.71;4377460.62
193;unknown_p193;1250;4993794.27;4377431.63
193;unknown_p193;1251;4993783.34;4377448.38
193;unknown_p193;1252;4993827.78;4377477.36
193;unknown_p193;1253;4993626.38;4377786.25
193;unknown_p193;1254;4993745.68;4377713.0
193;unknown_p193;1255;4993767.5;4377696.78
193;unknown_p193;1256;4993813.45;4377659.51
193;unknown_p193;1257;4993843.54;4377632.14
193;unknown_p193;1258;4993871.62;4377601.99
193;unknown_p193;1259;4993882.98;4377587.75
193;unknown_p193;1260;4993902.89;4377560.52
193;unknown_p193;1261;4993910.3;4377550.66
193;unknown_p193;1262;4993915.0;4377544.18
193;unknown_p193;1263;4993916.86;4377545.41
193;unknown_p193;1264;4993925.1;4377532.85
193;unknown_p193;1265;4993930.07;4377525.23
193;unknown_p193;1266;4993944.61;4377502.75
193;unknown_p193;1267;4993960.46;4377478.5
193;unknown_p193;1268;4993978.23;4377451.36
193;unknown_p193;1269;4993995.17;4377425.2
193;unknown_p193;1270;4994026.62;4377374.38
193;unknown_p193;1271;4994046.97;4377339.18
193;unknown_p193;1272;4994094.28;4377245.84
193;unknown_p193;1273;4994136.9;4377149.54
193;unknown_p193;1274;4994139.2;4377144.26
193;unknown_p193;1275;4994147.21;4377125.88
193;unknown_p193;1276;4994152.49;4377118.08
193;unknown_p193;1277;4994146.21;4377109.22
193;unknown_p193;1278;4994135.53;4377097.32
193;unknown_p193;1279;4994141.92;4377089.1
193;unknown_p193;1280;4994154.83;4377104.05
193;unknown_p193;1281;4994158.65;4377108.99
193;unknown_p193;1282;4994161.69;4377104.51
193;unknown_p193;1283;4994171.18;4377091.9
193;unknown_p193;1284;4994187.21;4377074.37
193;unknown_p193;1285;4994212.64;4377049.17
193;unknown_p193;1286;4994268.26;4376994.69
193;unknown_p193;1287;4994289.1;4376969.97
194;unknown_p194;1288;4994312.67;4376937.63
194;unknown_p194;1289;4994372.25;4376845.95
194;unknown_p194;1290;4994382.68;4376829.92
194;unknown_p194;1291;4994440.46;4376741.11
194;unknown_p194;1292;4994495.52;4376658.14
194;unknown_p194;1293;4994503.19;4376646.94
194;unknown_p194;1294;4994541.97;4376592.84
194;unknown_p194;1295;4994577.74;4376546.0
194;unknown_p194;1296;4994623.48;4376486.97
194;unknown_p194;1297;4994641.34;4376461.69
194;unknown_p194;1298;4994676.33;4376407.18
194;unknown_p194;1299;4994692.22;4376383.64
194;unknown_p194;1300;4994682.64;4376371.81
194;unknown_p194;1301;4994697.23;4376353.64
194;unknown_p194;1302;4994710.01;4376361.61
194;unknown_p194;1303;4994716.28;4376354.05
194;unknown_p194;1304;4994741.88;4376325.62
194;unknown_p194;1305;4994782.41;4376283.04
194;unknown_p194;1306;4994843.76;4376206.34
194;unknown_p194;1307;4994893.63;4376142.79
194;unknown_p194;1308;4994971.45;4376043.5
194;unknown_p194;1309;4994974.57;4376039.52
194;unknown_p194;1310;4995045.84;4375948.51
194;unknown_p194;1311;4995111.85;4375864.17
194;unknown_p194;1312;4995183.1;4375773.16
194;unknown_p194;1313;4995189.41;4375765.09
194;unknown_p194;1314;4995242.97;4375696.85
194;unknown_p194;1315;4995241.04;4375695.24
194;unknown_p194;1316;4995262.73;4375667.54
194;unknown_p194;1317;4995264.62;4375669.2
194;unknown_p194;1318;4995337.38;4375576.33
194;unknown_p194;1319;4995408.86;4375485.05
194;unknown_p194;1320;4995481.99;4375391.74
194;unknown_p194;1321;4995557.88;4375294.59
194;unknown_p194;1322;4995585.69;4375259.68
194;unknown_p194;1323;4995647.44;4375180.76
194;unknown_p194;1324;4995708.34;4375102.56
194;unknown_p194;1325;4995720.53;4375087.13
194;unknown_p194;1326;4995735.88;4375067.62
194;unknown_p194;1327;4995734.06;4375066.06
194;unknown_p194;1328;4995755.51;4375038.55
194;unknown_p194;1329;4995757.43;4375040.27
194;unknown_p194;1330;4995775.86;4375016.72
194;unknown_p194;1331;4995773.01;4375014.49
194;unknown_p194;1332;4995776.71;4375009.77
194;unknown_p194;1333;4995779.56;4375012.0
194;unknown_p194;1334;4995856.11;4374914.26
194;unknown_p194;1335;4995931.17;4374818.41
194;unknown_p194;1336;4995955.14;4374787.56
194;unknown_p194;1337;4995973.5;4374764.36
194;unknown_p194;1338;4995973.71;4374761.67
194;unknown_p194;1339;4996047.17;4374667.47
194;unknown_p194;1340;4996114.2;4374582.15
195;unknown_p195;1341;4996116.7;4374581.43
195;unknown_p195;1342;4996146.24;4374543.22
195;unknown_p195;1343;4996155.62;4374531.84
195;unknown_p195;1344;4996179.74;4374501.07
195;unknown_p195;1345;4996228.05;4374439.4
195;unknown_p195;1346;4996304.74;4374341.57
195;unknown_p195;1347;4996319.0;4374323.31
195;unknown_p195;1348;4996333.25;4374305.06
195;unknown_p195;1349;4996355.33;4374276.76
195;unknown_p195;1350;4996379.62;4374245.64
195;unknown_p195;1351;4996394.43;4374226.75
195;unknown_p195;1352;4996426.02;4374186.45
195;unknown_p195;1353;4996453.43;4374151.48
195;unknown_p195;1354;4996499.09;4374092.94
195;unknown_p195;1355;4996521.95;4374063.63
195;unknown_p195;1356;4996541.21;4374039.25
195;unknown_p195;1357;4996538.91;4374037.47
195;unknown_p195;1358;4996560.62;4374009.86
195;unknown_p195;1359;4996562.77;4374011.51
195;unknown_p195;1360;4996601.86;4373961.6
195;unknown_p195;1361;4996620.28;4373938.11
195;unknown_p195;1362;4996645.01;4373906.57
195;unknown_p195;1363;4996672.69;4373871.05
195;unknown_p195;1364;4996684.55;4373855.49
195;unknown_p195;1365;4996701.72;4373831.74
195;unknown_p195;1366;4996735.08;4373781.1
195;unknown_p195;1367;4996799.04;4373678.63
195;unknown_p195;1368;4996820.12;4373644.87
195;unknown_p195;1369;4996858.54;4373583.39
195;unknown_p195;1370;4996876.53;4373554.54
195;unknown_p195;1371;4996929.97;4373468.88
195;unknown_p195;1372;4996959.12;4373421.81
195;unknown_p195;1373;4997022.11;4373321.29
195;unknown_p195;1374;4997075.2;4373236.03
195;unknown_p195;1375;4997072.1;4373234.09
195;unknown_p195;1376;4997075.28;4373229.0
195;unknown_p195;1377;4997078.37;4373230.94
195;unknown_p195;1378;4997087.55;4373216.19
195;unknown_p195;1379;4997157.79;4373103.64
195;unknown_p195;1380;4997144.32;4373095.9
195;unknown_p195;1381;4997184.04;4373027.78
195;unknown_p195;1382;4997188.59;4373030.43
195;unknown_p195;1383;4997197.12;4373015.24
195;unknown_p195;1384;4997192.78;4373012.75
195;unknown_p195;1385;4997237.96;4372940.25
195;unknown_p195;1386;4997241.29;4372939.22
195;unknown_p195;1387;4997255.76;4372948.8
195;unknown_p195;1388;4997260.17;4372942.05
195;unknown_p195;1389;4997259.05;4372940.98
195;unknown_p195;1390;4997284.6;4372900.97
195;unknown_p195;1391;4997286.21;4372902.29
195;unknown_p195;1392;4997289.87;4372896.42
195;unknown_p195;1393;4997290.19;4372896.45
196;unknown_p196;1394;4997249.86;4372892.64
196;unknown_p196;1395;4997254.46;4372885.09
196;unknown_p196;1396;4997263.17;4372870.83
196;unknown_p196;1397;4997267.46;4372863.42
196;unknown_p196;1398;4997349.32;4372725.49
196;unknown_p196;1399;4997385.64;4372745.48
196;unknown_p196;1400;4997385.68;4372745.5
196;unknown_p196;1401;4997485.76;4372581.07
196;unknown_p196;1402;4997491.26;4372570.78
196;unknown_p196;1403;4997454.8;4372548.12
196;unknown_p196;1404;4997457.88;4372542.83
196;unknown_p196;1405;4997473.83;4372515.47
196;unknown_p196;1406;4997505.24;4372463.03
196;unknown_p196;1407;4997523.22;4372433.0
196;unknown_p196;1408;4997593.31;4372315.45
196;unknown_p196;1409;4997601.54;4372301.53
196;unknown_p196;1410;4997623.18;4372264.91
196;unknown_p196;1411;4997643.89;4372224.5
196;unknown_p196;1412;4997673.52;4372160.16
196;unknown_p196;1413;4997690.57;4372122.1
196;unknown_p196;1414;4997708.56;4372081.94
196;unknown_p196;1415;4997717.15;4372062.93
196;unknown_p196;1416;4997752.7;4371984.26
196;unknown_p196;1417;4997758.68;4371971.17
196;unknown_p196;1418;4997778.65;4371927.44
196;unknown_p196;1419;4997797.03;4371887.55
196;unknown_p196;1420;4997800.19;4371880.75
196;unknown_p196;1421;4997840.24;4371792.49
196;unknown_p196;1422;4997900.74;4371826.02
196;unknown_p196;1423;4997900.8;4371825.59
196;unknown_p196;1424;4997902.83;4371821.78
196;unknown_p196;1425;4997850.98;4371796.63
196;unknown_p196;1426;4997827.09;4371785.18
196;unknown_p196;1427;4997794.58;4371767.16
196;unknown_p196;1428;4997782.74;4371760.6
196;unknown_p196;1429;4997787.45;4371751.14
196;unknown_p196;1430;4997799.33;4371757.63
196;unknown_p196;1431;4997810.2;4371762.77
196;unknown_p196;1432;4997856.5;4371785.09
196;unknown_p196;1433;4997908.86;4371810.46
196;unknown_p196;1434;4997909.23;4371809.78
196;unknown_p196;1435;4997915.94;4371813.17
196;unknown_p196;1436;4997916.03;4371813.0
196;unknown_p196;1437;4997848.05;4371775.32
196;unknown_p196;1438;4997867.4;4371732.68
196;unknown_p196;1439;4997875.89;4371713.92
196;unknown_p196;1440;4997895.12;4371672.04
196;unknown_p196;1441;4997898.92;4371674.06
196;unknown_p196;1442;4997921.37;4371684.49
196;unknown_p196;1443;4997899.91;4371725.5
196;unknown_p196;1444;4997890.32;4371745.17
196;unknown_p196;1445;4997895.03;4371747.74
196;unknown_p196;1446;4997907.62;4371754.6
197;unknown_p197;1447;4997908.91;4371752.15
197;unknown_p197;1448;4997916.07;4371756.17
197;unknown_p197;1449;4997916.38;4371755.6
197;unknown_p197;1450;4997921.19;4371758.2
197;unknown_p197;1451;4997934.31;4371733.14
197;unknown_p197;1452;4997937.09;4371727.82
197;unknown_p197;1453;4997931.82;4371725.27
197;unknown_p197;1454;4997945.09;4371700.83
197;unknown_p197;1455;4997981.97;4371622.02
197;unknown_p197;1456;4997981.2;4371621.6
197;unknown_p197;1457;4997978.74;4371620.76
197;unknown_p197;1458;4997977.15;4371620.47
197;unknown_p197;1459;4997974.17;4371627.48
197;unknown_p197;1460;4997969.42;4371625.28
197;unknown_p197;1461;4997967.07;4371624.19
197;unknown_p197;1462;4997969.45;4371625.18
197;unknown_p197;1463;4997964.74;4371623.22
197;unknown_p197;1464;4997924.56;4371606.49
197;unknown_p197;1465;4997967.08;4371511.58
197;unknown_p197;1466;4997982.6;4371518.54
197;unknown_p197;1467;4997990.76;4371500.37
197;unknown_p197;1468;4997975.24;4371493.41
197;unknown_p197;1469;4997982.4;4371477.77
197;unknown_p197;1470;4997970.78;4371472.48
197;unknown_p197;1471;4998021.63;4371361.43
197;unknown_p197;1472;4998025.59;4371352.19
197;unknown_p197;1473;4998064.86;4371266.42
197;unknown_p197;1474;4998069.35;4371256.63
197;unknown_p197;1475;4998070.62;4371246.56
197;unknown_p197;1476;4998073.67;4371239.76
197;unknown_p197;1477;4998071.38;4371238.74
197;unknown_p197;1478;4998073.43;4371234.17
197;unknown_p197;1479;4998075.71;4371235.19
197;unknown_p197;1480;4998078.76;4371228.39
197;unknown_p197;1481;4998086.26;4371215.98
197;unknown_p197;1482;4998089.52;4371213.02
197;unknown_p197;1483;4998098.95;4371188.97
197;unknown_p197;1484;4998096.29;4371187.92
197;unknown_p197;1485;4998108.9;4371153.2
197;unknown_p197;1486;4998111.98;4371154.22
197;unknown_p197;1487;4998116.81;4371139.35
197;unknown_p197;1488;4998116.26;4371125.37
197;unknown_p197;1489;4998127.79;4371078.96
197;unknown_p197;1490;4998122.76;4371077.81
197;unknown_p197;1491;4998129.53;4371045.63
197;unknown_p197;1492;4998132.81;4371031.64
197;unknown_p197;1493;4998143.27;4370982.55
197;unknown_p197;1494;4998150.66;4370967.57
197;unknown_p197;1495;4998156.64;4370940.35
197;unknown_p197;1496;4998154.09;4370924.84
197;unknown_p197;1497;4998156.13;4370916.42
197;unknown_p197;1498;4998168.35;4370886.42
197;unknown_p197;1499;4998242.09;4370541.58
198;unknown_p198;1500;4998240.23;4370522.78
198;unknown_p198;1501;4998241.36;4370517.52
198;unknown_p198;1502;4998252.12;4370487.11
198;unknown_p198;1503;4998253.06;4370482.52
198;unknown_p198;1504;4998257.73;4370459.13
198;unknown_p198;1505;4998262.6;4370432.8
198;unknown_p198;1506;4998264.16;4370423.8
198;unknown_p198;1507;4998267.03;4370405.5
198;unknown_p198;1508;4998269.77;4370386.39
198;unknown_p198;1509;4998274.02;4370352.66
198;unknown_p198;1510;4998276.85;4370327.64
198;unknown_p198;1511;4998279.13;4370306.79
198;unknown_p198;1512;4998288.0;4370223.69
198;unknown_p198;1513;4998283.48;4370218.44
198;unknown_p198;1514;4998282.59;4370210.54
198;unknown_p198;1515;4998287.06;4370209.33
198;unknown_p198;1516;4998293.55;4370209.22
198;unknown_p198;1517;4998294.81;4370207.79
198;unknown_p198;1518;4998298.48;4370176.94
198;unknown_p198;1519;4998301.31;4370155.35
198;unknown_p198;1520;4998301.78;4370150.64
198;unknown_p198;1521;4998302.82;4370143.79
198;unknown_p198;1522;4998305.76;4370117.01
198;unknown_p198;1523;4998306.76;4370110.57
198;unknown_p198;1524;4998306.96;4370108.44
198;unknown_p198;1525;4998308.6;4370093.31
198;unknown_p198;1526;4998306.61;4370093.05
198;unknown_p198;1527;4998310.25;4370046.1
198;unknown_p198;1528;4998313.37;4370018.19
198;unknown_p198;1529;4998316.49;4369985.18
198;unknown_p198;1530;4998318.89;4369960.83
198;unknown_p198;1531;4998319.19;4369958.05
198;unknown_p198;1532;4998320.13;4369949.28
198;unknown_p198;1533;4998320.07;4369948.01
198;unknown_p198;1534;4998320.95;4369941.02
198;unknown_p198;1535;4998321.21;4369938.98
198;unknown_p198;1536;4998322.91;4369939.36
198;unknown_p198;1537;4998329.65;4369873.71
198;unknown_p198;1538;4998331.57;4369867.41
198;unknown_p198;1539;4998330.38;4369867.44
198;unknown_p198;1540;4998331.12;4369860.0
198;unknown_p198;1541;4998333.26;4369840.11
198;unknown_p198;1542;4998333.81;4369839.95
198;unknown_p198;1543;4998334.81;4369835.02
198;unknown_p198;1544;4998340.96;4369835.54
198;unknown_p198;1545;4998348.02;4369819.11
198;unknown_p198;1546;4998349.39;4369815.89
198;unknown_p198;1547;4998349.31;4369815.65
198;unknown_p198;1548;4998338.43;4369784.74
198;unknown_p198;1549;4998337.36;4369781.22
198;unknown_p198;1550;4998334.56;4369772.98
198;unknown_p198;1551;4998334.77;4369772.9
198;unknown_p198;1552;4998330.89;4369762.89
199;unknown_p199;1553;4998330.39;4369761.09
199;unknown_p199;1554;4998327.99;4369754.18
199;unknown_p199;1555;4998326.85;4369750.45
199;unknown_p199;1556;4998326.19;4369750.51
199;unknown_p199;1557;4998323.64;4369743.6
199;unknown_p199;1558;4998319.62;4369729.78
199;unknown_p199;1559;4998315.73;4369719.03
199;unknown_p199;1560;4998316.04;4369718.83
199;unknown_p199;1561;4998312.35;4369712.2
199;unknown_p199;1562;4998304.22;4369697.08
199;unknown_p199;1563;4998301.29;4369696.08
199;unknown_p199;1564;4998299.68;4369690.02
199;unknown_p199;1565;4998294.64;4369680.81
199;unknown_p199;1566;4998288.96;4369669.09
199;unknown_p199;1567;4998283.56;4369660.78
199;unknown_p199;1568;4998273.34;4369642.09
199;unknown_p199;1569;4998265.48;4369626.79
199;unknown_p199;1570;4998266.21;4369626.39
199;unknown_p199;1571;4998265.43;4369624.97
199;unknown_p199;1572;4998264.7;4369625.37
199;unknown_p199;1573;4998261.78;4369619.78
199;unknown_p199;1574;4998261.28;4369618.82
199;unknown_p199;1575;4998262.55;4369618.16
199;unknown_p199;1576;4998261.59;4369616.32
199;unknown_p199;1577;4998260.32;4369616.98
199;unknown_p199;1578;4998242.97;4369583.57
199;unknown_p199;1579;4998239.21;4369576.08
199;unknown_p199;1580;4998233.43;4369563.77
199;unknown_p199;1581;4998234.92;4369563.09
199;unknown_p199;1582;4998233.86;4369560.79
199;unknown_p199;1583;4998232.39;4369561.5
199;unknown_p199;1584;4998232.03;4369560.72
199;unknown_p199;1585;4998225.83;4369547.26
199;unknown_p199;1586;4998224.17;4369543.82
199;unknown_p199;1587;4998214.66;4369522.71
199;unknown_p199;1588;4998213.42;4369519.94
199;unknown_p199;1589;4998210.76;4369514.37
199;unknown_p199;1590;4998208.76;4369510.17
199;unknown_p199;1591;4998203.14;4369497.19
199;unknown_p199;1592;4998197.74;4369485.67
199;unknown_p199;1593;4998198.85;4369485.17
199;unknown_p199;1594;4998196.98;4369480.99
199;unknown_p199;1595;4998195.73;4369481.55
199;unknown_p199;1596;4998193.85;4369477.63
199;unknown_p199;1597;4998193.77;4369477.46
199;unknown_p199;1598;4998194.64;4369477.04
199;unknown_p199;1599;4998193.59;4369474.7
199;unknown_p199;1600;4998192.71;4369475.14
199;unknown_p199;1601;4998186.39;4369461.35
199;unknown_p199;1602;4998184.66;4369458.52
199;unknown_p199;1603;4998180.61;4369449.42
199;unknown_p199;1604;4998177.16;4369441.67
199;unknown_p199;1605;4998176.0;4369439.06
200;unknown_p200;1606;4998168.12;4369421.87
200;unknown_p200;1607;4998166.44;4369418.32
200;unknown_p200;1608;4998155.94;4369394.07
200;unknown_p200;1609;4998153.9;4369390.19
200;unknown_p200;1610;4998148.78;4369378.58
200;unknown_p200;1611;4998149.45;4369378.27
200;unknown_p200;1612;4998148.55;4369376.34
200;unknown_p200;1613;4998147.88;4369376.65
200;unknown_p200;1614;4998145.77;4369371.73
200;unknown_p200;1615;4998145.84;4369371.05
200;unknown_p200;1616;4998145.8;4369370.42
200;unknown_p200;1617;4998145.46;4369369.97
200;unknown_p200;1618;4998145.07;4369369.45
200;unknown_p200;1619;4998144.68;4369369.38
200;unknown_p200;1620;4998143.9;4369368.22
200;unknown_p200;1621;4998141.61;4369364.15
200;unknown_p200;1622;4998140.05;4369361.59
200;unknown_p200;1623;4998141.03;4369361.0
200;unknown_p200;1624;4998138.4;4369356.57
200;unknown_p200;1625;4998137.4;4369357.16
200;unknown_p200;1626;4998133.77;4369351.26
200;unknown_p200;1627;4998131.93;4369348.11
200;unknown_p200;1628;4998130.68;4369346.3
200;unknown_p200;1629;4998126.67;4369340.51
200;unknown_p200;1630;4998122.58;4369334.33
200;unknown_p200;1631;4998117.25;4369326.47
200;unknown_p200;1632;4998113.56;4369320.41
200;unknown_p200;1633;4998112.88;4369319.39
200;unknown_p200;1634;4998113.24;4369319.17
200;unknown_p200;1635;4998112.38;4369317.82
200;unknown_p200;1636;4998112.02;4369318.04
200;unknown_p200;1637;4998105.87;4369309.38
200;unknown_p200;1638;4998106.08;4369309.24
200;unknown_p200;1639;4998105.2;4369307.92
200;unknown_p200;1640;4998104.99;4369308.06
200;unknown_p200;1641;4998095.41;4369294.09
200;unknown_p200;1642;4998095.76;4369293.85
200;unknown_p200;1643;4998094.91;4369292.62
200;unknown_p200;1644;4998094.56;4369292.87
200;unknown_p200;1645;4998077.5;4369267.75
200;unknown_p200;1646;4998078.04;4369267.35
200;unknown_p200;1647;4998077.24;4369266.25
200;unknown_p200;1648;4998076.74;4369266.62
200;unknown_p200;1649;4998075.58;4369264.92
200;unknown_p200;1650;4998076.09;4369264.55
200;unknown_p200;1651;4998075.21;4369263.32
200;unknown_p200;1652;4998074.73;4369263.66
200;unknown_p200;1653;4998074.01;4369262.58
200;unknown_p200;1654;4998074.58;4369262.16
200;unknown_p200;1655;4998073.64;4369260.89
200;unknown_p200;1656;4998073.12;4369261.27
200;unknown_p200;1657;4998068.14;4369253.95
200;unknown_p200;1658;4998068.69;4369253.55
201;unknown_p201;1659;4998067.77;4369252.28
201;unknown_p201;1660;4998067.26;4369252.65
201;unknown_p201;1661;4998066.19;4369251.08
201;unknown_p201;1662;4998066.69;4369250.74
201;unknown_p201;1663;4998065.82;4369249.43
201;unknown_p201;1664;4998065.31;4369249.76
201;unknown_p201;1665;4998063.89;4369247.71
201;unknown_p201;1666;4998062.5;4369246.22
201;unknown_p201;1667;4998060.01;4369244.57
201;unknown_p201;1668;4998057.33;4369244.93
201;unknown_p201;1669;4998042.53;4369223.54
201;unknown_p201;1670;4998012.78;4369180.55
201;unknown_p201;1671;4997990.45;4369139.41
201;unknown_p201;1672;4997971.89;4369107.36
201;unknown_p201;1673;4997942.0;4369066.01
201;unknown_p201;1674;4997917.51;4369035.52
201;unknown_p201;1675;4997895.68;4369008.85
201;unknown_p201;1676;4997892.49;4369007.19
201;unknown_p201;1677;4997796.06;4368878.83
201;unknown_p201;1678;4997771.35;4368845.49
201;unknown_p201;1679;4997758.74;4368828.93
201;unknown_p201;1680;4997750.21;4368817.51
201;unknown_p201;1681;4997759.78;4368805.78
201;unknown_p201;1682;4997784.85;4368840.35
201;unknown_p201;1683;4997786.23;4368842.2
201;unknown_p201;1684;4997788.56;4368845.32
201;unknown_p201;1685;4997806.83;4368869.89
201;unknown_p201;1686;4997809.16;4368868.23
201;unknown_p201;1687;4997811.9;4368872.28
201;unknown_p201;1688;4997809.79;4368873.82
201;unknown_p201;1689;4997812.21;4368877.05
201;unknown_p201;1690;4997814.26;4368875.51
201;unknown_p201;1691;4997822.42;4368886.41
201;unknown_p201;1692;4997821.9;4368886.72
201;unknown_p201;1693;4997824.26;4368890.65
201;unknown_p201;1694;4997825.09;4368890.16
201;unknown_p201;1695;4997825.93;4368890.51
201;unknown_p201;1696;4997823.53;4368892.21
201;unknown_p201;1697;4997832.63;4368904.13
201;unknown_p201;1698;4997833.84;4368905.74
201;unknown_p201;1699;4997833.25;4368906.36
201;unknown_p201;1700;4997836.86;4368911.31
201;unknown_p201;1701;4997837.76;4368910.83
201;unknown_p201;1702;4997846.04;4368922.15
201;unknown_p201;1703;4997865.82;4368950.27
201;unknown_p201;1704;4997865.04;4368950.75
201;unknown_p201;1705;4997871.45;4368960.0
201;unknown_p201;1706;4997872.28;4368959.34
201;unknown_p201;1707;4997873.68;4368959.94
201;unknown_p201;1708;4997875.76;4368959.89
201;unknown_p201;1709;4997878.01;4368959.55
201;unknown_p201;1710;4997878.4;4368959.26
201;unknown_p201;1711;4997880.95;4368958.44
202;unknown_p202;1712;4997882.99;4368957.55
202;unknown_p202;1713;4997883.34;4368957.35
202;unknown_p202;1714;4997885.41;4368956.07
202;unknown_p202;1715;4997887.55;4368954.49
202;unknown_p202;1716;4997889.01;4368953.09
202;unknown_p202;1717;4997890.44;4368951.32
202;unknown_p202;1718;4997891.87;4368949.06
202;unknown_p202;1719;4997892.69;4368947.42
202;unknown_p202;1720;4997892.48;4368947.07
202;unknown_p202;1721;4997892.58;4368947.01
202;unknown_p202;1722;4997899.05;4368943.75
202;unknown_p202;1723;4997904.78;4368957.25
202;unknown_p202;1724;4997906.58;4368961.44
202;unknown_p202;1725;4997909.67;4368964.1
202;unknown_p202;1726;4997934.59;4369005.99
202;unknown_p202;1727;4997944.79;4369022.7
202;unknown_p202;1728;4997968.53;4369061.05
202;unknown_p202;1729;4997975.29;4369059.68
202;unknown_p202;1730;4997978.41;4369075.36
202;unknown_p202;1731;4997974.67;4369075.76
202;unknown_p202;1732;4997982.75;4369110.38
202;unknown_p202;1733;4997990.78;4369106.6
202;unknown_p202;1734;4998018.9;4369164.73
202;unknown_p202;1735;4998019.72;4369166.16
202;unknown_p202;1736;4998017.86;4369166.1
202;unknown_p202;1737;4998030.01;4369188.54
202;unknown_p202;1738;4998032.12;4369187.52
202;unknown_p202;1739;4998032.4;4369188.09
202;unknown_p202;1740;4998040.31;4369202.92
202;unknown_p202;1741;4998044.93;4369210.55
202;unknown_p202;1742;4998048.67;4369215.96
202;unknown_p202;1743;4998054.88;4369223.45
202;unknown_p202;1744;4998067.08;4369231.79
202;unknown_p202;1745;4998075.99;4369235.56
202;unknown_p202;1746;4998089.0;4369239.34
202;unknown_p202;1747;4998088.89;4369240.36
202;unknown_p202;1748;4998089.2;4369253.82
202;unknown_p202;1749;4998087.85;4369257.85
202;unknown_p202;1750;4998104.0;4369278.99
202;unknown_p202;1751;4998117.65;4369298.08
202;unknown_p202;1752;4998123.66;4369306.21
202;unknown_p202;1753;4998130.51;4369316.24
202;unknown_p202;1754;4998130.31;4369316.42
202;unknown_p202;1755;4998158.13;4369357.53
202;unknown_p202;1756;4998161.45;4369364.19
202;unknown_p202;1757;4998169.37;4369379.71
202;unknown_p202;1758;4998168.96;4369380.41
202;unknown_p202;1759;4998174.74;4369393.13
202;unknown_p202;1760;4998177.88;4369399.79
202;unknown_p202;1761;4998178.31;4369400.46
202;unknown_p202;1762;4998183.82;4369412.29
202;unknown_p202;1763;4998194.38;4369434.97
202;unknown_p202;1764;4998196.0;4369438.42
203;unknown_p203;1765;4998220.36;4369490.97
203;unknown_p203;1766;4998222.73;4369496.09
203;unknown_p203;1767;4998227.38;4369499.6
203;unknown_p203;1768;4998231.65;4369507.39
203;unknown_p203;1769;4998241.44;4369530.41
203;unknown_p203;1770;4998248.48;4369545.12
203;unknown_p203;1771;4998246.7;4369547.56
203;unknown_p203;1772;4998262.49;4369582.08
203;unknown_p203;1773;4998263.66;4369584.62
203;unknown_p203;1774;4998263.3;4369584.8
203;unknown_p203;1775;4998263.54;4369585.35
203;unknown_p203;1776;4998263.05;4369585.59
203;unknown_p203;1777;4998264.3;4369588.34
203;unknown_p203;1778;4998264.78;4369588.1
203;unknown_p203;1779;4998265.03;4369588.68
203;unknown_p203;1780;4998265.44;4369588.51
203;unknown_p203;1781;4998269.58;4369598.34
203;unknown_p203;1782;4998271.11;4369601.4
203;unknown_p203;1783;4998280.17;4369620.32
203;unknown_p203;1784;4998296.71;4369655.64
203;unknown_p203;1785;4998298.83;4369660.08
203;unknown_p203;1786;4998305.77;4369674.82
203;unknown_p203;1787;4998308.41;4369680.76
203;unknown_p203;1788;4998320.01;4369705.75
203;unknown_p203;1789;4998327.24;4369721.67
203;unknown_p203;1790;4998329.71;4369724.42
203;unknown_p203;1791;4998332.96;4369725.72
203;unknown_p203;1792;4998336.82;4369725.26
203;unknown_p203;1793;4998340.92;4369722.82
203;unknown_p203;1794;4998342.86;4369720.55
203;unknown_p203;1795;4998343.78;4369717.89
203;unknown_p203;1796;4998343.99;4369716.35
203;unknown_p203;1797;4998344.25;4369714.37
203;unknown_p203;1798;4998344.84;4369720.87
203;unknown_p203;1799;4998342.0;4369688.41
203;unknown_p203;1800;4998340.53;4369675.53
203;unknown_p203;1801;4998338.45;4369662.3
203;unknown_p203;1802;4998331.42;4369630.01
203;unknown_p203;1803;4998329.41;4369614.56
203;unknown_p203;1804;4998323.18;4369583.91
203;unknown_p203;1805;4998318.65;4369556.23
203;unknown_p203;1806;4998300.28;4369465.57
203;unknown_p203;1807;4998277.39;4369326.91
203;unknown_p203;1808;4998277.04;4369325.98
203;unknown_p203;1809;4998288.95;4369308.96
203;unknown_p203;1810;4998292.96;4369339.03
203;unknown_p203;1811;4998307.33;4369422.39
203;unknown_p203;1812;4998313.65;4369460.42
203;unknown_p203;1813;4998314.53;4369465.53
203;unknown_p203;1814;4998320.75;4369499.41
203;unknown_p203;1815;4998325.14;4369523.91
203;unknown_p203;1816;4998332.14;4369562.33
203;unknown_p203;1817;4998338.56;4369593.43
204;unknown_p204;1818;4998352.4;4369653.14
204;unknown_p204;1819;4998361.61;4369670.91
204;unknown_p204;1820;4998368.27;4369757.12
204;unknown_p204;1821;4998369.11;4369756.99
204;unknown_p204;313;4998369.96;4369765.43
22;road_boundary_unknown_p22;1;4998369.11;4369756.99
22;road_boundary_unknown_p22;2;4998369.96;4369765.43
22;road_boundary_unknown_p22;3;4998370.43;4369771.37
22;road_boundary_unknown_p22;4;4998371.19;4369779.49
22;road_boundary_unknown_p22;5;4998371.87;4369788.1
22;road_boundary_unknown_p22;6;4998374.15;4369817.26
22;road_boundary_unknown_p22;7;4998374.1;4369817.99
22;road_boundary_unknown_p22;8;4998374.16;4369818.44
22;road_boundary_unknown_p22;9;4998375.3;4369819.49
22;road_boundary_unknown_p22;10;4998376.55;4369819.44
22;road_boundary_unknown_p22;11;4998385.5;4369819.25
22;road_boundary_unknown_p22;12;4998409.02;4369818.7
22;road_boundary_unknown_p22;13;4998415.39;4369819.16
22;road_boundary_unknown_p22;14;4998418.65;4369819.41
22;road_boundary_unknown_p22;15;4998422.29;4369819.55
22;road_boundary_unknown_p22;16;4998453.2;4369819.06
22;road_boundary_unknown_p22;17;4998457.13;4369818.65
22;road_boundary_unknown_p22;18;4998465.36;4369817.98
22;road_boundary_unknown_p22;19;4998489.29;4369816.03
22;road_boundary_unknown_p22;20;4998496.32;4369814.97
22;road_boundary_unknown_p22;21;4998511.46;4369812.69
22;road_boundary_unknown_p22;22;4998521.51;4369811.17
22;road_boundary_unknown_p22;23;4998524.19;4369828.21
22;road_boundary_unknown_p22;24;4998510.4;4369830.55
22;road_boundary_unknown_p22;25;4998504.0;4369831.64
22;road_boundary_unknown_p22;26;4998481.44;4369834.94
22;road_boundary_unknown_p22;27;4998467.25;4369837.02
22;road_boundary_unknown_p22;28;4998459.89;4369838.29
22;road_boundary_unknown_p22;29;4998453.62;4369840.32
22;road_boundary_unknown_p22;30;4998448.57;4369844.19
22;road_boundary_unknown_p22;31;4998445.08;4369848.24
22;road_boundary_unknown_p22;32;4998442.86;4369850.69
22;road_boundary_unknown_p22;33;4998442.74;4369850.83
22;road_boundary_unknown_p22;34;4998429.75;4369865.65
22;road_boundary_unknown_p22;35;4998423.79;4369869.23
22;road_boundary_unknown_p22;36;4998418.29;4369878.49
22;road_boundary_unknown_p22;37;4998417.95;4369879.06
22;road_boundary_unknown_p22;38;4998390.44;4369910.3
22;road_boundary_unknown_p22;39;4998387.55;4369914.2
22;road_boundary_unknown_p22;40;4998386.29;4369916.74
22;road_boundary_unknown_p22;41;4998383.2;4369912.73
22;road_boundary_unknown_p22;42;4998361.82;4369936.13
22;road_boundary_unknown_p22;43;4998354.87;4369944.98
22;road_boundary_unknown_p22;44;4998353.23;4369947.69
22;road_boundary_unknown_p22;46;4998345.82;4369958.45
22;road_boundary_unknown_p22;47;4998344.56;4369960.86
22;road_boundary_unknown_p22;48;4998342.79;4369964.48
22;road_boundary_unknown_p22;49;4998340.99;4369980.02
22;road_boundary_unknown_p22;50;4998343.16;4369980.52
22;road_boundary_unknown_p22;51;4998341.58;4369987.34
22;road_boundary_unknown_p22;52;4998340.36;4369987.06
22;road_boundary_unknown_p22;53;4998339.7;4369993.32
22;road_boundary_unknown_p22;54;4998336.74;4370023.44
22;road_boundary_unknown_p22;55;4998330.52;4370069.66
22;road_boundary_unknown_p22;56;4998329.23;4370069.53
22;road_boundary_unknown_p22;57;4998325.84;4370084.71
22;road_boundary_unknown_p22;58;4998321.8;4370121.99
22;road_boundary_unknown_p22;59;4998323.78;4370138.77
22;road_boundary_unknown_p22;60;4998318.53;4370185.84
22;road_boundary_unknown_p22;61;4998316.9;4370201.0
22;road_boundary_unknown_p22;62;4998311.43;4370200.41
22;road_boundary_unknown_p22;63;4998305.83;4370250.64
22;road_boundary_unknown_p22;64;4998304.86;4370259.57
22;road_boundary_unknown_p22;65;4998310.48;4370260.24
22;road_boundary_unknown_p22;66;4998309.14;4370270.96
22;road_boundary_unknown_p22;67;4998303.69;4370270.38
22;road_boundary_unknown_p22;68;4998302.11;4370285.01
22;road_boundary_unknown_p22;69;4998300.24;4370302.22
22;road_boundary_unknown_p22;70;4998299.4;4370309.99
22;road_boundary_unknown_p22;71;4998303.01;4370313.77
22;road_boundary_unknown_p22;72;4998301.48;4370321.1
22;road_boundary_unknown_p22;73;4998290.38;4370413.92
22;road_boundary_unknown_p22;74;4998284.9;4370442.52
22;road_boundary_unknown_p22;75;4998277.86;4370480.34
22;road_boundary_unknown_p22;76;4998278.98;4370494.01
22;road_boundary_unknown_p22;77;4998275.39;4370512.23
22;road_boundary_unknown_p22;78;4998267.96;4370535.49
22;road_boundary_unknown_p22;79;4998216.64;4370776.88
22;road_boundary_unknown_p22;80;4998208.36;4370816.15
22;road_boundary_unknown_p22;81;4998208.2;4370826.71
22;road_boundary_unknown_p22;82;4998203.88;4370846.99
22;road_boundary_unknown_p22;83;4998196.59;4370870.28
22;road_boundary_unknown_p22;84;4998164.66;4371020.6
22;road_boundary_unknown_p22;85;4998151.63;4371084.12
22;road_boundary_unknown_p22;86;4998147.1;4371083.27
22;road_boundary_unknown_p22;87;4998137.63;4371126.38
22;road_boundary_unknown_p22;88;4998127.22;4371167.67
22;road_boundary_unknown_p22;89;4998121.72;4371184.45
22;road_boundary_unknown_p22;90;4998115.42;4371206.64
23;road_boundary_unknown_p23;92;4998090.31;4371263.8
23;road_boundary_unknown_p23;93;4998084.18;4371278.06
23;road_boundary_unknown_p23;94;4998069.44;4371310.62
23;road_boundary_unknown_p23;95;4998062.09;4371307.3
23;road_boundary_unknown_p23;96;4998057.77;4371316.73
23;road_boundary_unknown_p23;97;4998021.92;4371395.03
23;road_boundary_unknown_p23;98;4998000.43;4371441.96
23;road_boundary_unknown_p23;99;4998002.27;4371445.51
23;road_boundary_unknown_p23;100;4998024.34;4371455.55
23;road_boundary_unknown_p23;101;4998039.19;4371461.57
23;road_boundary_unknown_p23;102;4998037.31;4371466.11
23;road_boundary_unknown_p23;103;4998076.77;4371481.23
23;road_boundary_unknown_p23;104;4998084.17;4371485.2
23;road_boundary_unknown_p23;105;4998087.22;4371486.64
23;road_boundary_unknown_p23;106;4998092.89;4371482.04
23;road_boundary_unknown_p23;107;4998109.12;4371490.81
23;road_boundary_unknown_p23;108;4998072.82;4371555.52
23;road_boundary_unknown_p23;109;4998069.96;4371554.02
23;road_boundary_unknown_p23;110;4998033.81;4371620.89
23;road_boundary_unknown_p23;111;4998002.63;4371678.72
23;road_boundary_unknown_p23;112;4997979.85;4371720.97
23;road_boundary_unknown_p23;113;4997962.05;4371754.43
23;road_boundary_unknown_p23;114;4997965.05;4371756.08
23;road_boundary_unknown_p23;115;4997950.29;4371783.36
23;road_boundary_unknown_p23;116;4997937.55;4371807.13
23;road_boundary_unknown_p23;117;4997918.13;4371842.67
23;road_boundary_unknown_p23;118;4997875.71;4371919.8
23;road_boundary_unknown_p23;119;4997848.94;4371968.68
23;road_boundary_unknown_p23;120;4997815.92;4372031.95
23;road_boundary_unknown_p23;121;4997782.07;4372096.43
23;road_boundary_unknown_p23;122;4997732.32;4372189.11
23;road_boundary_unknown_p23;123;4997702.99;4372243.78
23;road_boundary_unknown_p23;124;4997679.84;4372287.07
23;road_boundary_unknown_p23;125;4997657.13;4372329.76
23;road_boundary_unknown_p23;126;4997639.28;4372362.11
23;road_boundary_unknown_p23;127;4997623.43;4372390.2
23;road_boundary_unknown_p23;128;4997608.1;4372417.83
23;road_boundary_unknown_p23;129;4997588.69;4372449.72
23;road_boundary_unknown_p23;130;4997573.14;4372474.26
23;road_boundary_unknown_p23;131;4997552.08;4372508.65
23;road_boundary_unknown_p23;132;4997530.46;4372543.4
23;road_boundary_unknown_p23;133;4997514.83;4372569.17
23;road_boundary_unknown_p23;134;4997504.8;4372585.68
23;road_boundary_unknown_p23;135;4997464.21;4372649.5
23;road_boundary_unknown_p23;136;4997450.01;4372672.02
23;road_boundary_unknown_p23;137;4997396.01;4372757.89
23;road_boundary_unknown_p23;138;4997349.83;4372831.8
23;road_boundary_unknown_p23;139;4997313.95;4372891.34
23;road_boundary_unknown_p23;140;4997310.2;4372897.53
23;road_boundary_unknown_p23;141;4997292.66;4372923.94
23;road_boundary_unknown_p23;142;4997251.53;4372984.57
23;road_boundary_unknown_p23;143;4997235.88;4373009.01
23;road_boundary_unknown_p23;144;4997210.28;4373050.17
23;road_boundary_unknown_p23;146;4997104.74;4373220.04
23;road_boundary_unknown_p23;147;4997051.79;4373304.87
23;road_boundary_unknown_p23;148;4996998.57;4373389.54
23;road_boundary_unknown_p23;149;4996945.57;4373474.35
23;road_boundary_unknown_p23;150;4996892.48;4373559.11
23;road_boundary_unknown_p23;151;4996839.68;4373644.0
23;road_boundary_unknown_p23;152;4996787.11;4373729.07
23;road_boundary_unknown_p23;153;4996770.81;4373755.62
23;road_boundary_unknown_p23;154;4996733.9;4373814.01
23;road_boundary_unknown_p23;155;4996714.34;4373843.06
23;road_boundary_unknown_p23;156;4996675.43;4373896.02
23;road_boundary_unknown_p23;157;4996652.44;4373925.52
23;road_boundary_unknown_p23;158;4996613.89;4373974.93
23;road_boundary_unknown_p23;159;4996552.46;4374053.85
23;road_boundary_unknown_p23;160;4996490.53;4374132.32
23;road_boundary_unknown_p23;161;4996428.46;4374210.77
23;road_boundary_unknown_p23;162;4996366.79;4374289.51
23;road_boundary_unknown_p23;163;4996304.91;4374368.02
23;road_boundary_unknown_p23;164;4996243.08;4374446.62
23;road_boundary_unknown_p23;165;4996181.17;4374525.18
23;road_boundary_unknown_p23;166;4996119.73;4374604.02
23;road_boundary_unknown_p23;167;4996057.95;4374682.69
23;road_boundary_unknown_p23;168;4995996.53;4374761.63
23;road_boundary_unknown_p23;169;4995934.83;4374840.32
23;road_boundary_unknown_p23;170;4995873.36;4374919.2
23;road_boundary_unknown_p23;171;4995811.76;4374997.97
23;road_boundary_unknown_p23;172;4995750.39;4375076.92
23;road_boundary_unknown_p23;173;4995688.56;4375155.53
23;road_boundary_unknown_p23;174;4995626.43;4375233.86
23;road_boundary_unknown_p23;175;4995564.46;4375312.42
23;road_boundary_unknown_p23;176;4995502.21;4375390.67
23;road_boundary_unknown_p23;177;4995440.77;4375469.54
23;road_boundary_unknown_p23;178;4995379.22;4375548.36
23;road_boundary_unknown_p23;179;4995317.9;4375627.34
23;road_boundary_unknown_p23;180;4995256.51;4375706.3
23;road_boundary_unknown_p23;181;4995194.65;4375784.83
23;road_boundary_unknown_p23;182;4995132.62;4375863.29
23;road_boundary_unknown_p23;183;4995070.89;4375941.96
23;road_boundary_unknown_p23;184;4995009.0;4376020.49
23;road_boundary_unknown_p23;185;4994947.67;4376099.5
23;road_boundary_unknown_p23;186;4994886.18;4376178.32
23;road_boundary_unknown_p23;187;4994830.23;4376250.21
23;road_boundary_unknown_p23;188;4994813.87;4376271.17
23;road_boundary_unknown_p23;189;4994795.33;4376293.36
23;road_boundary_unknown_p23;190;4994780.83;4376309.39
23;road_boundary_unknown_p23;191;4994758.15;4376333.05
23;road_boundary_unknown_p23;192;4994750.36;4376341.05
23;road_boundary_unknown_p23;193;4994753.4;4376349.38
23;road_boundary_unknown_p23;194;4994719.31;4376388.13
23;road_boundary_unknown_p23;195;4994680.33;4376442.23
23;road_boundary_unknown_p23;196;4994675.14;4376438.96
23;road_boundary_unknown_p23;197;4994650.4;4376477.06
23;road_boundary_unknown_p23;198;4994639.68;4376491.97
24;road_boundary_unknown_p24;200;4994577.71;4376570.74
24;road_boundary_unknown_p24;201;4994548.02;4376610.55
24;road_boundary_unknown_p24;202;4994519.07;4376651.35
24;road_boundary_unknown_p24;203;4994495.67;4376685.65
24;road_boundary_unknown_p24;204;4994477.35;4376713.52
24;road_boundary_unknown_p24;205;4994463.82;4376734.36
24;road_boundary_unknown_p24;206;4994409.48;4376818.32
24;road_boundary_unknown_p24;207;4994355.21;4376902.32
24;road_boundary_unknown_p24;208;4994336.69;4376931.17
24;road_boundary_unknown_p24;209;4994311.41;4376969.78
24;road_boundary_unknown_p24;210;4994299.55;4376986.41
24;road_boundary_unknown_p24;211;4994297.17;4376989.31
24;road_boundary_unknown_p24;212;4994279.1;4377009.32
24;road_boundary_unknown_p24;213;4994258.39;4377030.63
24;road_boundary_unknown_p24;214;4994203.22;4377084.56
24;road_boundary_unknown_p24;215;4994182.16;4377110.11
24;road_boundary_unknown_p24;216;4994173.08;4377124.35
24;road_boundary_unknown_p24;217;4994166.46;4377134.74
24;road_boundary_unknown_p24;218;4994167.59;4377155.07
24;road_boundary_unknown_p24;219;4994146.51;4377198.85
24;road_boundary_unknown_p24;220;4994139.53;4377195.94
24;road_boundary_unknown_p24;221;4994107.82;4377264.28
24;road_boundary_unknown_p24;222;4994080.49;4377316.91
24;road_boundary_unknown_p24;223;4994058.91;4377355.64
24;road_boundary_unknown_p24;224;4994052.91;4377364.35
24;road_boundary_unknown_p24;225;4994038.72;4377388.55
24;road_boundary_unknown_p24;226;4994031.31;4377400.33
24;road_boundary_unknown_p24;227;4994008.78;4377436.06
24;road_boundary_unknown_p24;228;4993976.91;4377484.57
24;road_boundary_unknown_p24;229;4993945.95;4377531.78
24;road_boundary_unknown_p24;230;4993921.76;4377568.27
24;road_boundary_unknown_p24;231;4993907.95;4377587.52
24;road_boundary_unknown_p24;232;4993888.12;4377613.86
24;road_boundary_unknown_p24;233;4993878.52;4377642.7
24;road_boundary_unknown_p24;234;4993918.99;4377639.26
24;road_boundary_unknown_p24;235;4993966.75;4377597.16
24;road_boundary_unknown_p24;236;4993982.71;4377581.35
24;road_boundary_unknown_p24;237;4993988.75;4377575.72
24;road_boundary_unknown_p24;238;4993995.48;4377569.11
24;road_boundary_unknown_p24;239;4994002.16;4377562.35
24;road_boundary_unknown_p24;240;4994008.81;4377555.55
24;road_boundary_unknown_p24;241;4994015.38;4377548.64
24;road_boundary_unknown_p24;242;4994020.35;4377543.38
24;road_boundary_unknown_p24;243;4994025.26;4377538.07
24;road_boundary_unknown_p24;244;4994028.27;4377534.75
24;road_boundary_unknown_p24;245;4994034.39;4377527.57
24;road_boundary_unknown_p24;246;4994040.4;4377520.29
24;road_boundary_unknown_p24;247;4994046.16;4377512.81
24;road_boundary_unknown_p24;248;4994051.92;4377505.08
24;road_boundary_unknown_p24;249;4994055.4;4377500.6
24;road_boundary_unknown_p24;250;4994063.6;4377489.69
24;road_boundary_unknown_p24;251;4994069.52;4377481.96
24;road_boundary_unknown_p24;252;4994044.44;4377447.16
24;road_boundary_unknown_p24;254;4994058.75;4377431.74
24;road_boundary_unknown_p24;255;4994094.55;4377457.48
24;road_boundary_unknown_p24;256;4994118.92;4377425.33
24;road_boundary_unknown_p24;257;4994163.09;4377360.6
24;road_boundary_unknown_p24;258;4994176.32;4377346.54
24;road_boundary_unknown_p24;259;4994181.72;4377338.63
24;road_boundary_unknown_p24;260;4994187.02;4377330.87
24;road_boundary_unknown_p24;261;4994218.55;4377284.66
24;road_boundary_unknown_p24;262;4994228.89;4377269.52
24;road_boundary_unknown_p24;263;4994239.14;4377254.49
24;road_boundary_unknown_p24;264;4994259.4;4377224.81
24;road_boundary_unknown_p24;265;4994268.58;4377204.94
24;road_boundary_unknown_p24;266;4994265.1;4377202.52
24;road_boundary_unknown_p24;267;4994346.22;4377087.39
24;road_boundary_unknown_p24;268;4994456.08;4376932.19
24;road_boundary_unknown_p24;269;4994468.92;4376902.36
24;road_boundary_unknown_p24;270;4994493.04;4376868.34
24;road_boundary_unknown_p24;271;4994498.97;4376872.54
24;road_boundary_unknown_p24;272;4994511.08;4376855.7
24;road_boundary_unknown_p24;273;4994529.51;4376830.07
24;road_boundary_unknown_p24;274;4994548.08;4376804.25
24;road_boundary_unknown_p24;275;4994566.79;4376778.24
24;road_boundary_unknown_p24;276;4994585.64;4376752.02
24;road_boundary_unknown_p24;277;4994604.64;4376725.6
24;road_boundary_unknown_p24;278;4994609.31;4376719.11
24;road_boundary_unknown_p24;279;4994628.5;4376692.43
24;road_boundary_unknown_p24;280;4994647.83;4376665.52
24;road_boundary_unknown_p24;281;4994667.35;4376638.41
24;road_boundary_unknown_p24;282;4994687.01;4376611.06
24;road_boundary_unknown_p24;283;4994704.52;4376586.72
24;road_boundary_unknown_p24;284;4994706.85;4376583.48
24;road_boundary_unknown_p24;285;4994747.12;4376527.48
24;road_boundary_unknown_p24;286;4994780.89;4376480.55
24;road_boundary_unknown_p24;287;4994773.22;4376457.89
24;road_boundary_unknown_p24;288;4994799.61;4376425.14
24;road_boundary_unknown_p24;289;4994821.41;4376430.29
24;road_boundary_unknown_p24;290;4994873.54;4376364.68
24;road_boundary_unknown_p24;291;4994978.89;4376227.2
24;road_boundary_unknown_p24;292;4994972.5;4376222.39
24;road_boundary_unknown_p24;293;4994994.13;4376193.61
24;road_boundary_unknown_p24;294;4994997.77;4376196.24
24;road_boundary_unknown_p24;295;4995148.02;4375999.98
24;road_boundary_unknown_p24;296;4995142.71;4375996.02
24;road_boundary_unknown_p24;297;4995158.33;4375975.26
24;road_boundary_unknown_p24;298;4995163.84;4375979.34
24;road_boundary_unknown_p24;299;4995208.63;4375920.9
24;road_boundary_unknown_p24;300;4995273.47;4375834.45
24;road_boundary_unknown_p24;301;4995350.33;4375732.26
24;road_boundary_unknown_p24;302;4995343.34;4375727.38
24;road_boundary_unknown_p24;303;4995359.74;4375708.53
24;road_boundary_unknown_p24;304;4995364.58;4375711.93
24;road_boundary_unknown_p24;305;4995402.88;4375657.31
24;road_boundary_unknown_p24;306;4995425.18;4375627.62
25;road_boundary_unknown_p25;308;4995459.85;4375581.46
25;road_boundary_unknown_p25;309;4995465.25;4375574.26
25;road_boundary_unknown_p25;310;4995474.89;4375561.42
25;road_boundary_unknown_p25;311;4995470.05;4375557.77
25;road_boundary_unknown_p25;312;4995487.77;4375533.56
25;road_boundary_unknown_p25;313;4995492.73;4375537.0
25;road_boundary_unknown_p25;314;4995553.58;4375453.72
25;road_boundary_unknown_p25;315;4995557.58;4375456.73
25;road_boundary_unknown_p25;316;4995568.98;4375442.32
25;road_boundary_unknown_p25;317;4995580.68;4375427.54
25;road_boundary_unknown_p25;318;4995592.69;4375412.35
25;road_boundary_unknown_p25;319;4995605.05;4375396.74
25;road_boundary_unknown_p25;320;4995617.78;4375380.64
25;road_boundary_unknown_p25;321;4995644.52;4375346.84
25;road_boundary_unknown_p25;322;4995658.64;4375328.99
25;road_boundary_unknown_p25;323;4995661.48;4375325.39
25;road_boundary_unknown_p25;324;4995680.3;4375301.63
25;road_boundary_unknown_p25;325;4995680.77;4375301.02
25;road_boundary_unknown_p25;326;4995695.32;4375282.63
25;road_boundary_unknown_p25;327;4995695.78;4375282.07
25;road_boundary_unknown_p25;328;4995711.02;4375262.76
25;road_boundary_unknown_p25;329;4995711.5;4375262.16
25;road_boundary_unknown_p25;330;4995727.76;4375241.64
25;road_boundary_unknown_p25;331;4995744.7;4375219.21
25;road_boundary_unknown_p25;332;4995761.78;4375196.24
25;road_boundary_unknown_p25;333;4995779.22;4375172.76
25;road_boundary_unknown_p25;334;4995797.06;4375148.74
25;road_boundary_unknown_p25;335;4995798.19;4375149.59
25;road_boundary_unknown_p25;336;4995811.13;4375131.99
25;road_boundary_unknown_p25;337;4995820.93;4375118.67
25;road_boundary_unknown_p25;338;4995824.25;4375114.15
25;road_boundary_unknown_p25;339;4995832.63;4375102.75
25;road_boundary_unknown_p25;340;4995837.54;4375096.08
25;road_boundary_unknown_p25;341;4995844.58;4375086.5
25;road_boundary_unknown_p25;342;4995856.78;4375069.91
25;road_boundary_unknown_p25;343;4995864.66;4375059.19
25;road_boundary_unknown_p25;344;4995869.26;4375052.94
25;road_boundary_unknown_p25;345;4995882.03;4375035.57
25;road_boundary_unknown_p25;346;4995895.12;4375017.77
25;road_boundary_unknown_p25;347;4995908.54;4374999.51
25;road_boundary_unknown_p25;348;4995921.34;4374982.11
25;road_boundary_unknown_p25;349;4995922.34;4374980.75
25;road_boundary_unknown_p25;350;4995936.07;4374962.08
25;road_boundary_unknown_p25;351;4995936.53;4374961.44
25;road_boundary_unknown_p25;352;4995951.04;4374941.71
25;road_boundary_unknown_p25;353;4995951.17;4374941.54
25;road_boundary_unknown_p25;354;4995966.28;4374920.99
25;road_boundary_unknown_p25;355;4996042.62;4374819.45
25;road_boundary_unknown_p25;356;4996046.92;4374806.64
25;road_boundary_unknown_p25;357;4996051.89;4374796.24
25;road_boundary_unknown_p25;358;4996076.49;4374766.9
25;road_boundary_unknown_p25;359;4996095.83;4374750.83
25;road_boundary_unknown_p25;360;4996067.86;4374730.82
25;road_boundary_unknown_p25;362;4996170.51;4374599.77
25;road_boundary_unknown_p25;363;4996186.6;4374578.79
25;road_boundary_unknown_p25;364;4996198.09;4374587.73
25;road_boundary_unknown_p25;365;4996224.7;4374593.39
25;road_boundary_unknown_p25;366;4996267.74;4374528.88
25;road_boundary_unknown_p25;367;4996322.0;4374443.27
25;road_boundary_unknown_p25;368;4996345.27;4374402.1
25;road_boundary_unknown_p25;369;4996366.4;4374361.48
25;road_boundary_unknown_p25;370;4996394.39;4374316.17
25;road_boundary_unknown_p25;371;4996414.67;4374287.5
25;road_boundary_unknown_p25;372;4996446.08;4374247.62
25;road_boundary_unknown_p25;373;4996478.14;4374206.79
25;road_boundary_unknown_p25;374;4996500.68;4374178.76
25;road_boundary_unknown_p25;375;4996611.89;4374035.88
25;road_boundary_unknown_p25;376;4996673.68;4373957.84
25;road_boundary_unknown_p25;377;4996743.8;4373865.71
25;road_boundary_unknown_p25;378;4996791.56;4373792.69
25;road_boundary_unknown_p25;379;4996844.64;4373707.72
25;road_boundary_unknown_p25;380;4996909.94;4373609.39
25;road_boundary_unknown_p25;381;4996913.42;4373596.18
25;road_boundary_unknown_p25;382;4997222.71;4373100.51
25;road_boundary_unknown_p25;383;4997246.9;4373090.81
25;road_boundary_unknown_p25;384;4997254.71;4373095.62
25;road_boundary_unknown_p25;385;4997274.52;4373066.63
25;road_boundary_unknown_p25;386;4997295.99;4373045.59
25;road_boundary_unknown_p25;387;4997300.59;4373040.05
25;road_boundary_unknown_p25;388;4997335.72;4372990.72
25;road_boundary_unknown_p25;389;4997360.36;4372963.4
25;road_boundary_unknown_p25;390;4997390.96;4372929.19
25;road_boundary_unknown_p25;391;4997386.15;4372912.48
25;road_boundary_unknown_p25;392;4997396.45;4372901.78
25;road_boundary_unknown_p25;393;4997424.7;4372892.1
25;road_boundary_unknown_p25;394;4997447.07;4372877.62
25;road_boundary_unknown_p25;395;4997579.28;4372759.55
25;road_boundary_unknown_p25;396;4997599.74;4372781.76
25;road_boundary_unknown_p25;397;4997554.78;4372825.64
25;road_boundary_unknown_p25;398;4997565.67;4372833.2
25;road_boundary_unknown_p25;399;4997555.86;4372847.33
25;road_boundary_unknown_p25;400;4997542.24;4372837.87
25;road_boundary_unknown_p25;401;4997506.87;4372872.39
25;road_boundary_unknown_p25;402;4997392.52;4373001.93
25;road_boundary_unknown_p25;403;4997383.05;4373029.28
25;road_boundary_unknown_p25;404;4997367.63;4373049.07
25;road_boundary_unknown_p25;405;4997365.35;4373050.57
25;road_boundary_unknown_p25;406;4997318.61;4373117.27
25;road_boundary_unknown_p25;407;4997316.13;4373115.59
25;road_boundary_unknown_p25;408;4997274.83;4373174.51
25;road_boundary_unknown_p25;409;4997280.51;4373230.59
25;road_boundary_unknown_p25;410;4997250.54;4373273.14
25;road_boundary_unknown_p25;411;4997212.08;4373255.23
25;road_boundary_unknown_p25;412;4997045.18;4373506.29
25;road_boundary_unknown_p25;413;4997003.62;4373568.37
25;road_boundary_unknown_p25;414;4997017.22;4373577.52
26;road_boundary_unknown_p26;416;4996993.72;4373583.16
26;road_boundary_unknown_p26;417;4996954.58;4373641.63
26;road_boundary_unknown_p26;418;4996871.45;4373762.05
26;road_boundary_unknown_p26;419;4996589.62;4374164.1
26;road_boundary_unknown_p26;420;4996567.85;4374197.47
26;road_boundary_unknown_p26;421;4996578.53;4374205.19
26;road_boundary_unknown_p26;422;4996570.32;4374216.56
26;road_boundary_unknown_p26;423;4996560.18;4374209.22
26;road_boundary_unknown_p26;424;4996556.91;4374214.23
26;road_boundary_unknown_p26;425;4996512.21;4374283.18
26;road_boundary_unknown_p26;426;4996476.64;4374332.84
26;road_boundary_unknown_p26;427;4996460.67;4374354.43
26;road_boundary_unknown_p26;428;4996467.23;4374359.18
26;road_boundary_unknown_p26;429;4996459.01;4374370.54
26;road_boundary_unknown_p26;430;4996452.33;4374365.71
26;road_boundary_unknown_p26;431;4996415.24;4374415.83
26;road_boundary_unknown_p26;432;4996354.75;4374497.6
26;road_boundary_unknown_p26;433;4996347.89;4374507.36
26;road_boundary_unknown_p26;434;4996355.92;4374513.16
26;road_boundary_unknown_p26;435;4996347.71;4374524.53
26;road_boundary_unknown_p26;436;4996339.83;4374518.83
26;road_boundary_unknown_p26;437;4996327.52;4374536.36
26;road_boundary_unknown_p26;438;4996270.82;4374618.13
26;road_boundary_unknown_p26;439;4996238.1;4374662.43
26;road_boundary_unknown_p26;440;4996244.62;4374667.15
26;road_boundary_unknown_p26;441;4996236.41;4374678.51
26;road_boundary_unknown_p26;442;4996229.77;4374673.71
26;road_boundary_unknown_p26;443;4996212.62;4374696.92
26;road_boundary_unknown_p26;444;4996170.0;4374747.79
26;road_boundary_unknown_p26;445;4996143.24;4374787.69
26;road_boundary_unknown_p26;446;4996122.1;4374813.03
26;road_boundary_unknown_p26;447;4996133.32;4374821.14
26;road_boundary_unknown_p26;448;4996125.11;4374832.5
26;road_boundary_unknown_p26;449;4996113.74;4374824.28
26;road_boundary_unknown_p26;450;4996120.42;4374815.05
26;road_boundary_unknown_p26;451;4996111.43;4374825.82
26;road_boundary_unknown_p26;452;4996078.52;4374857.36
26;road_boundary_unknown_p26;453;4995947.93;4375014.77
26;road_boundary_unknown_p26;454;4995878.6;4375096.61
26;road_boundary_unknown_p26;455;4995890.57;4375105.65
26;road_boundary_unknown_p26;456;4995877.59;4375122.84
26;road_boundary_unknown_p26;457;4995865.62;4375113.8
26;road_boundary_unknown_p26;458;4995768.2;4375248.24
26;road_boundary_unknown_p26;459;4995730.82;4375296.8
26;road_boundary_unknown_p26;460;4995526.43;4375580.53
26;road_boundary_unknown_p26;461;4995480.43;4375638.1
26;road_boundary_unknown_p26;462;4995179.4;4376047.02
26;road_boundary_unknown_p26;463;4995001.53;4376285.65
26;road_boundary_unknown_p26;464;4994940.78;4376362.09
26;road_boundary_unknown_p26;465;4994856.45;4376469.56
26;road_boundary_unknown_p26;466;4994868.46;4376481.47
26;road_boundary_unknown_p26;467;4994849.09;4376521.47
26;road_boundary_unknown_p26;468;4994825.66;4376553.92
26;road_boundary_unknown_p26;470;4994772.41;4376560.2
26;road_boundary_unknown_p26;471;4994751.29;4376589.57
26;road_boundary_unknown_p26;472;4994730.16;4376618.94
26;road_boundary_unknown_p26;473;4994709.04;4376648.32
26;road_boundary_unknown_p26;474;4994687.92;4376677.69
26;road_boundary_unknown_p26;475;4994666.79;4376707.07
26;road_boundary_unknown_p26;476;4994645.67;4376736.44
26;road_boundary_unknown_p26;477;4994615.42;4376777.93
26;road_boundary_unknown_p26;478;4994595.05;4376807.66
26;road_boundary_unknown_p26;479;4994532.81;4376896.78
26;road_boundary_unknown_p26;480;4994542.42;4376903.69
26;road_boundary_unknown_p26;481;4994521.3;4376933.06
26;road_boundary_unknown_p26;482;4994511.7;4376926.16
26;road_boundary_unknown_p26;483;4994399.93;4377081.6
26;road_boundary_unknown_p26;484;4994301.07;4377234.15
26;road_boundary_unknown_p26;485;4994252.89;4377314.25
26;road_boundary_unknown_p26;486;4994133.44;4377495.3
26;road_boundary_unknown_p26;487;4994133.8;4377495.56
26;road_boundary_unknown_p26;488;4994127.27;4377504.64
26;road_boundary_unknown_p26;489;4994091.69;4377558.56
26;road_boundary_unknown_p26;490;4994053.49;4377608.42
26;road_boundary_unknown_p26;491;4994048.7;4377613.92
26;road_boundary_unknown_p26;492;4994046.99;4377616.29
26;road_boundary_unknown_p26;493;4994046.77;4377616.13
26;road_boundary_unknown_p26;494;4994025.81;4377640.21
26;road_boundary_unknown_p26;495;4993988.84;4377678.05
26;road_boundary_unknown_p26;496;4993964.29;4377698.42
26;road_boundary_unknown_p26;497;4993932.71;4377720.47
26;road_boundary_unknown_p26;498;4993924.94;4377714.88
26;road_boundary_unknown_p26;499;4993911.26;4377734.92
26;road_boundary_unknown_p26;500;4993910.58;4377735.92
26;road_boundary_unknown_p26;501;4993907.71;4377737.92
26;road_boundary_unknown_p26;502;4993841.6;4377753.47
26;road_boundary_unknown_p26;503;4993787.46;4377781.96
26;road_boundary_unknown_p26;504;4993732.45;4377867.81
26;road_boundary_unknown_p26;505;4993580.54;4378050.41
26;road_boundary_unknown_p26;506;4993517.92;4378050.24
26;road_boundary_unknown_p26;507;4993325.78;4378264.72
26;road_boundary_unknown_p26;508;4993293.68;4378239.15
26;road_boundary_unknown_p26;509;4993326.02;4378200.24
26;road_boundary_unknown_p26;510;4993351.75;4378165.0
26;road_boundary_unknown_p26;511;4993356.58;4378168.41
26;road_boundary_unknown_p26;512;4993360.4;4378163.75
26;road_boundary_unknown_p26;513;4993355.29;4378160.14
26;road_boundary_unknown_p26;514;4993374.94;4378133.22
26;road_boundary_unknown_p26;515;4993472.18;4378000.01
26;road_boundary_unknown_p26;516;4993455.05;4377955.44
26;road_boundary_unknown_p26;517;4993468.99;4377912.54
26;road_boundary_unknown_p26;518;4993533.77;4377870.42
26;road_boundary_unknown_p26;519;4993572.39;4377838.69
26;road_boundary_unknown_p26;520;4993607.11;4377798.08
26;road_boundary_unknown_p26;521;4993745.68;4377713.0
26;road_boundary_unknown_p26;522;4993767.5;4377696.78
27;road_boundary_unknown_p27;524;4993843.54;4377632.14
27;road_boundary_unknown_p27;525;4993871.62;4377601.99
27;road_boundary_unknown_p27;526;4993882.98;4377587.75
27;road_boundary_unknown_p27;527;4993902.89;4377560.52
27;road_boundary_unknown_p27;528;4993910.3;4377550.66
27;road_boundary_unknown_p27;529;4993915.0;4377544.18
27;road_boundary_unknown_p27;530;4993916.86;4377545.41
27;road_boundary_unknown_p27;531;4993925.1;4377532.85
27;road_boundary_unknown_p27;532;4993930.07;4377525.23
27;road_boundary_unknown_p27;533;4993944.61;4377502.75
27;road_boundary_unknown_p27;534;4993960.46;4377478.5
27;road_boundary_unknown_p27;535;4993978.23;4377451.36
27;road_boundary_unknown_p27;536;4993995.17;4377425.2
27;road_boundary_unknown_p27;537;4994026.62;4377374.38
27;road_boundary_unknown_p27;538;4994046.97;4377339.18
27;road_boundary_unknown_p27;539;4994094.28;4377245.84
27;road_boundary_unknown_p27;540;4994136.9;4377149.54
27;road_boundary_unknown_p27;541;4994139.2;4377144.26
27;road_boundary_unknown_p27;542;4994147.21;4377125.88
27;road_boundary_unknown_p27;543;4994161.69;4377104.51
27;road_boundary_unknown_p27;544;4994171.18;4377091.9
27;road_boundary_unknown_p27;545;4994187.21;4377074.37
27;road_boundary_unknown_p27;546;4994212.64;4377049.17
27;road_boundary_unknown_p27;547;4994268.26;4376994.69
27;road_boundary_unknown_p27;548;4994289.1;4376969.97
27;road_boundary_unknown_p27;549;4994312.67;4376937.63
27;road_boundary_unknown_p27;550;4994372.25;4376845.95
27;road_boundary_unknown_p27;551;4994382.68;4376829.92
27;road_boundary_unknown_p27;552;4994440.46;4376741.11
27;road_boundary_unknown_p27;553;4994495.52;4376658.14
27;road_boundary_unknown_p27;554;4994503.19;4376646.94
27;road_boundary_unknown_p27;555;4994541.97;4376592.84
27;road_boundary_unknown_p27;556;4994577.74;4376546.0
27;road_boundary_unknown_p27;557;4994623.48;4376486.97
27;road_boundary_unknown_p27;558;4994641.34;4376461.69
27;road_boundary_unknown_p27;559;4994676.33;4376407.18
27;road_boundary_unknown_p27;560;4994692.22;4376383.64
27;road_boundary_unknown_p27;561;4994682.64;4376371.81
27;road_boundary_unknown_p27;562;4994697.23;4376353.64
27;road_boundary_unknown_p27;563;4994710.01;4376361.61
27;road_boundary_unknown_p27;564;4994716.28;4376354.05
27;road_boundary_unknown_p27;565;4994741.88;4376325.62
27;road_boundary_unknown_p27;566;4994782.41;4376283.04
27;road_boundary_unknown_p27;567;4994843.76;4376206.34
27;road_boundary_unknown_p27;568;4994893.63;4376142.79
27;road_boundary_unknown_p27;569;4994971.45;4376043.5
27;road_boundary_unknown_p27;570;4994974.57;4376039.52
27;road_boundary_unknown_p27;571;4995045.84;4375948.51
27;road_boundary_unknown_p27;572;4995111.85;4375864.17
27;road_boundary_unknown_p27;573;4995183.1;4375773.16
27;road_boundary_unknown_p27;574;4995189.41;4375765.09
27;road_boundary_unknown_p27;575;4995242.97;4375696.85
27;road_boundary_unknown_p27;576;4995241.04;4375695.24
27;road_boundary_unknown_p27;578;4995264.62;4375669.2
27;road_boundary_unknown_p27;579;4995337.38;4375576.33
27;road_boundary_unknown_p27;580;4995408.86;4375485.05
27;road_boundary_unknown_p27;581;4995481.99;4375391.74
27;road_boundary_unknown_p27;582;4995557.88;4375294.59
27;road_boundary_unknown_p27;583;4995585.69;4375259.68
27;road_boundary_unknown_p27;584;4995647.44;4375180.76
27;road_boundary_unknown_p27;585;4995708.34;4375102.56
27;road_boundary_unknown_p27;586;4995720.53;4375087.13
27;road_boundary_unknown_p27;587;4995735.88;4375067.62
27;road_boundary_unknown_p27;588;4995734.06;4375066.06
27;road_boundary_unknown_p27;589;4995755.51;4375038.55
27;road_boundary_unknown_p27;590;4995757.43;4375040.27
27;road_boundary_unknown_p27;591;4995775.86;4375016.72
27;road_boundary_unknown_p27;592;4995773.01;4375014.49
27;road_boundary_unknown_p27;593;4995776.71;4375009.77
27;road_boundary_unknown_p27;594;4995779.56;4375012.0
27;road_boundary_unknown_p27;595;4995856.11;4374914.26
27;road_boundary_unknown_p27;596;4995931.17;4374818.41
27;road_boundary_unknown_p27;597;4995955.14;4374787.56
27;road_boundary_unknown_p27;598;4995973.5;4374764.36
27;road_boundary_unknown_p27;599;4995973.71;4374761.67
27;road_boundary_unknown_p27;600;4996047.17;4374667.47
27;road_boundary_unknown_p27;601;4996114.2;4374582.15
27;road_boundary_unknown_p27;602;4996116.7;4374581.43
27;road_boundary_unknown_p27;603;4996146.24;4374543.22
27;road_boundary_unknown_p27;604;4996155.62;4374531.84
27;road_boundary_unknown_p27;605;4996179.74;4374501.07
27;road_boundary_unknown_p27;606;4996228.05;4374439.4
27;road_boundary_unknown_p27;607;4996304.74;4374341.57
27;road_boundary_unknown_p27;608;4996319.0;4374323.31
27;road_boundary_unknown_p27;609;4996333.25;4374305.06
27;road_boundary_unknown_p27;610;4996355.33;4374276.76
27;road_boundary_unknown_p27;611;4996379.62;4374245.64
27;road_boundary_unknown_p27;612;4996394.43;4374226.75
27;road_boundary_unknown_p27;613;4996426.02;4374186.45
27;road_boundary_unknown_p27;614;4996453.43;4374151.48
27;road_boundary_unknown_p27;615;4996499.09;4374092.94
27;road_boundary_unknown_p27;616;4996521.95;4374063.63
27;road_boundary_unknown_p27;617;4996541.21;4374039.25
27;road_boundary_unknown_p27;618;4996538.91;4374037.47
27;road_boundary_unknown_p27;619;4996560.62;4374009.86
27;road_boundary_unknown_p27;620;4996562.77;4374011.51
27;road_boundary_unknown_p27;621;4996601.86;4373961.6
27;road_boundary_unknown_p27;622;4996620.28;4373938.11
27;road_boundary_unknown_p27;623;4996645.01;4373906.57
27;road_boundary_unknown_p27;624;4996672.69;4373871.05
27;road_boundary_unknown_p27;625;4996684.55;4373855.49
27;road_boundary_unknown_p27;626;4996701.72;4373831.74
27;road_boundary_unknown_p27;627;4996735.08;4373781.1
27;road_boundary_unknown_p27;628;4996799.04;4373678.63
27;road_boundary_unknown_p27;629;4996820.12;4373644.87
27;road_boundary_unknown_p27;630;4996858.54;4373583.39
28;road_boundary_unknown_p28;632;4996929.97;4373468.88
28;road_boundary_unknown_p28;633;4996959.12;4373421.81
28;road_boundary_unknown_p28;634;4997022.11;4373321.29
28;road_boundary_unknown_p28;635;4997075.2;4373236.03
28;road_boundary_unknown_p28;636;4997072.1;4373234.09
28;road_boundary_unknown_p28;637;4997075.28;4373229.0
28;road_boundary_unknown_p28;638;4997078.37;4373230.94
28;road_boundary_unknown_p28;639;4997087.55;4373216.19
28;road_boundary_unknown_p28;640;4997183.36;4373062.67
28;road_boundary_unknown_p28;641;4997210.9;4373019.09
28;road_boundary_unknown_p28;642;4997221.56;4373002.21
28;road_boundary_unknown_p28;643;4997237.61;4372976.56
28;road_boundary_unknown_p28;644;4997260.17;4372942.05
28;road_boundary_unknown_p28;645;4997259.05;4372940.98
28;road_boundary_unknown_p28;646;4997284.6;4372900.97
28;road_boundary_unknown_p28;647;4997286.21;4372902.29
28;road_boundary_unknown_p28;648;4997289.87;4372896.42
28;road_boundary_unknown_p28;649;4997290.19;4372896.45
28;road_boundary_unknown_p28;650;4997292.22;4372896.59
28;road_boundary_unknown_p28;651;4997296.17;4372890.28
28;road_boundary_unknown_p28;652;4997298.31;4372886.86
28;road_boundary_unknown_p28;653;4997302.87;4372879.56
28;road_boundary_unknown_p28;654;4997303.54;4372878.48
28;road_boundary_unknown_p28;655;4997303.35;4372877.65
28;road_boundary_unknown_p28;656;4997304.67;4372875.53
28;road_boundary_unknown_p28;657;4997305.5;4372875.34
28;road_boundary_unknown_p28;658;4997321.81;4372849.22
28;road_boundary_unknown_p28;659;4997321.62;4372848.39
28;road_boundary_unknown_p28;660;4997322.95;4372846.27
28;road_boundary_unknown_p28;661;4997323.77;4372846.08
28;road_boundary_unknown_p28;662;4997338.5;4372822.5
28;road_boundary_unknown_p28;663;4997338.3;4372821.67
28;road_boundary_unknown_p28;664;4997339.63;4372819.55
28;road_boundary_unknown_p28;665;4997340.46;4372819.36
28;road_boundary_unknown_p28;666;4997355.97;4372794.51
28;road_boundary_unknown_p28;667;4997355.78;4372793.68
28;road_boundary_unknown_p28;668;4997357.11;4372791.56
28;road_boundary_unknown_p28;669;4997357.93;4372791.37
28;road_boundary_unknown_p28;670;4997374.24;4372765.25
28;road_boundary_unknown_p28;671;4997374.05;4372764.43
28;road_boundary_unknown_p28;672;4997375.37;4372762.31
28;road_boundary_unknown_p28;673;4997376.2;4372762.12
28;road_boundary_unknown_p28;674;4997378.6;4372758.28
28;road_boundary_unknown_p28;675;4997385.64;4372745.48
28;road_boundary_unknown_p28;676;4997385.68;4372745.5
28;road_boundary_unknown_p28;677;4997485.76;4372581.07
28;road_boundary_unknown_p28;678;4997494.18;4372565.32
28;road_boundary_unknown_p28;679;4997508.47;4372542.34
28;road_boundary_unknown_p28;680;4997510.87;4372541.76
28;road_boundary_unknown_p28;681;4997517.69;4372530.88
28;road_boundary_unknown_p28;682;4997542.37;4372491.26
28;road_boundary_unknown_p28;683;4997547.96;4372482.31
28;road_boundary_unknown_p28;684;4997563.8;4372456.86
28;road_boundary_unknown_p28;686;4997581.23;4372428.4
28;road_boundary_unknown_p28;687;4997593.82;4372407.16
28;road_boundary_unknown_p28;688;4997595.18;4372406.79
28;road_boundary_unknown_p28;689;4997620.61;4372361.71
28;road_boundary_unknown_p28;690;4997630.0;4372344.51
28;road_boundary_unknown_p28;691;4997636.42;4372333.15
28;road_boundary_unknown_p28;692;4997635.76;4372330.91
28;road_boundary_unknown_p28;693;4997652.58;4372299.65
28;road_boundary_unknown_p28;694;4997651.89;4372297.34
28;road_boundary_unknown_p28;695;4997708.15;4372192.9
28;road_boundary_unknown_p28;696;4997711.23;4372191.99
28;road_boundary_unknown_p28;697;4997737.13;4372143.85
28;road_boundary_unknown_p28;698;4997767.39;4372086.3
28;road_boundary_unknown_p28;699;4997766.47;4372085.88
28;road_boundary_unknown_p28;700;4997782.89;4372054.28
28;road_boundary_unknown_p28;701;4997783.9;4372054.91
28;road_boundary_unknown_p28;702;4997805.56;4372014.53
28;road_boundary_unknown_p28;703;4997812.03;4371995.8
28;road_boundary_unknown_p28;704;4997823.83;4371973.77
28;road_boundary_unknown_p28;705;4997828.38;4371965.55
28;road_boundary_unknown_p28;706;4997828.4;4371965.51
28;road_boundary_unknown_p28;707;4997828.57;4371965.6
28;road_boundary_unknown_p28;708;4997834.49;4371953.87
28;road_boundary_unknown_p28;709;4997834.31;4371953.78
28;road_boundary_unknown_p28;710;4997856.35;4371912.67
28;road_boundary_unknown_p28;711;4997872.25;4371883.03
28;road_boundary_unknown_p28;712;4997876.0;4371883.19
28;road_boundary_unknown_p28;713;4997878.61;4371878.47
28;road_boundary_unknown_p28;714;4997876.47;4371874.97
28;road_boundary_unknown_p28;715;4997900.09;4371830.94
28;road_boundary_unknown_p28;716;4997900.8;4371825.59
28;road_boundary_unknown_p28;717;4997909.23;4371809.78
28;road_boundary_unknown_p28;718;4997915.94;4371813.17
28;road_boundary_unknown_p28;719;4997919.16;4371807.34
28;road_boundary_unknown_p28;720;4997944.27;4371759.09
28;road_boundary_unknown_p28;721;4997944.18;4371757.3
28;road_boundary_unknown_p28;722;4997953.13;4371740.58
28;road_boundary_unknown_p28;723;4997961.43;4371722.03
28;road_boundary_unknown_p28;724;4998000.63;4371648.67
28;road_boundary_unknown_p28;725;4998005.84;4371638.67
28;road_boundary_unknown_p28;726;4998004.4;4371634.47
28;road_boundary_unknown_p28;727;4997981.2;4371621.6
28;road_boundary_unknown_p28;728;4997978.74;4371620.76
28;road_boundary_unknown_p28;729;4997977.15;4371620.47
28;road_boundary_unknown_p28;730;4997974.17;4371627.48
28;road_boundary_unknown_p28;731;4997969.42;4371625.28
28;road_boundary_unknown_p28;732;4997967.07;4371624.19
28;road_boundary_unknown_p28;733;4997964.74;4371623.22
28;road_boundary_unknown_p28;734;4997971.03;4371607.92
28;road_boundary_unknown_p28;735;4997971.11;4371605.67
28;road_boundary_unknown_p28;736;4997969.98;4371599.75
28;road_boundary_unknown_p28;737;4997968.69;4371598.96
28;road_boundary_unknown_p28;738;4997980.34;4371572.53
29;road_boundary_unknown_p29;740;4997995.99;4371528.59
29;road_boundary_unknown_p29;741;4998001.81;4371521.03
29;road_boundary_unknown_p29;742;4998009.69;4371502.5
29;road_boundary_unknown_p29;743;4998013.66;4371499.42
29;road_boundary_unknown_p29;744;4998020.03;4371483.76
29;road_boundary_unknown_p29;745;4998020.46;4371480.18
29;road_boundary_unknown_p29;746;4998019.76;4371476.55
29;road_boundary_unknown_p29;747;4998018.2;4371474.12
29;road_boundary_unknown_p29;748;4998016.23;4371472.57
29;road_boundary_unknown_p29;749;4997991.11;4371461.43
29;road_boundary_unknown_p29;750;4997989.2;4371462.9
29;road_boundary_unknown_p29;751;4997982.4;4371477.77
29;road_boundary_unknown_p29;752;4997970.78;4371472.48
29;road_boundary_unknown_p29;753;4998021.63;4371361.43
29;road_boundary_unknown_p29;754;4998025.59;4371352.19
29;road_boundary_unknown_p29;755;4998064.86;4371266.42
29;road_boundary_unknown_p29;756;4998069.35;4371256.63
29;road_boundary_unknown_p29;757;4998070.62;4371246.56
29;road_boundary_unknown_p29;758;4998073.67;4371239.76
29;road_boundary_unknown_p29;759;4998071.38;4371238.74
29;road_boundary_unknown_p29;760;4998073.43;4371234.17
29;road_boundary_unknown_p29;761;4998075.71;4371235.19
29;road_boundary_unknown_p29;762;4998078.76;4371228.39
29;road_boundary_unknown_p29;763;4998086.26;4371215.98
29;road_boundary_unknown_p29;764;4998089.52;4371213.02
29;road_boundary_unknown_p29;765;4998098.95;4371188.97
29;road_boundary_unknown_p29;766;4998096.29;4371187.92
29;road_boundary_unknown_p29;767;4998108.9;4371153.2
29;road_boundary_unknown_p29;768;4998111.98;4371154.22
29;road_boundary_unknown_p29;769;4998116.81;4371139.35
29;road_boundary_unknown_p29;770;4998116.26;4371125.37
29;road_boundary_unknown_p29;771;4998127.79;4371078.96
29;road_boundary_unknown_p29;772;4998122.76;4371077.81
29;road_boundary_unknown_p29;773;4998129.53;4371045.63
29;road_boundary_unknown_p29;774;4998132.81;4371031.64
29;road_boundary_unknown_p29;775;4998143.27;4370982.55
29;road_boundary_unknown_p29;776;4998150.66;4370967.57
29;road_boundary_unknown_p29;777;4998156.64;4370940.35
29;road_boundary_unknown_p29;778;4998154.09;4370924.84
29;road_boundary_unknown_p29;779;4998156.13;4370916.42
29;road_boundary_unknown_p29;780;4998168.35;4370886.42
29;road_boundary_unknown_p29;781;4998242.09;4370541.58
29;road_boundary_unknown_p29;782;4998240.23;4370522.78
29;road_boundary_unknown_p29;783;4998241.36;4370517.52
29;road_boundary_unknown_p29;784;4998252.12;4370487.11
29;road_boundary_unknown_p29;785;4998253.06;4370482.52
29;road_boundary_unknown_p29;786;4998257.73;4370459.13
29;road_boundary_unknown_p29;787;4998262.6;4370432.8
29;road_boundary_unknown_p29;788;4998264.16;4370423.8
29;road_boundary_unknown_p29;789;4998267.03;4370405.5
29;road_boundary_unknown_p29;790;4998269.77;4370386.39
29;road_boundary_unknown_p29;791;4998274.02;4370352.66
29;road_boundary_unknown_p29;792;4998276.85;4370327.64
29;road_boundary_unknown_p29;794;4998288.0;4370223.69
29;road_boundary_unknown_p29;795;4998283.48;4370218.44
29;road_boundary_unknown_p29;796;4998282.59;4370210.54
29;road_boundary_unknown_p29;797;4998287.06;4370209.33
29;road_boundary_unknown_p29;798;4998293.55;4370209.22
29;road_boundary_unknown_p29;799;4998294.81;4370207.79
29;road_boundary_unknown_p29;800;4998298.48;4370176.94
29;road_boundary_unknown_p29;801;4998301.31;4370155.35
29;road_boundary_unknown_p29;802;4998301.78;4370150.64
29;road_boundary_unknown_p29;803;4998302.82;4370143.79
29;road_boundary_unknown_p29;804;4998305.76;4370117.01
29;road_boundary_unknown_p29;805;4998306.76;4370110.57
29;road_boundary_unknown_p29;806;4998306.96;4370108.44
29;road_boundary_unknown_p29;807;4998308.6;4370093.31
29;road_boundary_unknown_p29;808;4998306.61;4370093.05
29;road_boundary_unknown_p29;809;4998310.25;4370046.1
29;road_boundary_unknown_p29;810;4998313.37;4370018.19
29;road_boundary_unknown_p29;811;4998316.49;4369985.18
29;road_boundary_unknown_p29;812;4998318.89;4369960.83
29;road_boundary_unknown_p29;813;4998319.19;4369958.05
29;road_boundary_unknown_p29;814;4998320.13;4369949.28
29;road_boundary_unknown_p29;815;4998320.07;4369948.01
29;road_boundary_unknown_p29;816;4998320.95;4369941.02
29;road_boundary_unknown_p29;817;4998321.21;4369938.98
29;road_boundary_unknown_p29;818;4998322.91;4369939.36
29;road_boundary_unknown_p29;819;4998329.65;4369873.71
29;road_boundary_unknown_p29;820;4998339.5;4369841.42
29;road_boundary_unknown_p29;821;4998340.96;4369835.54
29;road_boundary_unknown_p29;822;4998348.02;4369819.11
29;road_boundary_unknown_p29;823;4998349.39;4369815.89
29;road_boundary_unknown_p29;824;4998349.31;4369815.65
29;road_boundary_unknown_p29;825;4998338.43;4369784.74
29;road_boundary_unknown_p29;826;4998337.36;4369781.22
29;road_boundary_unknown_p29;827;4998334.55;4369772.98
29;road_boundary_unknown_p29;828;4998334.76;4369772.9
29;road_boundary_unknown_p29;829;4998330.89;4369762.89
29;road_boundary_unknown_p29;1;4998369.11;4369756.99
29;road_boundary_unknown_p29;830;4998420.74;4369837.84
29;road_boundary_unknown_p29;831;4998421.18;4369852.73
29;road_boundary_unknown_p29;832;4998420.65;4369852.75
29;road_boundary_unknown_p29;833;4998420.68;4369853.74
29;road_boundary_unknown_p29;834;4998405.93;4369870.18
29;road_boundary_unknown_p29;835;4998403.98;4369874.93
29;road_boundary_unknown_p29;836;4998395.95;4369883.57
29;road_boundary_unknown_p29;837;4998387.47;4369892.48
29;road_boundary_unknown_p29;838;4998380.51;4369895.81
29;road_boundary_unknown_p29;839;4998372.93;4369894.9
29;road_boundary_unknown_p29;840;4998362.12;4369886.55
29;road_boundary_unknown_p29;841;4998355.95;4369879.52
29;road_boundary_unknown_p29;842;4998352.23;4369872.39
29;road_boundary_unknown_p29;843;4998350.17;4369862.02
29;road_boundary_unknown_p29;844;4998351.85;4369854.45
30;road_boundary_unknown_p30;846;4998364.25;4369840.19
30;road_boundary_unknown_p30;847;4998374.59;4369840.22
30;road_boundary_unknown_p30;848;4998405.26;4369839.58
30;road_boundary_unknown_p30;849;4998408.01;4369839.48
30;road_boundary_unknown_p30;850;4998407.99;4369838.82
30;road_boundary_unknown_p30;851;4998408.82;4369838.81
30;road_boundary_unknown_p30;852;4998408.8;4369838.19
30;road_boundary_unknown_p30;830;4998420.74;4369837.84
30;road_boundary_unknown_p30;853;4998038.02;4371484.49
30;road_boundary_unknown_p30;854;4998048.49;4371487.96
30;road_boundary_unknown_p30;855;4998070.19;4371496.99
30;road_boundary_unknown_p30;856;4998077.29;4371501.19
30;road_boundary_unknown_p30;857;4998078.8;4371506.76
30;road_boundary_unknown_p30;858;4998075.41;4371513.02
30;road_boundary_unknown_p30;859;4998061.81;4371536.21
30;road_boundary_unknown_p30;860;4998055.8;4371546.12
30;road_boundary_unknown_p30;861;4998042.41;4371564.76
30;road_boundary_unknown_p30;862;4998038.41;4371572.13
30;road_boundary_unknown_p30;863;4998039.93;4371573.0
30;road_boundary_unknown_p30;864;4998036.91;4371578.68
30;road_boundary_unknown_p30;865;4998034.72;4371589.48
30;road_boundary_unknown_p30;866;4998019.65;4371616.37
30;road_boundary_unknown_p30;867;4998013.66;4371618.87
30;road_boundary_unknown_p30;868;4998005.77;4371617.68
30;road_boundary_unknown_p30;869;4998005.61;4371617.6
30;road_boundary_unknown_p30;870;4997989.49;4371609.01
30;road_boundary_unknown_p30;871;4997987.19;4371607.17
30;road_boundary_unknown_p30;872;4997986.46;4371605.59
30;road_boundary_unknown_p30;873;4998009.44;4371550.79
30;road_boundary_unknown_p30;874;4998018.03;4371530.31
30;road_boundary_unknown_p30;875;4998018.18;4371530.35
30;road_boundary_unknown_p30;876;4998021.86;4371521.36
30;road_boundary_unknown_p30;877;4998031.17;4371498.69
30;road_boundary_unknown_p30;878;4998035.69;4371487.27
30;road_boundary_unknown_p30;879;4998036.54;4371485.6
30;road_boundary_unknown_p30;853;4998038.02;4371484.49
30;road_boundary_unknown_p30;880;4997533.27;4372885.74
30;road_boundary_unknown_p30;881;4997521.6;4372902.5
30;road_boundary_unknown_p30;882;4997507.48;4372888.38
30;road_boundary_unknown_p30;883;4997521.69;4372874.17
30;road_boundary_unknown_p30;880;4997533.27;4372885.74
30;road_boundary_unknown_p30;884;4997430.88;4373025.99
30;road_boundary_unknown_p30;885;4997422.67;4373037.35
30;road_boundary_unknown_p30;886;4997411.3;4373029.13
30;road_boundary_unknown_p30;887;4997419.52;4373017.77
30;road_boundary_unknown_p30;884;4997430.88;4373025.99
30;road_boundary_unknown_p30;888;4997316.65;4373184.02
30;road_boundary_unknown_p30;889;4997308.43;4373195.39
30;road_boundary_unknown_p30;890;4997297.07;4373187.17
30;road_boundary_unknown_p30;888;4997316.65;4373184.02
30;road_boundary_unknown_p30;892;4997217.06;4373321.8
30;road_boundary_unknown_p30;893;4997208.85;4373333.16
30;road_boundary_unknown_p30;894;4997197.49;4373324.95
30;road_boundary_unknown_p30;895;4997205.7;4373313.59
30;road_boundary_unknown_p30;892;4997217.06;4373321.8
30;road_boundary_unknown_p30;896;4997108.69;4373471.73
30;road_boundary_unknown_p30;897;4997100.47;4373483.1
30;road_boundary_unknown_p30;898;4997089.11;4373474.88
30;road_boundary_unknown_p30;899;4997097.32;4373463.52
30;road_boundary_unknown_p30;896;4997108.69;4373471.73
30;road_boundary_unknown_p30;900;4997065.72;4373608.64
30;road_boundary_unknown_p30;901;4997062.31;4373623.96
30;road_boundary_unknown_p30;902;4997046.98;4373620.55
30;road_boundary_unknown_p30;903;4997050.39;4373605.23
30;road_boundary_unknown_p30;900;4997065.72;4373608.64
30;road_boundary_unknown_p30;904;4996909.51;4373747.29
30;road_boundary_unknown_p30;905;4996901.3;4373758.65
30;road_boundary_unknown_p30;906;4996889.94;4373750.44
30;road_boundary_unknown_p30;907;4996898.15;4373739.07
30;road_boundary_unknown_p30;904;4996909.51;4373747.29
30;road_boundary_unknown_p30;908;4996798.21;4373901.27
30;road_boundary_unknown_p30;909;4996790.0;4373912.64
30;road_boundary_unknown_p30;910;4996778.63;4373904.42
30;road_boundary_unknown_p30;911;4996786.85;4373893.06
30;road_boundary_unknown_p30;908;4996798.21;4373901.27
30;road_boundary_unknown_p30;912;4996686.91;4374055.26
30;road_boundary_unknown_p30;913;4996678.69;4374066.62
30;road_boundary_unknown_p30;914;4996667.33;4374058.41
30;road_boundary_unknown_p30;915;4996675.54;4374047.04
30;road_boundary_unknown_p30;912;4996686.91;4374055.26
30;road_boundary_unknown_p30;916;4996047.86;4374944.48
30;road_boundary_unknown_p30;917;4996036.12;4374960.43
30;road_boundary_unknown_p30;918;4996020.17;4374948.69
30;road_boundary_unknown_p30;919;4996031.91;4374932.75
30;road_boundary_unknown_p30;916;4996047.86;4374944.48
30;road_boundary_unknown_p30;920;4995985.38;4375022.82
30;road_boundary_unknown_p30;921;4995976.95;4375034.02
30;road_boundary_unknown_p30;922;4995965.75;4375025.59
30;road_boundary_unknown_p30;923;4995974.18;4375014.39
30;road_boundary_unknown_p30;920;4995985.38;4375022.82
30;road_boundary_unknown_p30;924;4995934.27;4375095.33
30;road_boundary_unknown_p30;925;4995922.54;4375111.28
30;road_boundary_unknown_p30;926;4995906.59;4375099.55
32;road_boundary_unknown_p32;1;4998369.11;4369756.99
32;road_boundary_unknown_p32;2;4998369.96;4369765.43
32;road_boundary_unknown_p32;3;4998370.43;4369771.37
32;road_boundary_unknown_p32;4;4998371.19;4369779.49
32;road_boundary_unknown_p32;5;4998371.87;4369788.1
32;road_boundary_unknown_p32;6;4998374.15;4369817.26
32;road_boundary_unknown_p32;7;4998374.1;4369817.99
32;road_boundary_unknown_p32;8;4998374.16;4369818.44
32;road_boundary_unknown_p32;9;4998375.3;4369819.49
32;road_boundary_unknown_p32;10;4998376.55;4369819.44
32;road_boundary_unknown_p32;11;4998385.5;4369819.25
32;road_boundary_unknown_p32;12;4998409.02;4369818.7
32;road_boundary_unknown_p32;13;4998415.39;4369819.16
32;road_boundary_unknown_p32;14;4998418.65;4369819.41
32;road_boundary_unknown_p32;15;4998422.29;4369819.55
32;road_boundary_unknown_p32;16;4998453.2;4369819.06
32;road_boundary_unknown_p32;17;4998457.13;4369818.65
32;road_boundary_unknown_p32;18;4998465.36;4369817.98
32;road_boundary_unknown_p32;19;4998489.29;4369816.03
32;road_boundary_unknown_p32;20;4998496.32;4369814.97
32;road_boundary_unknown_p32;21;4998511.46;4369812.69
32;road_boundary_unknown_p32;22;4998521.51;4369811.17
32;road_boundary_unknown_p32;23;4998524.19;4369828.21
32;road_boundary_unknown_p32;24;4998510.4;4369830.55
32;road_boundary_unknown_p32;25;4998504.0;4369831.64
32;road_boundary_unknown_p32;26;4998481.44;4369834.94
32;road_boundary_unknown_p32;27;4998467.25;4369837.02
32;road_boundary_unknown_p32;28;4998459.89;4369838.29
32;road_boundary_unknown_p32;29;4998453.62;4369840.32
32;road_boundary_unknown_p32;30;4998448.57;4369844.19
32;road_boundary_unknown_p32;31;4998445.08;4369848.24
32;road_boundary_unknown_p32;32;4998442.86;4369850.69
32;road_boundary_unknown_p32;33;4998442.74;4369850.83
32;road_boundary_unknown_p32;34;4998429.75;4369865.65
32;road_boundary_unknown_p32;35;4998423.79;4369869.23
32;road_boundary_unknown_p32;36;4998418.29;4369878.49
32;road_boundary_unknown_p32;37;4998417.95;4369879.06
32;road_boundary_unknown_p32;38;4998390.44;4369910.3
32;road_boundary_unknown_p32;39;4998387.55;4369914.2
32;road_boundary_unknown_p32;40;4998386.29;4369916.74
32;road_boundary_unknown_p32;41;4998383.2;4369912.73
32;road_boundary_unknown_p32;42;4998361.82;4369936.13
32;road_boundary_unknown_p32;43;4998354.87;4369944.98
32;road_boundary_unknown_p32;44;4998353.23;4369947.69
32;road_boundary_unknown_p32;45;4998347.14;4369956.15
32;road_boundary_unknown_p32;47;4998344.56;4369960.86
32;road_boundary_unknown_p32;48;4998342.79;4369964.48
32;road_boundary_unknown_p32;49;4998340.99;4369980.02
32;road_boundary_unknown_p32;50;4998343.16;4369980.52
32;road_boundary_unknown_p32;51;4998341.58;4369987.34
32;road_boundary_unknown_p32;52;4998340.36;4369987.06
32;road_boundary_unknown_p32;53;4998339.7;4369993.32
32;road_boundary_unknown_p32;54;4998336.74;4370023.44
32;road_boundary_unknown_p32;55;4998330.52;4370069.66
32;road_boundary_unknown_p32;56;4998329.23;4370069.53
32;road_boundary_unknown_p32;57;4998325.84;4370084.71
32;road_boundary_unknown_p32;58;4998321.8;4370121.99
32;road_boundary_unknown_p32;59;4998323.78;4370138.77
32;road_boundary_unknown_p32;60;4998318.53;4370185.84
32;road_boundary_unknown_p32;61;4998316.9;4370201.0
32;road_boundary_unknown_p32;62;4998311.43;4370200.41
32;road_boundary_unknown_p32;63;4998305.83;4370250.64
32;road_boundary_unknown_p32;64;4998304.86;4370259.57
32;road_boundary_unknown_p32;65;4998310.48;4370260.24
32;road_boundary_unknown_p32;66;4998309.14;4370270.96
32;road_boundary_unknown_p32;67;4998303.69;4370270.38
32;road_boundary_unknown_p32;68;4998302.11;4370285.01
32;road_boundary_unknown_p32;69;4998300.24;4370302.22
32;road_boundary_unknown_p32;70;4998299.4;4370309.99
32;road_boundary_unknown_p32;71;4998303.01;4370313.77
32;road_boundary_unknown_p32;72;4998301.48;4370321.1
32;road_boundary_unknown_p32;73;4998290.38;4370413.92
32;road_boundary_unknown_p32;74;4998284.9;4370442.52
32;road_boundary_unknown_p32;75;4998277.86;4370480.34
32;road_boundary_unknown_p32;76;4998278.98;4370494.01
32;road_boundary_unknown_p32;77;4998275.39;4370512.23
32;road_boundary_unknown_p32;78;4998267.96;4370535.49
32;road_boundary_unknown_p32;79;4998216.64;4370776.88
32;road_boundary_unknown_p32;80;4998208.36;4370816.15
32;road_boundary_unknown_p32;81;4998208.2;4370826.71
32;road_boundary_unknown_p32;82;4998203.88;4370846.99
32;road_boundary_unknown_p32;83;4998196.59;4370870.28
32;road_boundary_unknown_p32;84;4998164.66;4371020.6
32;road_boundary_unknown_p32;85;4998151.63;4371084.12
32;road_boundary_unknown_p32;86;4998147.1;4371083.27
32;road_boundary_unknown_p32;87;4998137.63;4371126.38
32;road_boundary_unknown_p32;88;4998127.22;4371167.67
32;road_boundary_unknown_p32;89;4998121.72;4371184.45
32;road_boundary_unknown_p32;90;4998115.42;4371206.64
32;road_boundary_unknown_p32;91;4998098.58;4371247.17
32;road_boundary_unknown_p32;92;4998090.31;4371263.8
33;road_boundary_unknown_p33;94;4998069.44;4371310.62
33;road_boundary_unknown_p33;95;4998062.09;4371307.3
33;road_boundary_unknown_p33;96;4998057.77;4371316.73
33;road_boundary_unknown_p33;97;4998021.92;4371395.03
33;road_boundary_unknown_p33;98;4998000.43;4371441.96
33;road_boundary_unknown_p33;99;4998002.27;4371445.51
33;road_boundary_unknown_p33;100;4998024.34;4371455.55
33;road_boundary_unknown_p33;101;4998039.19;4371461.57
33;road_boundary_unknown_p33;102;4998037.31;4371466.11
33;road_boundary_unknown_p33;103;4998076.77;4371481.23
33;road_boundary_unknown_p33;104;4998084.17;4371485.2
33;road_boundary_unknown_p33;105;4998087.22;4371486.64
33;road_boundary_unknown_p33;106;4998092.89;4371482.04
33;road_boundary_unknown_p33;107;4998109.12;4371490.81
33;road_boundary_unknown_p33;108;4998072.82;4371555.52
33;road_boundary_unknown_p33;109;4998069.96;4371554.02
33;road_boundary_unknown_p33;110;4998033.81;4371620.89
33;road_boundary_unknown_p33;111;4998002.63;4371678.72
33;road_boundary_unknown_p33;112;4997979.85;4371720.97
33;road_boundary_unknown_p33;113;4997962.05;4371754.43
33;road_boundary_unknown_p33;114;4997965.05;4371756.08
33;road_boundary_unknown_p33;115;4997950.29;4371783.36
33;road_boundary_unknown_p33;116;4997937.55;4371807.13
33;road_boundary_unknown_p33;117;4997918.13;4371842.67
33;road_boundary_unknown_p33;118;4997875.71;4371919.8
33;road_boundary_unknown_p33;119;4997848.94;4371968.68
33;road_boundary_unknown_p33;120;4997815.92;4372031.95
33;road_boundary_unknown_p33;121;4997782.07;4372096.43
33;road_boundary_unknown_p33;122;4997732.32;4372189.11
33;road_boundary_unknown_p33;123;4997702.99;4372243.78
33;road_boundary_unknown_p33;124;4997679.84;4372287.07
33;road_boundary_unknown_p33;125;4997657.13;4372329.76
33;road_boundary_unknown_p33;126;4997639.28;4372362.11
33;road_boundary_unknown_p33;127;4997623.43;4372390.2
33;road_boundary_unknown_p33;128;4997608.1;4372417.83
33;road_boundary_unknown_p33;129;4997588.69;4372449.72
33;road_boundary_unknown_p33;130;4997573.14;4372474.26
33;road_boundary_unknown_p33;131;4997552.08;4372508.65
33;road_boundary_unknown_p33;132;4997530.46;4372543.4
33;road_boundary_unknown_p33;133;4997514.83;4372569.17
33;road_boundary_unknown_p33;134;4997504.8;4372585.68
33;road_boundary_unknown_p33;135;4997464.21;4372649.5
33;road_boundary_unknown_p33;136;4997450.01;4372672.02
33;road_boundary_unknown_p33;137;4997396.01;4372757.89
33;road_boundary_unknown_p33;138;4997349.83;4372831.8
33;road_boundary_unknown_p33;139;4997313.95;4372891.34
33;road_boundary_unknown_p33;140;4997310.2;4372897.53
33;road_boundary_unknown_p33;141;4997292.66;4372923.94
33;road_boundary_unknown_p33;142;4997251.53;4372984.57
33;road_boundary_unknown_p33;143;4997235.88;4373009.01
33;road_boundary_unknown_p33;144;4997210.28;4373050.17
33;road_boundary_unknown_p33;145;4997157.61;4373135.16
33;road_boundary_unknown_p33;146;4997104.74;4373220.04
33;road_boundary_unknown_p33;148;4996998.57;4373389.54
33;road_boundary_unknown_p33;149;4996945.57;4373474.35
33;road_boundary_unknown_p33;150;4996892.48;4373559.11
33;road_boundary_unknown_p33;151;4996839.68;4373644.0
33;road_boundary_unknown_p33;152;4996787.11;4373729.07
33;road_boundary_unknown_p33;153;4996770.81;4373755.62
33;road_boundary_unknown_p33;154;4996733.9;4373814.01
33;road_boundary_unknown_p33;155;4996714.34;4373843.06
33;road_boundary_unknown_p33;156;4996675.43;4373896.02
33;road_boundary_unknown_p33;157;4996652.44;4373925.52
33;road_boundary_unknown_p33;158;4996613.89;4373974.93
33;road_boundary_unknown_p33;159;4996552.46;4374053.85
33;road_boundary_unknown_p33;160;4996490.53;4374132.32
33;road_boundary_unknown_p33;161;4996428.46;4374210.77
33;road_boundary_unknown_p33;162;4996366.79;4374289.51
33;road_boundary_unknown_p33;163;4996304.91;4374368.02
33;road_boundary_unknown_p33;164;4996243.08;4374446.62
33;road_boundary_unknown_p33;165;4996181.17;4374525.18
33;road_boundary_unknown_p33;166;4996119.73;4374604.02
33;road_boundary_unknown_p33;167;4996057.95;4374682.69
33;road_boundary_unknown_p33;168;4995996.53;4374761.63
33;road_boundary_unknown_p33;169;4995934.83;4374840.32
33;road_boundary_unknown_p33;170;4995873.36;4374919.2
33;road_boundary_unknown_p33;171;4995811.76;4374997.97
33;road_boundary_unknown_p33;172;4995750.39;4375076.92
33;road_boundary_unknown_p33;173;4995688.56;4375155.53
33;road_boundary_unknown_p33;174;4995626.43;4375233.86
33;road_boundary_unknown_p33;175;4995564.46;4375312.42
33;road_boundary_unknown_p33;176;4995502.21;4375390.67
33;road_boundary_unknown_p33;177;4995440.77;4375469.54
33;road_boundary_unknown_p33;178;4995379.22;4375548.36
33;road_boundary_unknown_p33;179;4995317.9;4375627.34
33;road_boundary_unknown_p33;180;4995256.51;4375706.3
33;road_boundary_unknown_p33;181;4995194.65;4375784.83
33;road_boundary_unknown_p33;182;4995132.62;4375863.29
33;road_boundary_unknown_p33;183;4995070.89;4375941.96
33;road_boundary_unknown_p33;184;4995009.0;4376020.49
33;road_boundary_unknown_p33;185;4994947.67;4376099.5
33;road_boundary_unknown_p33;186;4994886.18;4376178.32
33;road_boundary_unknown_p33;187;4994830.23;4376250.21
33;road_boundary_unknown_p33;188;4994813.87;4376271.17
33;road_boundary_unknown_p33;189;4994795.33;4376293.36
33;road_boundary_unknown_p33;190;4994780.83;4376309.39
33;road_boundary_unknown_p33;191;4994758.15;4376333.05
33;road_boundary_unknown_p33;192;4994750.36;4376341.05
33;road_boundary_unknown_p33;193;4994753.4;4376349.38
33;road_boundary_unknown_p33;194;4994719.31;4376388.13
33;road_boundary_unknown_p33;195;4994680.33;4376442.23
33;road_boundary_unknown_p33;196;4994675.14;4376438.96
33;road_boundary_unknown_p33;197;4994650.4;4376477.06
33;road_boundary_unknown_p33;198;4994639.68;4376491.97
33;road_boundary_unknown_p33;199;4994613.79;4376525.15
33;road_boundary_unknown_p33;200;4994577.71;4376570.74
34;road_boundary_unknown_p34;202;4994519.07;4376651.35
34;road_boundary_unknown_p34;203;4994495.67;4376685.65
34;road_boundary_unknown_p34;204;4994477.35;4376713.52
34;road_boundary_unknown_p34;205;4994463.82;4376734.36
34;road_boundary_unknown_p34;206;4994409.48;4376818.32
34;road_boundary_unknown_p34;207;4994355.21;4376902.32
34;road_boundary_unknown_p34;208;4994336.69;4376931.17
34;road_boundary_unknown_p34;209;4994311.41;4376969.78
34;road_boundary_unknown_p34;210;4994299.55;4376986.41
34;road_boundary_unknown_p34;211;4994297.17;4376989.31
34;road_boundary_unknown_p34;212;4994279.1;4377009.32
34;road_boundary_unknown_p34;213;4994258.39;4377030.63
34;road_boundary_unknown_p34;214;4994203.22;4377084.56
34;road_boundary_unknown_p34;215;4994182.16;4377110.11
34;road_boundary_unknown_p34;216;4994173.08;4377124.35
34;road_boundary_unknown_p34;217;4994166.46;4377134.74
34;road_boundary_unknown_p34;218;4994167.59;4377155.07
34;road_boundary_unknown_p34;219;4994146.51;4377198.85
34;road_boundary_unknown_p34;220;4994139.53;4377195.94
34;road_boundary_unknown_p34;221;4994107.82;4377264.28
34;road_boundary_unknown_p34;222;4994080.49;4377316.91
34;road_boundary_unknown_p34;223;4994058.91;4377355.64
34;road_boundary_unknown_p34;224;4994052.91;4377364.35
34;road_boundary_unknown_p34;225;4994038.72;4377388.55
34;road_boundary_unknown_p34;226;4994031.31;4377400.33
34;road_boundary_unknown_p34;227;4994008.78;4377436.06
34;road_boundary_unknown_p34;228;4993976.91;4377484.57
34;road_boundary_unknown_p34;229;4993945.95;4377531.78
34;road_boundary_unknown_p34;230;4993921.76;4377568.27
34;road_boundary_unknown_p34;231;4993907.95;4377587.52
34;road_boundary_unknown_p34;232;4993888.12;4377613.86
34;road_boundary_unknown_p34;233;4993878.52;4377642.7
34;road_boundary_unknown_p34;234;4993771.66;4377720.4
34;road_boundary_unknown_p34;235;4993750.21;4377739.58
34;road_boundary_unknown_p34;236;4993736.02;4377718.93
34;road_boundary_unknown_p34;237;4993745.68;4377713.0
34;road_boundary_unknown_p34;238;4993767.5;4377696.78
34;road_boundary_unknown_p34;239;4993813.45;4377659.51
34;road_boundary_unknown_p34;240;4993843.54;4377632.14
34;road_boundary_unknown_p34;241;4993871.62;4377601.99
34;road_boundary_unknown_p34;242;4993882.98;4377587.75
34;road_boundary_unknown_p34;243;4993902.89;4377560.52
34;road_boundary_unknown_p34;244;4993910.3;4377550.66
34;road_boundary_unknown_p34;245;4993915.0;4377544.18
34;road_boundary_unknown_p34;246;4993916.86;4377545.41
34;road_boundary_unknown_p34;247;4993925.1;4377532.85
34;road_boundary_unknown_p34;248;4993930.07;4377525.23
34;road_boundary_unknown_p34;249;4993944.61;4377502.75
34;road_boundary_unknown_p34;250;4993960.46;4377478.5
34;road_boundary_unknown_p34;251;4993978.23;4377451.36
34;road_boundary_unknown_p34;252;4993995.17;4377425.2
34;road_boundary_unknown_p34;253;4994026.62;4377374.38
34;road_boundary_unknown_p34;254;4994046.97;4377339.18
34;road_boundary_unknown_p34;256;4994136.9;4377149.54
34;road_boundary_unknown_p34;257;4994139.2;4377144.26
34;road_boundary_unknown_p34;258;4994147.21;4377125.88
34;road_boundary_unknown_p34;259;4994161.69;4377104.51
34;road_boundary_unknown_p34;260;4994171.18;4377091.9
34;road_boundary_unknown_p34;261;4994187.21;4377074.37
34;road_boundary_unknown_p34;262;4994212.64;4377049.17
34;road_boundary_unknown_p34;263;4994268.26;4376994.69
34;road_boundary_unknown_p34;264;4994289.1;4376969.97
34;road_boundary_unknown_p34;265;4994312.67;4376937.63
34;road_boundary_unknown_p34;266;4994372.25;4376845.95
34;road_boundary_unknown_p34;267;4994382.68;4376829.92
34;road_boundary_unknown_p34;268;4994440.46;4376741.11
34;road_boundary_unknown_p34;269;4994495.52;4376658.14
34;road_boundary_unknown_p34;270;4994503.19;4376646.94
34;road_boundary_unknown_p34;271;4994541.97;4376592.84
34;road_boundary_unknown_p34;272;4994577.74;4376546.0
34;road_boundary_unknown_p34;273;4994623.48;4376486.97
34;road_boundary_unknown_p34;274;4994641.34;4376461.69
34;road_boundary_unknown_p34;275;4994676.33;4376407.18
34;road_boundary_unknown_p34;276;4994692.22;4376383.64
34;road_boundary_unknown_p34;277;4994682.64;4376371.81
34;road_boundary_unknown_p34;278;4994697.23;4376353.64
34;road_boundary_unknown_p34;279;4994710.01;4376361.61
34;road_boundary_unknown_p34;280;4994716.28;4376354.05
34;road_boundary_unknown_p34;281;4994741.88;4376325.62
34;road_boundary_unknown_p34;282;4994782.41;4376283.04
34;road_boundary_unknown_p34;283;4994843.76;4376206.34
34;road_boundary_unknown_p34;284;4994893.63;4376142.79
34;road_boundary_unknown_p34;285;4994971.45;4376043.5
34;road_boundary_unknown_p34;286;4994974.57;4376039.52
34;road_boundary_unknown_p34;287;4995045.84;4375948.51
34;road_boundary_unknown_p34;288;4995111.85;4375864.17
34;road_boundary_unknown_p34;289;4995183.1;4375773.16
34;road_boundary_unknown_p34;290;4995189.41;4375765.09
34;road_boundary_unknown_p34;291;4995242.97;4375696.85
34;road_boundary_unknown_p34;292;4995241.04;4375695.24
34;road_boundary_unknown_p34;293;4995262.73;4375667.54
34;road_boundary_unknown_p34;294;4995264.62;4375669.2
34;road_boundary_unknown_p34;295;4995337.38;4375576.33
34;road_boundary_unknown_p34;296;4995408.86;4375485.05
34;road_boundary_unknown_p34;297;4995481.99;4375391.74
34;road_boundary_unknown_p34;298;4995557.88;4375294.59
34;road_boundary_unknown_p34;299;4995585.69;4375259.68
34;road_boundary_unknown_p34;300;4995647.44;4375180.76
34;road_boundary_unknown_p34;301;4995708.34;4375102.56
34;road_boundary_unknown_p34;302;4995720.53;4375087.13
34;road_boundary_unknown_p34;303;4995735.88;4375067.62
34;road_boundary_unknown_p34;304;4995734.06;4375066.06
34;road_boundary_unknown_p34;305;4995755.51;4375038.55
34;road_boundary_unknown_p34;306;4995757.43;4375040.27
34;road_boundary_unknown_p34;307;4995775.86;4375016.72
34;road_boundary_unknown_p34;308;4995773.01;4375014.49
35;road_boundary_unknown_p35;310;4995779.56;4375012.0
35;road_boundary_unknown_p35;311;4995856.11;4374914.26
35;road_boundary_unknown_p35;312;4995931.17;4374818.41
35;road_boundary_unknown_p35;313;4995955.14;4374787.56
35;road_boundary_unknown_p35;314;4995973.5;4374764.36
35;road_boundary_unknown_p35;315;4995973.71;4374761.67
35;road_boundary_unknown_p35;316;4996047.17;4374667.47
35;road_boundary_unknown_p35;317;4996114.2;4374582.15
35;road_boundary_unknown_p35;318;4996116.7;4374581.43
35;road_boundary_unknown_p35;319;4996146.24;4374543.22
35;road_boundary_unknown_p35;320;4996155.62;4374531.84
35;road_boundary_unknown_p35;321;4996179.74;4374501.07
35;road_boundary_unknown_p35;322;4996228.05;4374439.4
35;road_boundary_unknown_p35;323;4996304.74;4374341.57
35;road_boundary_unknown_p35;324;4996319.0;4374323.31
35;road_boundary_unknown_p35;325;4996333.25;4374305.06
35;road_boundary_unknown_p35;326;4996355.33;4374276.76
35;road_boundary_unknown_p35;327;4996379.62;4374245.64
35;road_boundary_unknown_p35;328;4996394.43;4374226.75
35;road_boundary_unknown_p35;329;4996426.02;4374186.45
35;road_boundary_unknown_p35;330;4996453.43;4374151.48
35;road_boundary_unknown_p35;331;4996499.09;4374092.94
35;road_boundary_unknown_p35;332;4996521.95;4374063.63
35;road_boundary_unknown_p35;333;4996541.21;4374039.25
35;road_boundary_unknown_p35;334;4996538.91;4374037.47
35;road_boundary_unknown_p35;335;4996560.62;4374009.86
35;road_boundary_unknown_p35;336;4996562.77;4374011.51
35;road_boundary_unknown_p35;337;4996601.86;4373961.6
35;road_boundary_unknown_p35;338;4996620.28;4373938.11
35;road_boundary_unknown_p35;339;4996645.01;4373906.57
35;road_boundary_unknown_p35;340;4996672.69;4373871.05
35;road_boundary_unknown_p35;341;4996684.55;4373855.49
35;road_boundary_unknown_p35;342;4996701.72;4373831.74
35;road_boundary_unknown_p35;343;4996735.08;4373781.1
35;road_boundary_unknown_p35;344;4996799.04;4373678.63
35;road_boundary_unknown_p35;345;4996820.12;4373644.87
35;road_boundary_unknown_p35;346;4996858.54;4373583.39
35;road_boundary_unknown_p35;347;4996876.53;4373554.54
35;road_boundary_unknown_p35;348;4996929.97;4373468.88
35;road_boundary_unknown_p35;349;4996959.12;4373421.81
35;road_boundary_unknown_p35;350;4997022.11;4373321.29
35;road_boundary_unknown_p35;351;4997075.2;4373236.03
35;road_boundary_unknown_p35;352;4997072.1;4373234.09
35;road_boundary_unknown_p35;353;4997075.28;4373229.0
35;road_boundary_unknown_p35;354;4997078.37;4373230.94
35;road_boundary_unknown_p35;355;4997087.55;4373216.19
35;road_boundary_unknown_p35;356;4997183.36;4373062.67
35;road_boundary_unknown_p35;357;4997210.9;4373019.09
35;road_boundary_unknown_p35;358;4997221.56;4373002.21
35;road_boundary_unknown_p35;359;4997237.61;4372976.56
35;road_boundary_unknown_p35;360;4997260.17;4372942.05
35;road_boundary_unknown_p35;361;4997259.05;4372940.98
35;road_boundary_unknown_p35;362;4997284.6;4372900.97
35;road_boundary_unknown_p35;364;4997289.87;4372896.42
35;road_boundary_unknown_p35;365;4997290.19;4372896.45
35;road_boundary_unknown_p35;366;4997292.22;4372896.59
35;road_boundary_unknown_p35;367;4997296.17;4372890.28
35;road_boundary_unknown_p35;368;4997298.31;4372886.86
35;road_boundary_unknown_p35;369;4997302.87;4372879.56
35;road_boundary_unknown_p35;370;4997303.54;4372878.48
35;road_boundary_unknown_p35;371;4997303.35;4372877.65
35;road_boundary_unknown_p35;372;4997304.67;4372875.53
35;road_boundary_unknown_p35;373;4997305.5;4372875.34
35;road_boundary_unknown_p35;374;4997321.81;4372849.22
35;road_boundary_unknown_p35;375;4997321.62;4372848.39
35;road_boundary_unknown_p35;376;4997322.95;4372846.27
35;road_boundary_unknown_p35;377;4997323.77;4372846.08
35;road_boundary_unknown_p35;378;4997338.5;4372822.5
35;road_boundary_unknown_p35;379;4997338.3;4372821.67
35;road_boundary_unknown_p35;380;4997339.63;4372819.55
35;road_boundary_unknown_p35;381;4997340.46;4372819.36
35;road_boundary_unknown_p35;382;4997355.97;4372794.51
35;road_boundary_unknown_p35;383;4997355.78;4372793.68
35;road_boundary_unknown_p35;384;4997357.11;4372791.56
35;road_boundary_unknown_p35;385;4997357.93;4372791.37
35;road_boundary_unknown_p35;386;4997374.24;4372765.25
35;road_boundary_unknown_p35;387;4997374.05;4372764.43
35;road_boundary_unknown_p35;388;4997375.37;4372762.31
35;road_boundary_unknown_p35;389;4997376.2;4372762.12
35;road_boundary_unknown_p35;390;4997378.6;4372758.28
35;road_boundary_unknown_p35;391;4997385.64;4372745.48
35;road_boundary_unknown_p35;392;4997385.68;4372745.5
35;road_boundary_unknown_p35;393;4997485.76;4372581.07
35;road_boundary_unknown_p35;394;4997494.18;4372565.32
35;road_boundary_unknown_p35;395;4997508.47;4372542.34
35;road_boundary_unknown_p35;396;4997510.87;4372541.76
35;road_boundary_unknown_p35;397;4997517.69;4372530.88
35;road_boundary_unknown_p35;398;4997542.37;4372491.26
35;road_boundary_unknown_p35;399;4997547.96;4372482.31
35;road_boundary_unknown_p35;400;4997563.8;4372456.86
35;road_boundary_unknown_p35;401;4997565.51;4372454.13
35;road_boundary_unknown_p35;402;4997581.23;4372428.4
35;road_boundary_unknown_p35;403;4997593.82;4372407.16
35;road_boundary_unknown_p35;404;4997595.18;4372406.79
35;road_boundary_unknown_p35;405;4997620.61;4372361.71
35;road_boundary_unknown_p35;406;4997630.0;4372344.51
35;road_boundary_unknown_p35;407;4997636.42;4372333.15
35;road_boundary_unknown_p35;408;4997635.76;4372330.91
35;road_boundary_unknown_p35;409;4997652.58;4372299.65
35;road_boundary_unknown_p35;410;4997651.89;4372297.34
35;road_boundary_unknown_p35;411;4997708.15;4372192.9
35;road_boundary_unknown_p35;412;4997711.23;4372191.99
35;road_boundary_unknown_p35;413;4997737.13;4372143.85
35;road_boundary_unknown_p35;414;4997767.39;4372086.3
35;road_boundary_unknown_p35;415;4997766.47;4372085.88
35;road_boundary_unknown_p35;416;4997782.89;4372054.28
36;road_boundary_unknown_p36;418;4997805.56;4372014.53
36;road_boundary_unknown_p36;419;4997812.03;4371995.8
36;road_boundary_unknown_p36;420;4997823.83;4371973.77
36;road_boundary_unknown_p36;421;4997828.38;4371965.55
36;road_boundary_unknown_p36;422;4997828.4;4371965.51
36;road_boundary_unknown_p36;423;4997828.57;4371965.6
36;road_boundary_unknown_p36;424;4997834.49;4371953.87
36;road_boundary_unknown_p36;425;4997834.31;4371953.78
36;road_boundary_unknown_p36;426;4997856.35;4371912.67
36;road_boundary_unknown_p36;427;4997872.25;4371883.03
36;road_boundary_unknown_p36;428;4997876.0;4371883.19
36;road_boundary_unknown_p36;429;4997878.61;4371878.47
36;road_boundary_unknown_p36;430;4997876.47;4371874.97
36;road_boundary_unknown_p36;431;4997900.09;4371830.94
36;road_boundary_unknown_p36;432;4997900.8;4371825.59
36;road_boundary_unknown_p36;433;4997909.23;4371809.78
36;road_boundary_unknown_p36;434;4997915.94;4371813.17
36;road_boundary_unknown_p36;435;4997919.16;4371807.34
36;road_boundary_unknown_p36;436;4997944.27;4371759.09
36;road_boundary_unknown_p36;437;4997944.18;4371757.3
36;road_boundary_unknown_p36;438;4997953.13;4371740.58
36;road_boundary_unknown_p36;439;4997961.43;4371722.03
36;road_boundary_unknown_p36;440;4998000.63;4371648.67
36;road_boundary_unknown_p36;441;4998005.84;4371638.67
36;road_boundary_unknown_p36;442;4998004.4;4371634.47
36;road_boundary_unknown_p36;443;4997981.2;4371621.6
36;road_boundary_unknown_p36;444;4997978.74;4371620.76
36;road_boundary_unknown_p36;445;4997977.15;4371620.47
36;road_boundary_unknown_p36;446;4997974.17;4371627.48
36;road_boundary_unknown_p36;447;4997969.42;4371625.28
36;road_boundary_unknown_p36;448;4997967.07;4371624.19
36;road_boundary_unknown_p36;449;4997964.74;4371623.22
36;road_boundary_unknown_p36;450;4997971.03;4371607.92
36;road_boundary_unknown_p36;451;4997971.11;4371605.67
36;road_boundary_unknown_p36;452;4997969.98;4371599.75
36;road_boundary_unknown_p36;453;4997968.69;4371598.96
36;road_boundary_unknown_p36;454;4997980.34;4371572.53
36;road_boundary_unknown_p36;455;4997983.69;4371558.41
36;road_boundary_unknown_p36;456;4997995.99;4371528.59
36;road_boundary_unknown_p36;457;4998001.81;4371521.03
36;road_boundary_unknown_p36;458;4998009.69;4371502.5
36;road_boundary_unknown_p36;459;4998013.66;4371499.42
36;road_boundary_unknown_p36;460;4998020.03;4371483.76
36;road_boundary_unknown_p36;461;4998020.46;4371480.18
36;road_boundary_unknown_p36;462;4998019.76;4371476.55
36;road_boundary_unknown_p36;463;4998018.2;4371474.12
36;road_boundary_unknown_p36;464;4998016.23;4371472.57
36;road_boundary_unknown_p36;465;4997991.11;4371461.43
36;road_boundary_unknown_p36;466;4997989.2;4371462.9
36;road_boundary_unknown_p36;467;4997982.4;4371477.77
36;road_boundary_unknown_p36;468;4997970.78;4371472.48
36;road_boundary_unknown_p36;469;4998021.63;4371361.43
36;road_boundary_unknown_p36;470;4998025.59;4371352.19
36;road_boundary_unknown_p36;472;4998069.35;4371256.63
36;road_boundary_unknown_p36;473;4998070.62;4371246.56
36;road_boundary_unknown_p36;474;4998073.67;4371239.76
36;road_boundary_unknown_p36;475;4998071.38;4371238.74
36;road_boundary_unknown_p36;476;4998073.43;4371234.17
36;road_boundary_unknown_p36;477;4998075.71;4371235.19
36;road_boundary_unknown_p36;478;4998078.76;4371228.39
36;road_boundary_unknown_p36;479;4998086.26;4371215.98
36;road_boundary_unknown_p36;480;4998089.52;4371213.02
36;road_boundary_unknown_p36;481;4998098.95;4371188.97
36;road_boundary_unknown_p36;482;4998096.29;4371187.92
36;road_boundary_unknown_p36;483;4998108.9;4371153.2
36;road_boundary_unknown_p36;484;4998111.98;4371154.22
36;road_boundary_unknown_p36;485;4998116.81;4371139.35
36;road_boundary_unknown_p36;486;4998116.26;4371125.37
36;road_boundary_unknown_p36;487;4998127.79;4371078.96
36;road_boundary_unknown_p36;488;4998122.76;4371077.81
36;road_boundary_unknown_p36;489;4998129.53;4371045.63
36;road_boundary_unknown_p36;490;4998132.81;4371031.64
36;road_boundary_unknown_p36;491;4998143.27;4370982.55
36;road_boundary_unknown_p36;492;4998150.66;4370967.57
36;road_boundary_unknown_p36;493;4998156.64;4370940.35
36;road_boundary_unknown_p36;494;4998154.09;4370924.84
36;road_boundary_unknown_p36;495;4998156.13;4370916.42
36;road_boundary_unknown_p36;496;4998168.35;4370886.42
36;road_boundary_unknown_p36;497;4998242.09;4370541.58
36;road_boundary_unknown_p36;498;4998240.23;4370522.78
36;road_boundary_unknown_p36;499;4998241.36;4370517.52
36;road_boundary_unknown_p36;500;4998252.12;4370487.11
36;road_boundary_unknown_p36;501;4998253.06;4370482.52
36;road_boundary_unknown_p36;502;4998257.73;4370459.13
36;road_boundary_unknown_p36;503;4998262.6;4370432.8
36;road_boundary_unknown_p36;504;4998264.16;4370423.8
36;road_boundary_unknown_p36;505;4998267.03;4370405.5
36;road_boundary_unknown_p36;506;4998269.77;4370386.39
36;road_boundary_unknown_p36;507;4998274.02;4370352.66
36;road_boundary_unknown_p36;508;4998276.85;4370327.64
36;road_boundary_unknown_p36;509;4998279.13;4370306.79
36;road_boundary_unknown_p36;510;4998288.0;4370223.69
36;road_boundary_unknown_p36;511;4998283.48;4370218.44
36;road_boundary_unknown_p36;512;4998282.59;4370210.54
36;road_boundary_unknown_p36;513;4998287.06;4370209.33
36;road_boundary_unknown_p36;514;4998293.55;4370209.22
36;road_boundary_unknown_p36;515;4998294.81;4370207.79
36;road_boundary_unknown_p36;516;4998298.48;4370176.94
36;road_boundary_unknown_p36;517;4998301.31;4370155.35
36;road_boundary_unknown_p36;518;4998301.78;4370150.64
36;road_boundary_unknown_p36;519;4998302.82;4370143.79
36;road_boundary_unknown_p36;520;4998305.76;4370117.01
36;road_boundary_unknown_p36;521;4998306.76;4370110.57
36;road_boundary_unknown_p36;522;4998306.96;4370108.44
36;road_boundary_unknown_p36;523;4998308.6;4370093.31
36;road_boundary_unknown_p36;524;4998306.61;4370093.05
37;road_boundary_unknown_p37;526;4998313.37;4370018.19
37;road_boundary_unknown_p37;527;4998316.49;4369985.18
37;road_boundary_unknown_p37;528;4998318.89;4369960.83
37;road_boundary_unknown_p37;529;4998319.19;4369958.05
37;road_boundary_unknown_p37;530;4998320.13;4369949.28
37;road_boundary_unknown_p37;531;4998320.07;4369948.01
37;road_boundary_unknown_p37;532;4998320.95;4369941.02
37;road_boundary_unknown_p37;533;4998321.21;4369938.98
37;road_boundary_unknown_p37;534;4998322.91;4369939.36
37;road_boundary_unknown_p37;535;4998329.65;4369873.71
37;road_boundary_unknown_p37;536;4998339.5;4369841.42
37;road_boundary_unknown_p37;537;4998340.96;4369835.54
37;road_boundary_unknown_p37;538;4998348.02;4369819.11
37;road_boundary_unknown_p37;539;4998349.39;4369815.89
37;road_boundary_unknown_p37;540;4998349.31;4369815.65
37;road_boundary_unknown_p37;541;4998338.43;4369784.74
37;road_boundary_unknown_p37;542;4998337.36;4369781.22
37;road_boundary_unknown_p37;543;4998334.55;4369772.98
37;road_boundary_unknown_p37;544;4998334.76;4369772.9
37;road_boundary_unknown_p37;545;4998330.89;4369762.89
37;road_boundary_unknown_p37;1;4998369.11;4369756.99
37;road_boundary_unknown_p37;546;4998420.74;4369837.84
37;road_boundary_unknown_p37;547;4998421.18;4369852.73
37;road_boundary_unknown_p37;548;4998420.65;4369852.75
37;road_boundary_unknown_p37;549;4998420.68;4369853.74
37;road_boundary_unknown_p37;550;4998405.93;4369870.18
37;road_boundary_unknown_p37;551;4998403.98;4369874.93
37;road_boundary_unknown_p37;552;4998395.95;4369883.57
37;road_boundary_unknown_p37;553;4998387.47;4369892.48
37;road_boundary_unknown_p37;554;4998380.51;4369895.81
37;road_boundary_unknown_p37;555;4998372.93;4369894.9
37;road_boundary_unknown_p37;556;4998362.12;4369886.55
37;road_boundary_unknown_p37;557;4998355.95;4369879.52
37;road_boundary_unknown_p37;558;4998352.23;4369872.39
37;road_boundary_unknown_p37;559;4998350.17;4369862.02
37;road_boundary_unknown_p37;560;4998351.85;4369854.45
37;road_boundary_unknown_p37;561;4998355.63;4369847.26
37;road_boundary_unknown_p37;563;4998374.59;4369840.22
37;road_boundary_unknown_p37;564;4998405.26;4369839.58
37;road_boundary_unknown_p37;565;4998408.01;4369839.48
37;road_boundary_unknown_p37;566;4998407.99;4369838.82
37;road_boundary_unknown_p37;567;4998408.82;4369838.81
37;road_boundary_unknown_p37;568;4998408.8;4369838.19
37;road_boundary_unknown_p37;546;4998420.74;4369837.84
37;road_boundary_unknown_p37;569;4998038.02;4371484.49
37;road_boundary_unknown_p37;570;4998048.49;4371487.96
37;road_boundary_unknown_p37;571;4998070.19;4371496.99
37;road_boundary_unknown_p37;572;4998077.29;4371501.19
37;road_boundary_unknown_p37;573;4998078.8;4371506.76
37;road_boundary_unknown_p37;574;4998075.41;4371513.02
37;road_boundary_unknown_p37;575;4998061.81;4371536.21
37;road_boundary_unknown_p37;576;4998055.8;4371546.12
37;road_boundary_unknown_p37;577;4998042.41;4371564.76
37;road_boundary_unknown_p37;578;4998038.41;4371572.13
37;road_boundary_unknown_p37;579;4998039.93;4371573.0
37;road_boundary_unknown_p37;580;4998036.91;4371578.68
37;road_boundary_unknown_p37;581;4998034.72;4371589.48
37;road_boundary_unknown_p37;582;4998019.65;4371616.37
37;road_boundary_unknown_p37;583;4998013.66;4371618.87
37;road_boundary_unknown_p37;584;4998005.77;4371617.68
37;road_boundary_unknown_p37;585;4998005.61;4371617.6
37;road_boundary_unknown_p37;586;4997989.49;4371609.01
37;road_boundary_unknown_p37;587;4997987.19;4371607.17
37;road_boundary_unknown_p37;588;4997986.46;4371605.59
37;road_boundary_unknown_p37;589;4998009.44;4371550.79
37;road_boundary_unknown_p37;590;4998018.03;4371530.31
37;road_boundary_unknown_p37;591;4998018.18;4371530.35
37;road_boundary_unknown_p37;592;4998021.86;4371521.36
37;road_boundary_unknown_p37;593;4998031.17;4371498.69
37;road_boundary_unknown_p37;594;4998035.69;4371487.27
37;road_boundary_unknown_p37;595;4998036.54;4371485.6
37;road_boundary_unknown_p37;569;4998038.02;4371484.49
