appendix;page;row_num;plot_num_plan;point_nums;cadastral_designation;address;area_egrn_m2;land_category;vri_current;land_category_new;vri_new;area_formed_m2;public_territory;formation_method
1;9;1;68(1);1-27;90:18:010176:72:ЗУ1;Республика Крым, г Евпатория, ул Симферопольская;7837.0;Земли населенных пунктов;Туристическое обслуживание;Земли населенных пунктов;Земельные участки (территории) общего пользования;385.0;Территории общего пользования;Образуемый земельный участок расположен в границах зоны размещения объекта.Способ образования - путем раздела исходного земельного участка с кадастровым номером 90:18:010176:72, при этом земельный участок, раздел которого осуществлен, сохраняется в измененных границах (измененный земельный участок).
1;9;2;68(2);1-32;90:18:010176:72;Республика Крым, Евпатория г, Симферопольская ул, уч 1;7837.0;Земли населенных пунктов;Туристическое обслуживание;Земли населенных пунктов;Туристическое обслуживание;7452.0;;Земельный участок, раздел которого осуществлен с сохранением земельного участка в измененных границах. Расположен за границами зоны размещения объекта.
1;9;3;69(1);1-6;90:18:010176:78:ЗУ1;Республика Крым, г Евпатория, ул Симферопольская;3427.0;Земли населенных пунктов;Туристическое обслуживание;Земли населенных пунктов;Земельные участки (территории) общего пользования;155.0;Территории общего пользования;Образуемый земельный участок расположен в границах зоны размещения объекта.Способ образования - путем раздела исходного земельного участка с кадастровым номером 90:18:010176:78, при этом земельный участок, раздел которого осуществлен, сохраняется в измененных границах (измененный земельный участок).
1;9;4;69(2);1-10;90:18:010176:78;Республика Крым, Евпатория г, Симферопольская ул, уч 2Ч;3427.0;Земли населенных пунктов;Туристическое обслуживание;Земли населенных пунктов;Туристическое обслуживание;3272.0;;Земельный участок, раздел которого осуществлен с сохранением земельного участка в измененных границах. Расположен за границами зоны размещения объекта.
1;9;5;70(1);1-22;90:18:010176:81:ЗУ1;Республика Крым, г Евпатория, ул Симферопольская;7702.0;Земли населенных пунктов;Туристическое обслуживание;Земли населенных пунктов;Земельные участки (территории) общего пользования;2220.0;Территории общего пользования;Образуемый земельный участок расположен в границах зоны размещения объекта.Способ образования - путем раздела исходного земельного участка с кадастровым номером 90:18:010176:81, при этом земельный участок, раздел которого осуществлен, сохраняется в измененных границах (измененный земельный участок).
1;9;6;70(2);1-23;90:18:010176:81;Республика Крым, Евпатория г, Симферопольская ул, д 2Ц;7702.0;Земли населенных пунктов;Туристическое обслуживание;Земли населенных пунктов;Туристическое обслуживание;5482.0;;Земельный участок, раздел которого осуществлен с сохранением земельного участка в измененных границах. Расположен за границами зоны размещения объекта.
1;9;7;72(1);1-10;90:18:010179:2176:ЗУ1;Российская Федерация, Российская Федерация, Республика Крым, городской округ Евпатория, г. Евпатория, ул. Симферопольская;4726.0;Земли населенных пунктов;Туристическое обслуживание;Земли населенных пунктов;Земельные участки (территории) общего пользования;528.0;Территории общего пользования;Образуемый земельный участок расположен в границах зоны размещения объекта.Способ образования - путем раздела исходного земельного участка с кадастровым номером 90:18:010179:2176, при этом земельный участок, раздел которого осуществлен, сохраняется в измененных границах (измененный земельный участок).
1;9;8;72(2);1-10;90:18:010179:2176;Российская Федерация, Российская Федерация, Республика Крым, городской округ Евпатория, г. Евпатория, ул. Симферопольская;4726.0;Земли населенных пунктов;Туристическое обслуживание;Земли населенных пунктов;Туристическое обслуживание;4198.0;;Земельный участок, раздел которого осуществлен с сохранением земельного участка в измененных границах. Расположен за границами зоны размещения объекта.
1;9;9;73(1);1-9;90:18:010179:2177:ЗУ1;Российская Федерация, Российская Федерация, Республика Крым, городской округ Евпатория, г. Евпатория, ул. Симферопольская;10512.0;Земли населенных пунктов;Туристическое обслуживание;Земли населенных пунктов;Земельные участки (территории) общего пользования;1529.0;Территории общего пользования;Образуемый земельный участок расположен в границах зоны размещения объекта.Способ образования - путем раздела исходного земельного участка с кадастровым номером 90:18:010179:2177, при этом земельный участок, раздел которого осуществлен, сохраняется в измененных границах (измененный земельный участок).
1;9;10;73(2);1-11;90:18:010179:2177;Российская Федерация, Российская Федерация, Республика Крым, городской округ Евпатория, г. Евпатория, ул. Симферопольская;10512.0;Земли населенных пунктов;Туристическое обслуживание;Земли населенных пунктов;Туристическое обслуживание;8983.0;;Земельный участок, раздел которого осуществлен с сохранением земельного участка в измененных границах. Расположен за границами зоны размещения объекта.
1;9;11;74(1);1-4;90:18:010179:3:ЗУ1;"Республика Крым,г.Евпатория,ул.Симферопол ьская, в районе железнодорожной платформы""54 км""";1000.0;Земли населенных пунктов;"Малоэтажная жилая застройка (индивидуальное жилищное строительство; размещение дачных домов и садовых домов)";Земли населенных пунктов;Земельные участки (территории) общего пользования;145.0;Территории общего пользования;Образуемый земельный участок расположен в границах зоны размещения объекта.Способ образования - путем раздела исходного земельного участка с кадастровым номером 90:18:010179:3, при этом земельный участок, раздел которого осуществлен, сохраняется в измененных границах (измененный земельный участок).
1;9;12;74(2);1-5;90:18:010179:3;"Республика Крым,г.Евпатория,ул.Симферопол ьская, в районе железнодорожной платформы""54 км""";1000.0;Земли населенных пунктов;"Малоэтажная жилая застройка (индивидуальное жилищное строительство; размещение дачных домов и садовых домов)";Земли населенных пунктов;"Малоэтажная жилая застройка (индивидуальное жилищное строительство; размещение дачных домов и садовых домов)";855.0;;Земельный участок, раздел которого осуществлен с сохранением земельного участка в измененных границах. Расположен за границами зоны размещения объекта.
1;10;13;75(1);1-6;90:11:000000:220:ЗУ1;Республика Крым, Сакский р-н, на територии Лесновского сельского совета;1000.0;Земли сельскохозяйственно го назначения;Размещение дачных домов и садовых домов;Земли промышленности, энергетики, транспорта, связи, радиовещания, телевидения, информатики, земли для обеспечения космической деятельности, земли обороны, безопасности и земли иного специального назначения;Автомобильный транспорт;276.0;;Образуемый земельный участок расположен в границах зоны размещения объекта.Способ образования - путем раздела исходного земельного участка с кадастровым номером 90:11:000000:220, при этом земельный участок, раздел которого осуществлен, сохраняется в измененных границах (измененный земельный участок).
1;10;14;75(2);1-6;90:11:000000:220;Республика Крым, р-н Сакский, на територии Лесновского сельского совета, индивидуальный участок №134;1000.0;Земли сельскохозяйственно го назначения;Размещение дачных домов и садовых домов;Земли сельскохозяйственного назначения;Размещение дачных домов и садовых домов;724.0;;Земельный участок, раздел которого осуществлен с сохранением земельного участка в измененных границах. Расположен за границами зоны размещения объекта.
1;10;15;76(1);1-4;90:11:000000:224:ЗУ1;"Республика Крым, Сакский район, территория Лесновского сельского совета, западнее пансионата ""Прибрежный"", севернее полосы отвода Приднепровской железной дороги";1000.0;Земли сельскохозяйственно го назначения;Размещение дачных домов и садовых домов;Земли промышленности, энергетики, транспорта, связи, радиовещания, телевидения, информатики, земли для обеспечения космической деятельности, земли обороны, безопасности и земли иного специального назначения;Автомобильный транспорт;737.0;;Образуемый земельный участок расположен в границах зоны размещения объекта.Способ образования - путем раздела исходного земельного участка с кадастровым номером 90:11:000000:224, при этом земельный участок, раздел которого осуществлен, сохраняется в измененных границах (измененный земельный участок).
1;10;16;76(2);1-4;90:11:000000:224;"Республика Крым, Сакский район, территория Лесновского сельского совета, западнее пансионата ""Прибрежный"", севернее полосы отвода Приднепровской железной дороги участок № 43";1000.0;Земли сельскохозяйственно го назначения;Размещение дачных домов и садовых домов;Земли сельскохозяйственного назначения;Размещение дачных домов и садовых домов;263.0;;Земельный участок, раздел которого осуществлен с сохранением земельного участка в измененных границах. Расположен за границами зоны размещения объекта.
1;10;17;77(1);1-6;90:11:130701:105:ЗУ1;Республика Крым, Сакский район, на территории Лесновского сельского совета;1000.0;Земли сельскохозяйственно го назначения;Размещение дачных домов и садовых домов;Земли промышленности, энергетики, транспорта, связи, радиовещания, телевидения, информатики, земли для обеспечения космической деятельности, земли обороны, безопасности и земли иного специального назначения;Автомобильный транспорт;792.0;;Образуемый земельный участок расположен в границах зоны размещения объекта.Способ образования - путем раздела исходного земельного участка с кадастровым номером 90:11:130701:105, при этом земельный участок, раздел которого осуществлен, сохраняется в измененных границах (измененный земельный участок).
1;10;18;77(2);1-4;90:11:130701:105;Республика Крым, Сакский район, на территории Лесновского сельского совета, индивидуальный участок № 144;1000.0;Земли сельскохозяйственно го назначения;Размещение дачных домов и садовых домов;Земли сельскохозяйственного назначения;Размещение дачных домов и садовых домов;208.0;;Земельный участок, раздел которого осуществлен с сохранением земельного участка в измененных границах. Расположен за границами зоны размещения объекта.
1;10;19;78(1);1-4;90:11:130701:633:ЗУ1;Республика Крым, р-н Сакский, на территории Лесновского сельского совета;1000.0;Земли сельскохозяйственно го назначения;Ведение дачного хозяйства;Земли промышленности, энергетики, транспорта, связи, радиовещания, телевидения, информатики, земли для обеспечения космической деятельности, земли обороны, безопасности и земли иного специального назначения;Автомобильный транспорт;842.0;;Образуемый земельный участок расположен в границах зоны размещения объекта.Способ образования - путем раздела исходного земельного участка с кадастровым номером 90:11:130701:633, при этом земельный участок, раздел которого осуществлен, сохраняется в измененных границах (измененный земельный участок).
1;10;20;78(2);1-4;90:11:130701:633;Республика Крым, р-н Сакский, на территории Лесновского сельского совета, индивидуальный участок 65;1000.0;Земли сельскохозяйственно го назначения;Ведение дачного хозяйства;Земли сельскохозяйственного назначения;Ведение дачного хозяйства;158.0;;Земельный участок, раздел которого осуществлен с сохранением земельного участка в измененных границах. Расположен за границами зоны размещения объекта.
1;10;21;79(1);1-4;90:11:130701:1071:ЗУ1;Республика Крым, Сакский р-н, Лесновский с/с;1000.0;Земли сельскохозяйственно го назначения;Ведения дачного хозяйства;Земли промышленности, энергетики, транспорта, связи, радиовещания, телевидения, информатики, земли для обеспечения космической деятельности, земли обороны, безопасности и земли иного специального назначения;Автомобильный транспорт;70.0;;Образуемый земельный участок расположен в границах зоны размещения объекта.Способ образования - путем раздела исходного земельного участка с кадастровым номером 90:11:130701:1071, при этом земельный участок, раздел которого осуществлен, сохраняется в измененных границах (измененный земельный участок).
1;10;22;79(2);1-4;90:11:130701:1071;Республика Крым, Сакский р-н, Лесновский с/с, уч 175;1000.0;Земли сельскохозяйственно го назначения;Ведения дачного хозяйства;Земли сельскохозяйственного назначения;Ведения дачного хозяйства;930.0;;Земельный участок, раздел которого осуществлен с сохранением земельного участка в измененных границах. Расположен за границами зоны размещения объекта.
1;11;23;80(1);1-5;90:11:130701:1072:ЗУ1;Республика Крым, Сакский р-н, Лесновский с/с;1000.0;Земли сельскохозяйственно го назначения;Ведения дачного хозяйства;Земли промышленности, энергетики, транспорта, связи, радиовещания, телевидения, информатики, земли для обеспечения космической деятельности, земли обороны, безопасности и земли иного специального назначения;Автомобильный транспорт;939.0;;Образуемый земельный участок расположен в границах зоны размещения объекта.Способ образования - путем раздела исходного земельного участка с кадастровым номером 90:11:130701:1072, при этом земельный участок, раздел которого осуществлен, сохраняется в измененных границах (измененный земельный участок).
1;11;24;80(2);1-3;90:11:130701:1072;Республика Крым, Сакский р-н, Лесновский с/с, уч 132;1000.0;Земли сельскохозяйственно го назначения;Ведения дачного хозяйства;Земли сельскохозяйственного назначения;Ведения дачного хозяйства;61.0;;Земельный участок, раздел которого осуществлен с сохранением земельного участка в измененных границах. Расположен за границами зоны размещения объекта.
1;11;25;81(1);1-4;90:11:130701:1073:ЗУ1;Республика Крым, Сакский р-н, Лесновский с/с;1000.0;Земли сельскохозяйственно го назначения;Ведения дачного хозяйства;Земли промышленности, энергетики, транспорта, связи, радиовещания, телевидения, информатики, земли для обеспечения космической деятельности, земли обороны, безопасности и земли иного специального назначения;Автомобильный транспорт;971.0;;Образуемый земельный участок расположен в границах зоны размещения объекта.Способ образования - путем раздела исходного земельного участка с кадастровым номером 90:11:130701:1073, при этом земельный участок, раздел которого осуществлен, сохраняется в измененных границах (измененный земельный участок).
1;11;26;81(2);1-4;90:11:130701:1073;Республика Крым, Сакский р-н, Лесновский с/с, уч 63;1000.0;Земли сельскохозяйственно го назначения;Ведения дачного хозяйства;Земли сельскохозяйственного назначения;Ведения дачного хозяйства;29.0;;Земельный участок, раздел которого осуществлен с сохранением земельного участка в измененных границах. Расположен за границами зоны размещения объекта.
1;11;27;82(1);1-4;90:11:130701:1087:ЗУ1;Республика Крым, Сакский р-н, Лесновский с/с;1000.0;Земли сельскохозяйственно го назначения;Ведения дачного хозяйства;Земли промышленности, энергетики, транспорта, связи, радиовещания, телевидения, информатики, земли для обеспечения космической деятельности, земли обороны, безопасности и земли иного специального назначения;Автомобильный транспорт;76.0;;Образуемый земельный участок расположен в границах зоны размещения объекта.Способ образования - путем раздела исходного земельного участка с кадастровым номером 90:11:130701:1087, при этом земельный участок, раздел которого осуществлен, сохраняется в измененных границах (измененный земельный участок).
1;11;28;82(2);1-6;90:11:130701:1087;Республика Крым, Сакский р-н, Лесновский с/с, уч 101;1000.0;Земли сельскохозяйственно го назначения;Ведения дачного хозяйства;Земли сельскохозяйственного назначения;Ведения дачного хозяйства;924.0;;Земельный участок, раздел которого осуществлен с сохранением земельного участка в измененных границах. Расположен за границами зоны размещения объекта.
1;11;29;83(1);1-4;90:11:130701:1108:ЗУ1;Республика Крым, Сакский р-н, Лесновский с/с, уч 9, за пределами населенного пункта;10000.0;Земли сельскохозяйственно го назначения;Ведение личного подсобного хозяйства на полевых участках;Земли промышленности, энергетики, транспорта, связи, радиовещания, телевидения, информатики, земли для обеспечения космической деятельности, земли обороны, безопасности и земли иного специального назначения;Автомобильный транспорт;4696.0;;Образуемый земельный участок расположен в границах зоны размещения объекта.Способ образования - путем раздела исходного земельного участка с кадастровым номером 90:11:130701:1108, при этом земельный участок, раздел которого осуществлен, сохраняется в измененных границах (измененный земельный участок).
1;11;30;83(2);1-4;90:11:130701:1108;Республика Крым, Сакский р-н, Лесновский с/с, уч 9, за пределами населенного пункта;10000.0;Земли сельскохозяйственно го назначения;Ведение личного подсобного хозяйства на полевых участках;Земли сельскохозяйственного назначения;Ведение личного подсобного хозяйства на полевых участках;5304.0;;Земельный участок, раздел которого осуществлен с сохранением земельного участка в измененных границах. Расположен за границами зоны размещения объекта.
1;11;31;84(1);1-4;90:11:130701:1115:ЗУ1;Республика Крым, Сакский р-н, Лесновский с/с, уч 16, за пределами населенного пункта;10000.0;Земли сельскохозяйственно го назначения;Ведение личного подсобного хозяйства на полевых участках;Земли промышленности, энергетики, транспорта, связи, радиовещания, телевидения, информатики, земли для обеспечения космической деятельности, земли обороны, безопасности и земли иного специального назначения;Автомобильный транспорт;4320.0;;Образуемый земельный участок расположен в границах зоны размещения объекта.Способ образования - путем раздела исходного земельного участка с кадастровым номером 90:11:130701:1115, при этом земельный участок, раздел которого осуществлен, сохраняется в измененных границах (измененный земельный участок).
1;11;32;84(2);1-4;90:11:130701:1115:ЗУ2;Республика Крым, Сакский р-н, Лесновский с/с, уч 16, за пределами населенного пункта;10000.0;Земли сельскохозяйственно го назначения;Ведение личного подсобного хозяйства на полевых участках;Земли сельскохозяйственного назначения;Ведение личного подсобного хозяйства на полевых участках;850.0;;Образуемый земельный участок расположен за границами зоны размещения объекта.Способ образования - путем раздела исходного земельного участка с кадастровым номером 90:11:130701:1115, при этом земельный участок, раздел которого осуществлен, сохраняется в измененных границах (измененный земельный участок).
1;11;33;84(3);1-4;90:11:130701:1115;Республика Крым, Сакский р-н, Лесновский с/с, уч 16, за пределами населенного пункта;10000.0;Земли сельскохозяйственно го назначения;Ведение личного подсобного хозяйства на полевых участках;Земли сельскохозяйственного назначения;Ведение личного подсобного хозяйства на полевых участках;4830.0;;Земельный участок, раздел которого осуществлен с сохранением земельного участка в измененных границах. Расположен за границами зоны размещения объекта.
1;12;34;85(1);1-4;90:11:130701:1129:ЗУ1;Республика Крым, Сакский р-н, Лесновский с/с;1000.0;Земли сельскохозяйственно го назначения;Ведения дачного хозяйства;Земли промышленности, энергетики, транспорта, связи, радиовещания, телевидения, информатики, земли для обеспечения космической деятельности, земли обороны, безопасности и земли иного специального назначения;Автомобильный транспорт;231.0;;Образуемый земельный участок расположен в границах зоны размещения объекта.Способ образования - путем раздела исходного земельного участка с кадастровым номером 90:11:130701:1129, при этом земельный участок, раздел которого осуществлен, сохраняется в измененных границах (измененный земельный участок).
1;12;35;85(2);1-4;90:11:130701:1129;Республика Крым, Сакский р-н, Лесновский с/с, уч 40;1000.0;Земли сельскохозяйственно го назначения;Ведения дачного хозяйства;Земли сельскохозяйственного назначения;Ведения дачного хозяйства;769.0;;Земельный участок, раздел которого осуществлен с сохранением земельного участка в измененных границах. Расположен за границами зоны размещения объекта.
1;12;36;86(1);1-4;90:11:130701:1133:ЗУ1;Республика Крым, Сакский р-н, Лесновский с/с;1000.0;Земли сельскохозяйственно го назначения;Ведения дачного хозяйства;Земли промышленности, энергетики, транспорта, связи, радиовещания, телевидения, информатики, земли для обеспечения космической деятельности, земли обороны, безопасности и земли иного специального назначения;Автомобильный транспорт;168.0;;Образуемый земельный участок расположен в границах зоны размещения объекта.Способ образования - путем раздела исходного земельного участка с кадастровым номером 90:11:130701:1133, при этом земельный участок, раздел которого осуществлен, сохраняется в измененных границах (измененный земельный участок).
1;12;37;86(2);1-4;90:11:130701:1133;Республика Крым, Сакский р-н, Лесновский с/с, уч 37;1000.0;Земли сельскохозяйственно го назначения;Ведения дачного хозяйства;Земли сельскохозяйственного назначения;Ведения дачного хозяйства;832.0;;Земельный участок, раздел которого осуществлен с сохранением земельного участка в измененных границах. Расположен за границами зоны размещения объекта.
1;12;38;87(1);1-4;90:11:130701:1134:ЗУ1;Республика Крым, Сакский р-н, Лесновский с/с;1000.0;Земли сельскохозяйственно го назначения;Ведения дачного хозяйства;Земли промышленности, энергетики, транспорта, связи, радиовещания, телевидения, информатики, земли для обеспечения космической деятельности, земли обороны, безопасности и земли иного специального назначения;Автомобильный транспорт;104.0;;Образуемый земельный участок расположен в границах зоны размещения объекта.Способ образования - путем раздела исходного земельного участка с кадастровым номером 90:11:130701:1134, при этом земельный участок, раздел которого осуществлен, сохраняется в измененных границах (измененный земельный участок).
1;12;39;87(2);1-4;90:11:130701:1134;Республика Крым, Сакский р-н, Лесновский с/с, уч 35;1000.0;Земли сельскохозяйственно го назначения;Ведения дачного хозяйства;Земли сельскохозяйственного назначения;Ведения дачного хозяйства;896.0;;Земельный участок, раздел которого осуществлен с сохранением земельного участка в измененных границах. Расположен за границами зоны размещения объекта.
1;12;40;88(1);1-5;90:11:130701:115:ЗУ1;Республика Крым, муниципальный район Сакский, сельское поселение Лесновское, село Прибрежное, улица Дачная;1000.0;Земли сельскохозяйственно го назначения;Ведение садоводства;Земли промышленности, энергетики, транспорта, связи, радиовещания, телевидения, информатики, земли для обеспечения космической деятельности, земли обороны, безопасности и земли иного специального назначения;Автомобильный транспорт;834.0;;Образуемый земельный участок расположен в границах зоны размещения объекта.Способ образования - путем раздела исходного земельного участка с кадастровым номером 90:11:130701:115, при этом земельный участок, раздел которого осуществлен, сохраняется в измененных границах (измененный земельный участок).
1;12;41;88(2);1-5;90:11:130701:115;Республика Крым, муниципальный район Сакский, сельское поселение Лесновское, село Прибрежное, улица Дачная, земельный участок 78;1000.0;Земли сельскохозяйственно го назначения;Ведение садоводства;Земли сельскохозяйственного назначения;Ведение садоводства;166.0;;Земельный участок, раздел которого осуществлен с сохранением земельного участка в измененных границах. Расположен за границами зоны размещения объекта.
1;12;42;89(1);1-4;90:11:130701:1150:ЗУ1;Российская Федерация, Республика Крым, муниципальный район Сакский, сельское поселение Лесновское, село Прибрежное, улица Дачная;1000.0;Земли сельскохозяйственно го назначения;Ведение садоводства;Земли промышленности, энергетики, транспорта, связи, радиовещания, телевидения, информатики, земли для обеспечения космической деятельности, земли обороны, безопасности и земли иного специального назначения;Автомобильный транспорт;59.0;;Образуемый земельный участок расположен в границах зоны размещения объекта.Способ образования - путем раздела исходного земельного участка с кадастровым номером 90:11:130701:1150, при этом земельный участок, раздел которого осуществлен, сохраняется в измененных границах (измененный земельный участок).
1;12;43;89(2);1-4;90:11:130701:1150;Российская Федерация, Республика Крым, муниципальный район Сакский, сельское поселение Лесновское, село Прибрежное, улица Дачная, земельный участок 65;1000.0;Земли сельскохозяйственно го назначения;Ведение садоводства;Земли сельскохозяйственного назначения;Ведение садоводства;941.0;;Земельный участок, раздел которого осуществлен с сохранением земельного участка в измененных границах. Расположен за границами зоны размещения объекта.
1;13;44;90(1);1-3;90:11:130701:1152:ЗУ1;Республика Крым, Сакский р-н, Лесновский с/с;1000.0;Земли сельскохозяйственно го назначения;Ведения дачного хозяйства;Земли промышленности, энергетики, транспорта, связи, радиовещания, телевидения, информатики, земли для обеспечения космической деятельности, земли обороны, безопасности и земли иного специального назначения;Автомобильный транспорт;242.0;;Образуемый земельный участок расположен в границах зоны размещения объекта.Способ образования - путем раздела исходного земельного участка с кадастровым номером 90:11:130701:1152, при этом земельный участок, раздел которого осуществлен, сохраняется в измененных границах (измененный земельный участок).
1;13;45;90(2);1-5;90:11:130701:1152;Республика Крым, Сакский р-н, Лесновский с/с, уч 145;1000.0;Земли сельскохозяйственно го назначения;Ведения дачного хозяйства;Земли сельскохозяйственного назначения;Ведения дачного хозяйства;758.0;;Земельный участок, раздел которого осуществлен с сохранением земельного участка в измененных границах. Расположен за границами зоны размещения объекта.
1;13;46;91(1);1-5;90:11:130701:1165:ЗУ1;Республика Крым, Сакский р-н, Лесновский с/с, за пределами населенного пункта;1000.0;Земли сельскохозяйственно го назначения;Ведения дачного хозяйства;Земли промышленности, энергетики, транспорта, связи, радиовещания, телевидения, информатики, земли для обеспечения космической деятельности, земли обороны, безопасности и земли иного специального назначения;Автомобильный транспорт;110.0;;Образуемый земельный участок расположен в границах зоны размещения объекта.Способ образования - путем раздела исходного земельного участка с кадастровым номером 90:11:130701:1165, при этом земельный участок, раздел которого осуществлен, сохраняется в измененных границах (измененный земельный участок).
1;13;47;91(2);1-7;90:11:130701:1165;Республика Крым, Сакский р-н, Лесновский с/с, за пределами населенного пункта;1000.0;Земли сельскохозяйственно го назначения;Ведения дачного хозяйства;Земли сельскохозяйственного назначения;Ведения дачного хозяйства;890.0;;Земельный участок, раздел которого осуществлен с сохранением земельного участка в измененных границах. Расположен за границами зоны размещения объекта.
1;13;48;92(1);1-4;90:11:130701:1166:ЗУ1;Республика Крым, Сакский р-н, Лесновский с/с, за пределами населенного пункта;1000.0;Земли сельскохозяйственно го назначения;Ведения дачного хозяйства;Земли промышленности, энергетики, транспорта, связи, радиовещания, телевидения, информатики, земли для обеспечения космической деятельности, земли обороны, безопасности и земли иного специального назначения;Автомобильный транспорт;64.0;;Образуемый земельный участок расположен в границах зоны размещения объекта.Способ образования - путем раздела исходного земельного участка с кадастровым номером 90:11:130701:1166, при этом земельный участок, раздел которого осуществлен, сохраняется в измененных границах (измененный земельный участок).
1;13;49;92(2);1-4;90:11:130701:1166;Республика Крым, Сакский р-н, Лесновский с/с, за пределами населенного пункта;1000.0;Земли сельскохозяйственно го назначения;Ведения дачного хозяйства;Земли сельскохозяйственного назначения;Ведения дачного хозяйства;936.0;;Земельный участок, раздел которого осуществлен с сохранением земельного участка в измененных границах. Расположен за границами зоны размещения объекта.
1;13;50;93(1);1-6;90:11:130701:1183:ЗУ1;Республика Крым, Сакский р-н, Лесновский с/с;1000.0;Земли сельскохозяйственно го назначения;Ведение садоводства;Земли промышленности, энергетики, транспорта, связи, радиовещания, телевидения, информатики, земли для обеспечения космической деятельности, земли обороны, безопасности и земли иного специального назначения;Автомобильный транспорт;620.0;;Образуемый земельный участок расположен в границах зоны размещения объекта.Способ образования - путем раздела исходного земельного участка с кадастровым номером 90:11:130701:1183, при этом земельный участок, раздел которого осуществлен, сохраняется в измененных границах (измененный земельный участок).
1;13;51;93(2);1-6;90:11:130701:1183;Республика Крым, Сакский р-н, Лесновский с/с, уч 139;1000.0;Земли сельскохозяйственно го назначения;Ведение садоводства;Земли сельскохозяйственного назначения;Ведение садоводства;380.0;;Земельный участок, раздел которого осуществлен с сохранением земельного участка в измененных границах. Расположен за границами зоны размещения объекта.
1;13;52;94(1);1-5;90:11:130701:1184:ЗУ1;Республика Крым, Сакский р-н, Лесновский с/с;1000.0;Земли сельскохозяйственно го назначения;Ведения дачного хозяйства;Земли промышленности, энергетики, транспорта, связи, радиовещания, телевидения, информатики, земли для обеспечения космической деятельности, земли обороны, безопасности и земли иного специального назначения;Автомобильный транспорт;758.0;;Образуемый земельный участок расположен в границах зоны размещения объекта.Способ образования - путем раздела исходного земельного участка с кадастровым номером 90:11:130701:1184, при этом земельный участок, раздел которого осуществлен, сохраняется в измененных границах (измененный земельный участок).
1;13;53;94(2);1-5;90:11:130701:1184;Республика Крым, Сакский р-н, Лесновский с/с, уч 66;1000.0;Земли сельскохозяйственно го назначения;Ведения дачного хозяйства;Земли сельскохозяйственного назначения;Ведения дачного хозяйства;242.0;;Земельный участок, раздел которого осуществлен с сохранением земельного участка в измененных границах. Расположен за границами зоны размещения объекта.
1;13;54;95(1);1-4;90:11:130701:1204:ЗУ1;Республика Крым, Сакский р-н, Лесновский с/с;1000.0;Земли сельскохозяйственно го назначения;Ведения дачного хозяйства;Земли промышленности, энергетики, транспорта, связи, радиовещания, телевидения, информатики, земли для обеспечения космической деятельности, земли обороны, безопасности и земли иного специального назначения;Автомобильный транспорт;58.0;;Образуемый земельный участок расположен в границах зоны размещения объекта.Способ образования - путем раздела исходного земельного участка с кадастровым номером 90:11:130701:1204, при этом земельный участок, раздел которого осуществлен, сохраняется в измененных границах (измененный земельный участок).
1;13;55;95(2);1-4;90:11:130701:1204;Республика Крым, Сакский р-н, Лесновский с/с, уч 128;1000.0;Земли сельскохозяйственно го назначения;Ведения дачного хозяйства;Земли сельскохозяйственного назначения;Ведения дачного хозяйства;942.0;;Земельный участок, раздел которого осуществлен с сохранением земельного участка в измененных границах. Расположен за границами зоны размещения объекта.
1;14;56;97(1);1-4;90:11:130701:1242:ЗУ1;Республика Крым, Сакский р-н, Лесновский с/с;1000.0;Земли сельскохозяйственно го назначения;Ведение садоводства;Земли промышленности, энергетики, транспорта, связи, радиовещания, телевидения, информатики, земли для обеспечения космической деятельности, земли обороны, безопасности и земли иного специального назначения;Автомобильный транспорт;960.0;;Образуемый земельный участок расположен в границах зоны размещения объекта.Способ образования - путем раздела исходного земельного участка с кадастровым номером 90:11:130701:1242, при этом земельный участок, раздел которого осуществлен, сохраняется в измененных границах (измененный земельный участок).
1;14;57;97(2);1-4;90:11:130701:1242;Республика Крым, Сакский р-н, Лесновский с/с, уч 162;1000.0;Земли сельскохозяйственно го назначения;Ведение садоводства;Земли сельскохозяйственного назначения;Ведение садоводства;40.0;;Земельный участок, раздел которого осуществлен с сохранением земельного участка в измененных границах. Расположен за границами зоны размещения объекта.
1;14;58;98(1);1-4;90:11:130701:1249:ЗУ1;Республика Крым, Сакский р-н, Лесновский с/с;1000.0;Земли сельскохозяйственно го назначения;Ведения дачного хозяйства;Земли промышленности, энергетики, транспорта, связи, радиовещания, телевидения, информатики, земли для обеспечения космической деятельности, земли обороны, безопасности и земли иного специального назначения;Автомобильный транспорт;847.0;;Образуемый земельный участок расположен в границах зоны размещения объекта.Способ образования - путем раздела исходного земельного участка с кадастровым номером 90:11:130701:1249, при этом земельный участок, раздел которого осуществлен, сохраняется в измененных границах (измененный земельный участок).
1;14;59;98(2);1-4;90:11:130701:1249;Республика Крым, Сакский р-н, Лесновский с/с, уч 48;1000.0;Земли сельскохозяйственно го назначения;Ведения дачного хозяйства;Земли сельскохозяйственного назначения;Ведения дачного хозяйства;153.0;;Земельный участок, раздел которого осуществлен с сохранением земельного участка в измененных границах. Расположен за границами зоны размещения объекта.
1;14;60;99(1);1-4;90:11:130701:1253:ЗУ1;Республика Крым, Сакский р-н, Лесновский с/с;1000.0;Земли сельскохозяйственно го назначения;Ведения дачного хозяйства;Земли промышленности, энергетики, транспорта, связи, радиовещания, телевидения, информатики, земли для обеспечения космической деятельности, земли обороны, безопасности и земли иного специального назначения;Автомобильный транспорт;915.0;;Образуемый земельный участок расположен в границах зоны размещения объекта.Способ образования - путем раздела исходного земельного участка с кадастровым номером 90:11:130701:1253, при этом земельный участок, раздел которого осуществлен, сохраняется в измененных границах (измененный земельный участок).
1;14;61;99(2);1-4;90:11:130701:1253;Республика Крым, Сакский р-н, Лесновский с/с, уч 53;1000.0;Земли сельскохозяйственно го назначения;Ведения дачного хозяйства;Земли сельскохозяйственного назначения;Ведения дачного хозяйства;85.0;;Земельный участок, раздел которого осуществлен с сохранением земельного участка в измененных границах. Расположен за границами зоны размещения объекта.
1;14;62;100(1);1-4;90:11:130701:1254:ЗУ1;Республика Крым, Сакский р-н, Лесновский с/с;1000.0;Земли сельскохозяйственно го назначения;Ведения дачного хозяйства;Земли промышленности, энергетики, транспорта, связи, радиовещания, телевидения, информатики, земли для обеспечения космической деятельности, земли обороны, безопасности и земли иного специального назначения;Автомобильный транспорт;59.0;;Образуемый земельный участок расположен в границах зоны размещения объекта.Способ образования - путем раздела исходного земельного участка с кадастровым номером 90:11:130701:1254, при этом земельный участок, раздел которого осуществлен, сохраняется в измененных границах (измененный земельный участок).
1;14;63;100(2);1-4;90:11:130701:1254;Республика Крым, Сакский р-н, Лесновский с/с, уч 131;1000.0;Земли сельскохозяйственно го назначения;Ведения дачного хозяйства;Земли сельскохозяйственного назначения;Ведения дачного хозяйства;941.0;;Земельный участок, раздел которого осуществлен с сохранением земельного участка в измененных границах. Расположен за границами зоны размещения объекта.
1;14;64;101(1);1-4;90:11:130701:1255:ЗУ1;Республика Крым, Сакский р-н, Лесновский с/с;1000.0;Земли сельскохозяйственно го назначения;Ведения дачного хозяйства;Земли промышленности, энергетики, транспорта, связи, радиовещания, телевидения, информатики, земли для обеспечения космической деятельности, земли обороны, безопасности и земли иного специального назначения;Автомобильный транспорт;886.0;;Образуемый земельный участок расположен в границах зоны размещения объекта.Способ образования - путем раздела исходного земельного участка с кадастровым номером 90:11:130701:1255, при этом земельный участок, раздел которого осуществлен, сохраняется в измененных границах (измененный земельный участок).
1;14;65;101(2);1-4;90:11:130701:1255;Республика Крым, Сакский р-н, Лесновский с/с, уч 51;1000.0;Земли сельскохозяйственно го назначения;Ведения дачного хозяйства;Земли сельскохозяйственного назначения;Ведения дачного хозяйства;114.0;;Земельный участок, раздел которого осуществлен с сохранением земельного участка в измененных границах. Расположен за границами зоны размещения объекта.
1;14;66;102(1);1-5;90:11:130701:1263:ЗУ1;Российская Федерация, Республика Крым, Сакский муниципальный район, Лесновское сельское поселение, село Прибрежное, улица Дачная;1000.0;Земли сельскохозяйственно го назначения;Ведение садоводства;Земли промышленности, энергетики, транспорта, связи, радиовещания, телевидения, информатики, земли для обеспечения космической деятельности, земли обороны, безопасности и земли иного специального назначения;Автомобильный транспорт;988.0;;Образуемый земельный участок расположен в границах зоны размещения объекта.Способ образования - путем раздела исходного земельного участка с кадастровым номером 90:11:130701:1263, при этом земельный участок, раздел которого осуществлен, сохраняется в измененных границах (измененный земельный участок).
1;15;67;102(2);1-3;90:11:130701:1263;Российская Федерация, Республика Крым, Сакский муниципальный район, Лесновское сельское поселение, село Прибрежное, улица Дачная, земельный участок 35;1000.0;Земли сельскохозяйственно го назначения;Ведение садоводства;Земли сельскохозяйственного назначения;Ведение садоводства;12.0;;Земельный участок, раздел которого осуществлен с сохранением земельного участка в измененных границах. Расположен за границами зоны размещения объекта.
1;15;68;103(1);1-4;90:11:130701:1264ЗУ1;Республика Крым, Сакский р-н, Лесновский с/с;1000.0;Земли сельскохозяйственно го назначения;Ведения дачного хозяйства;Земли промышленности, энергетики, транспорта, связи, радиовещания, телевидения, информатики, земли для обеспечения космической деятельности, земли обороны, безопасности и земли иного специального назначения;Автомобильный транспорт;944.0;;Образуемый земельный участок расположен в границах зоны размещения объекта.Способ образования - путем раздела исходного земельного участка с кадастровым номером 90:11:130701:1264, при этом земельный участок, раздел которого осуществлен, сохраняется в измененных границах (измененный земельный участок).
1;15;69;103(2);1-4;90:11:130701:1264;Республика Крым, Сакский р-н, Лесновский с/с, уч 55;1000.0;Земли сельскохозяйственно го назначения;Ведения дачного хозяйства;Земли сельскохозяйственного назначения;Ведения дачного хозяйства;56.0;;Земельный участок, раздел которого осуществлен с сохранением земельного участка в измененных границах. Расположен за границами зоны размещения объекта.
1;15;70;104(1);1-4;90:11:130701:1267:ЗУ1;Республика Крым, Сакский р-н, Лесновский с/с;1000.0;Земли сельскохозяйственно го назначения;Ведения дачного хозяйства;Земли промышленности, энергетики, транспорта, связи, радиовещания, телевидения, информатики, земли для обеспечения космической деятельности, земли обороны, безопасности и земли иного специального назначения;Автомобильный транспорт;929.0;;Образуемый земельный участок расположен в границах зоны размещения объекта.Способ образования - путем раздела исходного земельного участка с кадастровым номером 90:11:130701:1267, при этом земельный участок, раздел которого осуществлен, сохраняется в измененных границах (измененный земельный участок).
1;15;71;104(2);1-4;90:11:130701:1267;Республика Крым, Сакский р-н, Лесновский с/с, уч 54;1000.0;Земли сельскохозяйственно го назначения;Ведения дачного хозяйства;Земли сельскохозяйственного назначения;Ведения дачного хозяйства;71.0;;Земельный участок, раздел которого осуществлен с сохранением земельного участка в измененных границах. Расположен за границами зоны размещения объекта.
1;15;72;105(1);1-4;90:11:130701:1268:ЗУ1;Республика Крым, Сакский р-н, Лесновский с/с;1000.0;Земли сельскохозяйственно го назначения;Ведения дачного хозяйства;Земли промышленности, энергетики, транспорта, связи, радиовещания, телевидения, информатики, земли для обеспечения космической деятельности, земли обороны, безопасности и земли иного специального назначения;Автомобильный транспорт;59.0;;Образуемый земельный участок расположен в границах зоны размещения объекта.Способ образования - путем раздела исходного земельного участка с кадастровым номером 90:11:130701:1268, при этом земельный участок, раздел которого осуществлен, сохраняется в измененных границах (измененный земельный участок).
1;15;73;105(2);1-4;90:11:130701:1268;Республика Крым, Сакский р-н, Лесновский с/с, уч 130;1000.0;Земли сельскохозяйственно го назначения;Ведения дачного хозяйства;Земли сельскохозяйственного назначения;Ведения дачного хозяйства;941.0;;Земельный участок, раздел которого осуществлен с сохранением земельного участка в измененных границах. Расположен за границами зоны размещения объекта.
1;15;74;106(1);1-4;90:11:130701:1269:ЗУ1;Республика Крым, Сакский р-н, Лесновское сельское поселение, Прибрежное село, Дачная улица;1000.0;Земли сельскохозяйственно го назначения;Ведение садоводства;Земли промышленности, энергетики, транспорта, связи, радиовещания, телевидения, информатики, земли для обеспечения космической деятельности, земли обороны, безопасности и земли иного специального назначения;Автомобильный транспорт;869.0;;Образуемый земельный участок расположен в границах зоны размещения объекта.Способ образования - путем раздела исходного земельного участка с кадастровым номером 90:11:130701:1269, при этом земельный участок, раздел которого осуществлен, сохраняется в измененных границах (измененный земельный участок).
1;15;75;106(2);1-4;90:11:130701:1269;Республика Крым, Сакский р-н, Лесновское сельское поселение, Прибрежное село, Дачная улица, уч 37;1000.0;Земли сельскохозяйственно го назначения;Ведение садоводства;Земли сельскохозяйственного назначения;Ведение садоводства;131.0;;Земельный участок, раздел которого осуществлен с сохранением земельного участка в измененных границах. Расположен за границами зоны размещения объекта.
1;15;76;107(1);1-5;90:11:130701:1270:ЗУ1;Республика Крым, Сакский муниципальный район, Лесновское сельское поселение, Прибрежное село, Дачная улица;1000.0;Земли сельскохозяйственно го назначения;Ведение садоводства;Земли промышленности, энергетики, транспорта, связи, радиовещания, телевидения, информатики, земли для обеспечения космической деятельности, земли обороны, безопасности и земли иного специального назначения;Автомобильный транспорт;731.0;;Образуемый земельный участок расположен в границах зоны размещения объекта.Способ образования - путем раздела исходного земельного участка с кадастровым номером 90:11:130701:1270, при этом земельный участок, раздел которого осуществлен, сохраняется в измененных границах (измененный земельный участок).
1;15;77;107(2);1-5;90:11:130701:1270;Республика Крым, Сакский муниципальный район, Лесновское сельское поселение, Прибрежное село, Дачная улица, земельный участок 39;1000.0;Земли сельскохозяйственно го назначения;Ведение садоводства;Земли сельскохозяйственного назначения;Ведение садоводства;269.0;;Земельный участок, раздел которого осуществлен с сохранением земельного участка в измененных границах. Расположен за границами зоны размещения объекта.
1;16;78;108(1);1-4;90:11:130701:1303:ЗУ1;Российская Федерация, Республика Крым, Сакский муниципальный район, Лесновское сельское поселение, село Прибрежное, улица Дачная;1000.0;Земли сельскохозяйственно го назначения;Ведение садоводства;Земли промышленности, энергетики, транспорта, связи, радиовещания, телевидения, информатики, земли для обеспечения космической деятельности, земли обороны, безопасности и земли иного специального назначения;Автомобильный транспорт;362.0;;Образуемый земельный участок расположен в границах зоны размещения объекта.Способ образования - путем раздела исходного земельного участка с кадастровым номером 90:11:130701:1303, при этом земельный участок, раздел которого осуществлен, сохраняется в измененных границах (измененный земельный участок).
1;16;79;108(2);1-4;90:11:130701:1303;Российская Федерация, Республика Крым, Сакский муниципальный район, Лесновское сельское поселение, село Прибрежное, улица Дачная, земельный участок 88;1000.0;Земли сельскохозяйственно го назначения;Ведение садоводства;Земли сельскохозяйственного назначения;Ведение садоводства;638.0;;Земельный участок, раздел которого осуществлен с сохранением земельного участка в измененных границах. Расположен за границами зоны размещения объекта.
1;16;80;111(1);1-5;90:11:130701:132:ЗУ1;Республика Крым, Сакский район, Лесновский сельский совет, за границами населенного пункта;10000.0;Земли сельскохозяйственно го назначения;Ведения личного подсобного хозяйства на полевых участках;Земли промышленности, энергетики, транспорта, связи, радиовещания, телевидения, информатики, земли для обеспечения космической деятельности, земли обороны, безопасности и земли иного специального назначения;Автомобильный транспорт;4655.0;;Образуемый земельный участок расположен в границах зоны размещения объекта.Способ образования - путем раздела исходного земельного участка с кадастровым номером 90:11:130701:132, при этом земельный участок, раздел которого осуществлен, сохраняется в измененных границах (измененный земельный участок).
1;16;81;111(2);1-5;90:11:130701:132:ЗУ2;Республика Крым, Сакский район, Лесновский сельский совет, за границами населенного пункта;10000.0;Земли сельскохозяйственно го назначения;Ведения личного подсобного хозяйства на полевых участках;Земли сельскохозяйственного назначения;Ведения личного подсобного хозяйства на полевых участках;230.0;;Образуемый земельный участок расположен за границами зоны размещения объекта.Способ образования - путем раздела исходного земельного участка с кадастровым номером 90:11:130701:132, при этом земельный участок, раздел которого осуществлен, сохраняется в измененных границах (измененный земельный участок).
1;16;82;111(3);1-5;90:11:130701:132;Республика Крым, Сакский район, Лесновский сельский совет, за границами населенного пункта, земельный участок № 14;10000.0;Земли сельскохозяйственно го назначения;Ведения личного подсобного хозяйства на полевых участках;Земли сельскохозяйственного назначения;Ведения личного подсобного хозяйства на полевых участках;5115.0;;Земельный участок, раздел которого осуществлен с сохранением земельного участка в измененных границах. Расположен за границами зоны размещения объекта.
1;16;83;112(1);1-4;90:11:130701:1330:ЗУ1;Республика Крым, Сакский р-н, Лесновский с/с;1000.0;Земли сельскохозяйственно го назначения;Ведения дачного хозяйства;Земли промышленности, энергетики, транспорта, связи, радиовещания, телевидения, информатики, земли для обеспечения космической деятельности, земли обороны, безопасности и земли иного специального назначения;Автомобильный транспорт;860.0;;Образуемый земельный участок расположен в границах зоны размещения объекта.Способ образования - путем раздела исходного земельного участка с кадастровым номером 90:11:130701:1330, при этом земельный участок, раздел которого осуществлен, сохраняется в измененных границах (измененный земельный участок).
1;16;84;112(2);1-4;90:11:130701:1330;Республика Крым, Сакский р-н, Лесновский с/с, уч 49;1000.0;Земли сельскохозяйственно го назначения;Ведения дачного хозяйства;Земли сельскохозяйственного назначения;Ведения дачного хозяйства;140.0;;Земельный участок, раздел которого осуществлен с сохранением земельного участка в измененных границах. Расположен за границами зоны размещения объекта.
1;16;85;113(1);1-4;90:11:130701:134:ЗУ1;Республика Крым, р-н Сакский, с/с Лесновский;897.0;Земли сельскохозяйственно го назначения;Размещение дачных домов и садовых домов;Земли промышленности, энергетики, транспорта, связи, радиовещания, телевидения, информатики, земли для обеспечения космической деятельности, земли обороны, безопасности и земли иного специального назначения;Автомобильный транспорт;411.0;;Образуемый земельный участок расположен в границах зоны размещения объекта.Способ образования - путем раздела исходного земельного участка с кадастровым номером 90:11:130701:134, при этом земельный участок, раздел которого осуществлен, сохраняется в измененных границах (измененный земельный участок).
1;16;86;113(2);1-4;90:11:130701:134;Республика Крым, р-н Сакский, с/с Лесновский;897.0;Земли сельскохозяйственно го назначения;Размещение дачных домов и садовых домов;Земли сельскохозяйственного назначения;Размещение дачных домов и садовых домов;486.0;;Земельный участок, раздел которого осуществлен с сохранением земельного участка в измененных границах. Расположен за границами зоны размещения объекта.
1;16;87;115(1);1-4;90:11:130701:147:ЗУ1;Российская Федерация, Республика Крым,Сакский муниципальный район, Лесновское сельское поселение, село Прибрежное, улица Дачная;1000.0;Земли сельскохозяйственно го назначения;Ведение садоводства;Земли промышленности, энергетики, транспорта, связи, радиовещания, телевидения, информатики, земли для обеспечения космической деятельности, земли обороны, безопасности и земли иного специального назначения;Автомобильный транспорт;73.0;;Образуемый земельный участок расположен в границах зоны размещения объекта.Способ образования - путем раздела исходного земельного участка с кадастровым номером 90:11:130701:147, при этом земельный участок, раздел которого осуществлен, сохраняется в измененных границах (измененный земельный участок).
1;17;88;115(2);1-4;90:11:130701:147;Российская Федерация, Республика Крым,Сакский муниципальный район, Лесновское сельское поселение, село Прибрежное, улица Дачная, земельный участок 102;1000.0;Земли сельскохозяйственно го назначения;Ведение садоводства;Земли сельскохозяйственного назначения;Ведение садоводства;927.0;;Земельный участок, раздел которого осуществлен с сохранением земельного участка в измененных границах. Расположен за границами зоны размещения объекта.
1;17;89;118(1);1-4;90:11:130701:172:ЗУ1;Российская Федерация, Республика Крым, Сакский муниципальный район, Лесновское сельское поселение, с. Прибрежное, улица Дачная;1000.0;Земли сельскохозяйственно го назначения;Ведение садоводства;Земли промышленности, энергетики, транспорта, связи, радиовещания, телевидения, информатики, земли для обеспечения космической деятельности, земли обороны, безопасности и земли иного специального назначения;Автомобильный транспорт;73.0;;Образуемый земельный участок расположен в границах зоны размещения объекта.Способ образования - путем раздела исходного земельного участка с кадастровым номером 90:11:130701:172, при этом земельный участок, раздел которого осуществлен, сохраняется в измененных границах (измененный земельный участок).
1;17;90;118(2);1-4;90:11:130701:172;Российская Федерация, Республика Крым, Сакский муниципальный район, Лесновское сельское поселение, с. Прибрежное, улица Дачная, земельный участок 100;1000.0;Земли сельскохозяйственно го назначения;Ведение садоводства;Земли сельскохозяйственного назначения;Ведение садоводства;927.0;;Земельный участок, раздел которого осуществлен с сохранением земельного участка в измененных границах. Расположен за границами зоны размещения объекта.
1;17;91;120(1);1-3;90:11:130701:177:ЗУ1;Республика Крым, Сакский район, на территории Лесновского сельского совета;1000.0;Земли сельскохозяйственно го назначения;Размещение дачных домов и садовых домов;Земли промышленности, энергетики, транспорта, связи, радиовещания, телевидения, информатики, земли для обеспечения космической деятельности, земли обороны, безопасности и земли иного специального назначения;Автомобильный транспорт;18.0;;Образуемый земельный участок расположен в границах зоны размещения объекта.Способ образования - путем раздела исходного земельного участка с кадастровым номером 90:11:130701:177, при этом земельный участок, раздел которого осуществлен, сохраняется в измененных границах (измененный земельный участок).
1;17;92;120(2);1-4;90:11:130701:177;Республика Крым, Сакский район, на территории Лесновского сельского совета, индивидуальный участок №18;1000.0;Земли сельскохозяйственно го назначения;Размещение дачных домов и садовых домов;Земли сельскохозяйственного назначения;Размещение дачных домов и садовых домов;982.0;;Земельный участок, раздел которого осуществлен с сохранением земельного участка в измененных границах. Расположен за границами зоны размещения объекта.
1;17;93;122(1);1-4;90:11:130701:1898:ЗУ1;Республика Крым, р-н Сакский, Лесновский сельский совет, за границами населенных пунктов;1000.0;Земли сельскохозяйственно го назначения;Сельскохозяйственное использование;Земли промышленности, энергетики, транспорта, связи, радиовещания, телевидения, информатики, земли для обеспечения космической деятельности, земли обороны, безопасности и земли иного специального назначения;Автомобильный транспорт;913.0;;Образуемый земельный участок расположен в границах зоны размещения объекта.Способ образования - путем раздела исходного земельного участка с кадастровым номером 90:11:130701:1898, при этом земельный участок, раздел которого осуществлен, сохраняется в измененных границах (измененный земельный участок).
1;17;94;122(2);1-4;90:11:130701:1898;Республика Крым, р-н Сакский, Лесновский сельский совет, за границами населенных пунктов;1000.0;Земли сельскохозяйственно го назначения;Сельскохозяйственное использование;Земли сельскохозяйственного назначения;Сельскохозяйственное использование;87.0;;Земельный участок, раздел которого осуществлен с сохранением земельного участка в измененных границах. Расположен за границами зоны размещения объекта.
1;17;95;124(1);1-4;90:11:130701:1900:ЗУ1;Республика Крым, р-н Сакский, Лесновский сельский совет, за границами населенных пунктов;1000.0;Земли сельскохозяйственно го назначения;Сельскохозяйственное использование;Земли промышленности, энергетики, транспорта, связи, радиовещания, телевидения, информатики, земли для обеспечения космической деятельности, земли обороны, безопасности и земли иного специального назначения;Автомобильный транспорт;865.0;;Образуемый земельный участок расположен в границах зоны размещения объекта.Способ образования - путем раздела исходного земельного участка с кадастровым номером 90:11:130701:1900, при этом земельный участок, раздел которого осуществлен, сохраняется в измененных границах (измененный земельный участок).
1;17;96;124(2);1-4;90:11:130701:1900;Республика Крым, р-н Сакский, Лесновский сельский совет, за границами населенных пунктов;1000.0;Земли сельскохозяйственно го назначения;Сельскохозяйственное использование;Земли сельскохозяйственного назначения;Сельскохозяйственное использование;135.0;;Земельный участок, раздел которого осуществлен с сохранением земельного участка в измененных границах. Расположен за границами зоны размещения объекта.
1;17;97;125(1);1-5;90:11:130701:1901:ЗУ1;Республика Крым, р-н Сакский, Лесновский сельский совет, за границами населенных пунктов;1000.0;Земли сельскохозяйственно го назначения;Сельскохозяйственное использование;Земли промышленности, энергетики, транспорта, связи, радиовещания, телевидения, информатики, земли для обеспечения космической деятельности, земли обороны, безопасности и земли иного специального назначения;Автомобильный транспорт;887.0;;Образуемый земельный участок расположен в границах зоны размещения объекта.Способ образования - путем раздела исходного земельного участка с кадастровым номером 90:11:130701:1901, при этом земельный участок, раздел которого осуществлен, сохраняется в измененных границах (измененный земельный участок).
1;17;98;125(2);1-5;90:11:130701:1901;Республика Крым, р-н Сакский, Лесновский сельский совет, за границами населенных пунктов;1000.0;Земли сельскохозяйственно го назначения;Сельскохозяйственное использование;Земли сельскохозяйственного назначения;Сельскохозяйственное использование;113.0;;Земельный участок, раздел которого осуществлен с сохранением земельного участка в измененных границах. Расположен за границами зоны размещения объекта. 17
1;18;99;126(1);1-4;90:11:130701:1902:ЗУ1;Республика Крым, р-н Сакский, Лесновский сельский совет, за границами населенных пунктов;1000.0;Земли сельскохозяйственно го назначения;Сельскохозяйственное использование;Земли промышленности, энергетики, транспорта, связи, радиовещания, телевидения, информатики, земли для обеспечения космической деятельности, земли обороны, безопасности и земли иного специального назначения;Автомобильный транспорт;876.0;;Образуемый земельный участок расположен в границах зоны размещения объекта.Способ образования - путем раздела исходного земельного участка с кадастровым номером 90:11:130701:1902, при этом земельный участок, раздел которого осуществлен, сохраняется в измененных границах (измененный земельный участок).
1;18;100;126(2);1-4;90:11:130701:1902;Республика Крым, р-н Сакский, Лесновский сельский совет, за границами населенных пунктов;1000.0;Земли сельскохозяйственно го назначения;Сельскохозяйственное использование;Земли сельскохозяйственного назначения;Сельскохозяйственное использование;124.0;;Земельный участок, раздел которого осуществлен с сохранением земельного участка в измененных границах. Расположен за границами зоны размещения объекта.
1;18;101;127(1);1-4;90:11:130701:1903:ЗУ1;Республика Крым, р-н Сакский, Лесновский сельский совет, за границами населенных пунктов;1000.0;Земли сельскохозяйственно го назначения;Сельскохозяйственное использование;Земли промышленности, энергетики, транспорта, связи, радиовещания, телевидения, информатики, земли для обеспечения космической деятельности, земли обороны, безопасности и земли иного специального назначения;Автомобильный транспорт;900.0;;Образуемый земельный участок расположен в границах зоны размещения объекта.Способ образования - путем раздела исходного земельного участка с кадастровым номером 90:11:130701:1903, при этом земельный участок, раздел которого осуществлен, сохраняется в измененных границах (измененный земельный участок).
1;18;102;127(2);1-4;90:11:130701:1903;Республика Крым, р-н Сакский, Лесновский сельский совет, за границами населенных пунктов;1000.0;Земли сельскохозяйственно го назначения;Сельскохозяйственное использование;Земли сельскохозяйственного назначения;Сельскохозяйственное использование;100.0;;Земельный участок, раздел которого осуществлен с сохранением земельного участка в измененных границах. Расположен за границами зоны размещения объекта.
1;18;103;158(1);1-5;90:11:130701:2666:ЗУ1;Республика Крым, Сакский р-н, Лесновский с/с, уч 6, за пределами населенного пункта;736.0;Земли сельскохозяйственно го назначения;Ведение личного подсобного хозяйства на полевых участках;Земли промышленности, энергетики, транспорта, связи, радиовещания, телевидения, информатики, земли для обеспечения космической деятельности, земли обороны, безопасности и земли иного специального назначения;Автомобильный транспорт;368.0;;Образуемый земельный участок расположен в границах зоны размещения объекта.Способ образования - путем раздела исходного земельного участка с кадастровым номером 90:11:130701:2666, при этом земельный участок, раздел которого осуществлен, сохраняется в измененных границах (измененный земельный участок).
1;18;104;158(2);1-5;90:11:130701:2666;Республика Крым, Сакский р-н, Лесновский с/с, уч 6, за пределами населенного пункта;736.0;Земли сельскохозяйственно го назначения;Ведение личного подсобного хозяйства на полевых участках;Земли сельскохозяйственного назначения;Ведение личного подсобного хозяйства на полевых участках;368.0;;Земельный участок, раздел которого осуществлен с сохранением земельного участка в измененных границах. Расположен за границами зоны размещения объекта.
1;18;105;159(1);1-6;90:11:130701:2667:ЗУ1;Республика Крым, Сакский р-н, Лесновский с/с, уч 6, за пределами населенного пункта;760.0;Земли сельскохозяйственно го назначения;Ведение личного подсобного хозяйства на полевых участках;Земли промышленности, энергетики, транспорта, связи, радиовещания, телевидения, информатики, земли для обеспечения космической деятельности, земли обороны, безопасности и земли иного специального назначения;Автомобильный транспорт;380.0;;Образуемый земельный участок расположен в границах зоны размещения объекта.Способ образования - путем раздела исходного земельного участка с кадастровым номером 90:11:130701:2667, при этом земельный участок, раздел которого осуществлен, сохраняется в измененных границах (измененный земельный участок).
1;18;106;159(2);1-6;90:11:130701:2667;Республика Крым, Сакский р-н, Лесновский с/с, уч 6, за пределами населенного пункта;760.0;Земли сельскохозяйственно го назначения;Ведение личного подсобного хозяйства на полевых участках;Земли сельскохозяйственного назначения;Ведение личного подсобного хозяйства на полевых участках;380.0;;Земельный участок, раздел которого осуществлен с сохранением земельного участка в измененных границах. Расположен за границами зоны размещения объекта.
1;18;107;163(1);1-3;90:11:130701:286:ЗУ1;Российская Федерация, Республика Крым, Сакский муниципальный район, Лесновское сельское поселение, с. Прибрежное, ул. Дачная;1000.0;Земли сельскохозяйственно го назначения;Размещение дачных домов и садовых домов;Земли промышленности, энергетики, транспорта, связи, радиовещания, телевидения, информатики, земли для обеспечения космической деятельности, земли обороны, безопасности и земли иного специального назначения;Автомобильный транспорт;111.0;;Образуемый земельный участок расположен в границах зоны размещения объекта.Способ образования - путем раздела исходного земельного участка с кадастровым номером 90:11:130701:286, при этом земельный участок, раздел которого осуществлен, сохраняется в измененных границах (измененный земельный участок).
1;18;108;163(2);1-5;90:11:130701:286;Российская Федерация, Республика Крым, Сакский муниципальный район, Лесновское сельское поселение, с. Прибрежное, ул. Дачная, земельный участок №165;1000.0;Земли сельскохозяйственно го назначения;Размещение дачных домов и садовых домов;Земли сельскохозяйственного назначения;Размещение дачных домов и садовых домов;889.0;;Земельный участок, раздел которого осуществлен с сохранением земельного участка в измененных границах. Расположен за границами зоны размещения объекта.
1;18;109;164(1);1-4;90:11:130701:32:ЗУ1;Республика Крым, Сакский район, на территории Лесновского сельского совета;1000.0;Земли сельскохозяйственно го назначения;Размещение дачных домов и садовых домов;Земли промышленности, энергетики, транспорта, связи, радиовещания, телевидения, информатики, земли для обеспечения космической деятельности, земли обороны, безопасности и земли иного специального назначения;Автомобильный транспорт;91.0;;Образуемый земельный участок расположен в границах зоны размещения объекта.Способ образования - путем раздела исходного земельного участка с кадастровым номером 90:11:130701:32, при этом земельный участок, раздел которого осуществлен, сохраняется в измененных границах (измененный земельный участок).
1;19;110;164(2);1-4;90:11:130701:32;Республика Крым, Сакский район, на территории Лесновского сельского совета, индивидуальный участок № 176;1000.0;Земли сельскохозяйственно го назначения;Размещение дачных домов и садовых домов;Земли сельскохозяйственного назначения;Размещение дачных домов и садовых домов;909.0;;Земельный участок, раздел которого осуществлен с сохранением земельного участка в измененных границах. Расположен за границами зоны размещения объекта.
1;19;111;165(1);1-4;90:11:130701:346:ЗУ1;Российская Федерация, Республика Крым, Сакский муниципальный район, Лесновское сельское поселение, село Прибрежное, улица Дачная;1000.0;Земли сельскохозяйственно го назначения;Размещение дачных домов и садовых домов;Земли промышленности, энергетики, транспорта, связи, радиовещания, телевидения, информатики, земли для обеспечения космической деятельности, земли обороны, безопасности и земли иного специального назначения;Автомобильный транспорт;787.0;;Образуемый земельный участок расположен в границах зоны размещения объекта.Способ образования - путем раздела исходного земельного участка с кадастровым номером 90:11:130701:346, при этом земельный участок, раздел которого осуществлен, сохраняется в измененных границах (измененный земельный участок).
1;19;112;165(2);1-4;90:11:130701:346;Российская Федерация, Республика Крым, Сакский муниципальный район, Лесновское сельское поселение, село Прибрежное, улица Дачная, земельный участок 82;1000.0;Земли сельскохозяйственно го назначения;Размещение дачных домов и садовых домов;Земли сельскохозяйственного назначения;Размещение дачных домов и садовых домов;213.0;;Земельный участок, раздел которого осуществлен с сохранением земельного участка в измененных границах. Расположен за границами зоны размещения объекта.
1;19;113;166(1);1-4;90:11:130701:347:ЗУ1;Республика Крым, муниципальный район Сакский, сельское поселение Лесновское, село Прибрежное, улица Дачная;1000.0;Земли сельскохозяйственно го назначения;Размещение дачных домов и садовых домов;Земли промышленности, энергетики, транспорта, связи, радиовещания, телевидения, информатики, земли для обеспечения космической деятельности, земли обороны, безопасности и земли иного специального назначения;Автомобильный транспорт;812.0;;Образуемый земельный участок расположен в границах зоны размещения объекта.Способ образования - путем раздела исходного земельного участка с кадастровым номером 90:11:130701:347, при этом земельный участок, раздел которого осуществлен, сохраняется в измененных границах (измененный земельный участок).
1;19;114;166(2);1-4;90:11:130701:347;Республика Крым, муниципальный район Сакский, сельское поселение Лесновское, село Прибрежное, улица Дачная, земельный участок 80;1000.0;Земли сельскохозяйственно го назначения;Размещение дачных домов и садовых домов;Земли сельскохозяйственного назначения;Размещение дачных домов и садовых домов;188.0;;Земельный участок, раздел которого осуществлен с сохранением земельного участка в измененных границах. Расположен за границами зоны размещения объекта.
1;19;115;167(1);1-4;90:11:130701:40:ЗУ1;Республика Крым, Сакский район, на территории Лесновского сельского совета;1000.0;Земли сельскохозяйственно го назначения;Размещение дачных домов и садовых домов;Земли промышленности, энергетики, транспорта, связи, радиовещания, телевидения, информатики, земли для обеспечения космической деятельности, земли обороны, безопасности и земли иного специального назначения;Автомобильный транспорт;45.0;;Образуемый земельный участок расположен в границах зоны размещения объекта.Способ образования - путем раздела исходного земельного участка с кадастровым номером 90:11:130701:40, при этом земельный участок, раздел которого осуществлен, сохраняется в измененных границах (измененный земельный участок).
1;19;116;167(2);1-4;90:11:130701:40;Республика Крым, Сакский район, на территории Лесновского сельского совета, индивидуальный участок № 20;1000.0;Земли сельскохозяйственно го назначения;Размещение дачных домов и садовых домов;Земли сельскохозяйственного назначения;Размещение дачных домов и садовых домов;955.0;;Земельный участок, раздел которого осуществлен с сохранением земельного участка в измененных границах. Расположен за границами зоны размещения объекта.
1;19;117;168(1);1-4;90:11:130701:41:ЗУ1;Республика Крым, р-н Сакский, на территории Лесновского сельского совета;1000.0;Земли сельскохозяйственно го назначения;Размещение дачных домов и садовых домов;Земли промышленности, энергетики, транспорта, связи, радиовещания, телевидения, информатики, земли для обеспечения космической деятельности, земли обороны, безопасности и земли иного специального назначения;Автомобильный транспорт;63.0;;Образуемый земельный участок расположен в границах зоны размещения объекта.Способ образования - путем раздела исходного земельного участка с кадастровым номером 90:11:130701:41, при этом земельный участок, раздел которого осуществлен, сохраняется в измененных границах (измененный земельный участок).
1;19;118;168(2);1-4;90:11:130701:41;Республика Крым, р-н Сакский, на территории Лесновского сельского совета, индивидуальный участок № 22;1000.0;Земли сельскохозяйственно го назначения;Размещение дачных домов и садовых домов;Земли сельскохозяйственного назначения;Размещение дачных домов и садовых домов;937.0;;Земельный участок, раздел которого осуществлен с сохранением земельного участка в измененных границах. Расположен за границами зоны размещения объекта.
1;19;119;169(1);1-4;90:11:130701:438:ЗУ1;Республика Крым, м. р-н Сакский, с.п. Лесновское, с Прибрежное, ул Дачная;1000.0;Земли сельскохозяйственно го назначения;Размещение дачных домов и садовых домов;Земли промышленности, энергетики, транспорта, связи, радиовещания, телевидения, информатики, земли для обеспечения космической деятельности, земли обороны, безопасности и земли иного специального назначения;Автомобильный транспорт;73.0;;Образуемый земельный участок расположен в границах зоны размещения объекта.Способ образования - путем раздела исходного земельного участка с кадастровым номером 90:11:130701:438, при этом земельный участок, раздел которого осуществлен, сохраняется в измененных границах (измененный земельный участок).
1;20;120;169(2);1-4;90:11:130701:438;Республика Крым, м. р-н Сакский, с.п. Лесновское, с Прибрежное, ул Дачная, з/у 104;1000.0;Земли сельскохозяйственно го назначения;Размещение дачных домов и садовых домов;Земли сельскохозяйственного назначения;Размещение дачных домов и садовых домов;927.0;;Земельный участок, раздел которого осуществлен с сохранением земельного участка в измененных границах. Расположен за границами зоны размещения объекта.
1;20;121;170(1);1-4;90:11:130701:439:ЗУ1;Российская Федерация, Республика Крым, Сакский муниципальный район, Лесновское сельское поселение, с. Прибрежное, ул. Дачная;1000.0;Земли сельскохозяйственно го назначения;Размещение дачных домов и садовых домов;Земли промышленности, энергетики, транспорта, связи, радиовещания, телевидения, информатики, земли для обеспечения космической деятельности, земли обороны, безопасности и земли иного специального назначения;Автомобильный транспорт;72.0;;Образуемый земельный участок расположен в границах зоны размещения объекта.Способ образования - путем раздела исходного земельного участка с кадастровым номером 90:11:130701:439, при этом земельный участок, раздел которого осуществлен, сохраняется в измененных границах (измененный земельный участок).
1;20;122;170(2);1-4;90:11:130701:439;Российская Федерация, Республика Крым, Сакский муниципальный район, Лесновское сельское поселение, с. Прибрежное, ул. Дачная, земельный участок 106;1000.0;Земли сельскохозяйственно го назначения;Размещение дачных домов и садовых домов;Земли сельскохозяйственного назначения;Размещение дачных домов и садовых домов;928.0;;Земельный участок, раздел которого осуществлен с сохранением земельного участка в измененных границах. Расположен за границами зоны размещения объекта.
1;20;123;171(1);1-4;90:11:130701:50:ЗУ1;Республика Крым, р-н Сакский, Лесновский сельский совет, за границами населенного пункта;897.0;Земли сельскохозяйственно го назначения;Размещение дачных домов и садовых домов;Земли промышленности, энергетики, транспорта, связи, радиовещания, телевидения, информатики, земли для обеспечения космической деятельности, земли обороны, безопасности и земли иного специального назначения;Автомобильный транспорт;349.0;;Образуемый земельный участок расположен в границах зоны размещения объекта.Способ образования - путем раздела исходного земельного участка с кадастровым номером 90:11:130701:50, при этом земельный участок, раздел которого осуществлен, сохраняется в измененных границах (измененный земельный участок).
1;20;124;171(2);1-5;90:11:130701:50;Республика Крым, р-н Сакский, Лесновский сельский совет, за границами населенного пункта;897.0;Земли сельскохозяйственно го назначения;Размещение дачных домов и садовых домов;Земли сельскохозяйственного назначения;Размещение дачных домов и садовых домов;548.0;;Земельный участок, раздел которого осуществлен с сохранением земельного участка в измененных границах. Расположен за границами зоны размещения объекта.
1;20;125;172(1);1-5;90:11:130701:509:ЗУ1;Республика Крым, Сакский р-н, Лесновский сельский совет, Прибрежное село, Дачная улица;1000.0;Земли сельскохозяйственно го назначения;Ведение дачного хозяйства;Земли промышленности, энергетики, транспорта, связи, радиовещания, телевидения, информатики, земли для обеспечения космической деятельности, земли обороны, безопасности и земли иного специального назначения;Автомобильный транспорт;919.0;;Образуемый земельный участок расположен в границах зоны размещения объекта.Способ образования - путем раздела исходного земельного участка с кадастровым номером 90:11:130701:509, при этом земельный участок, раздел которого осуществлен, сохраняется в измененных границах (измененный земельный участок).
1;20;126;172(2);1-5;90:11:130701:509;Республика Крым, Сакский р-н, Лесновский сельский совет, Прибрежное село, Дачная улица, земельный участок 40;1000.0;Земли сельскохозяйственно го назначения;Ведение дачного хозяйства;Земли сельскохозяйственного назначения;Ведение дачного хозяйства;81.0;;Земельный участок, раздел которого осуществлен с сохранением земельного участка в измененных границах. Расположен за границами зоны размещения объекта.
1;20;127;173(1);1-6;90:11:130701:54:ЗУ1;Республика Крым, Сакского района, на территории Лесновского сельского совета;1000.0;Земли сельскохозяйственно го назначения;Размещение дачных домов и садовых домов;Земли промышленности, энергетики, транспорта, связи, радиовещания, телевидения, информатики, земли для обеспечения космической деятельности, земли обороны, безопасности и земли иного специального назначения;Автомобильный транспорт;304.0;;Образуемый земельный участок расположен в границах зоны размещения объекта.Способ образования - путем раздела исходного земельного участка с кадастровым номером 90:11:130701:54, при этом земельный участок, раздел которого осуществлен, сохраняется в измененных границах (измененный земельный участок).
1;20;128;173(2);1-6;90:11:130701:54;Республика Крым, Сакского района, на территории Лесновского сельского совета, индивидуальный участок № 133;1000.0;Земли сельскохозяйственно го назначения;Размещение дачных домов и садовых домов;Земли сельскохозяйственного назначения;Размещение дачных домов и садовых домов;696.0;;Земельный участок, раздел которого осуществлен с сохранением земельного участка в измененных границах. Расположен за границами зоны размещения объекта.
1;20;129;174(1);1-4;90:11:130701:600:ЗУ;Республика Крым, Сакский район, на территории Лесновского сельского совета;1000.0;Земли сельскохозяйственно го назначения;Ведение дачного хозяйства;Земли промышленности, энергетики, транспорта, связи, радиовещания, телевидения, информатики, земли для обеспечения космической деятельности, земли обороны, безопасности и земли иного специального назначения;Автомобильный транспорт;873.0;;Образуемый земельный участок расположен в границах зоны размещения объекта.Способ образования - путем раздела исходного земельного участка с кадастровым номером 90:11:130701:600, при этом земельный участок, раздел которого осуществлен, сохраняется в измененных границах (измененный земельный участок).
1;20;130;174(2);1-4;90:11:130701:600;Республика Крым, Сакский район, на территории Лесновского сельского совета, индивидуальный участок № 50;1000.0;Земли сельскохозяйственно го назначения;Ведение дачного хозяйства;Земли сельскохозяйственного назначения;Ведение дачного хозяйства;127.0;;Земельный участок, раздел которого осуществлен с сохранением земельного участка в измененных границах. Расположен за границами зоны размещения объекта.
1;21;131;175(1);1-4;90:11:130701:634:ЗУ1;Республика Крым, р-н Сакский, на территории Лесновского сельского совета;1000.0;Земли сельскохозяйственно го назначения;Ведение дачного хозяйства;Земли промышленности, энергетики, транспорта, связи, радиовещания, телевидения, информатики, земли для обеспечения космической деятельности, земли обороны, безопасности и земли иного специального назначения;Автомобильный транспорт;900.0;;Образуемый земельный участок расположен в границах зоны размещения объекта.Способ образования - путем раздела исходного земельного участка с кадастровым номером 90:11:130701:634, при этом земельный участок, раздел которого осуществлен, сохраняется в измененных границах (измененный земельный участок).
1;21;132;175(2);1-4;90:11:130701:634;Республика Крым, р-н Сакский, на территории Лесновского сельского совета, индивидуальный участок №52;1000.0;Земли сельскохозяйственно го назначения;Ведение дачного хозяйства;Земли сельскохозяйственного назначения;Ведение дачного хозяйства;100.0;;Земельный участок, раздел которого осуществлен с сохранением земельного участка в измененных границах. Расположен за границами зоны размещения объекта.
1;21;133;176(1);1-7;90:11:130701:728:ЗУ1;Республика Крым, Сакский р-н, Лесновский с/с;1000.0;Земли сельскохозяйственно го назначения;Ведение дачного хозяйства;Земли промышленности, энергетики, транспорта, связи, радиовещания, телевидения, информатики, земли для обеспечения космической деятельности, земли обороны, безопасности и земли иного специального назначения;Автомобильный транспорт;426.0;;Образуемый земельный участок расположен в границах зоны размещения объекта.Способ образования - путем раздела исходного земельного участка с кадастровым номером 90:11:130701:728, при этом земельный участок, раздел которого осуществлен, сохраняется в измененных границах (измененный земельный участок).
1;21;134;176(2);1-7;90:11:130701:728;Республика Крым, Сакский р-н, Лесновский с/с, уч 137;1000.0;Земли сельскохозяйственно го назначения;Ведение дачного хозяйства;Земли сельскохозяйственного назначения;Ведение дачного хозяйства;574.0;;Земельный участок, раздел которого осуществлен с сохранением земельного участка в измененных границах. Расположен за границами зоны размещения объекта.
1;21;135;177(1);1-5;90:11:130701:73:ЗУ1;Республика Крым, р-н Сакский, Лесновский сельский совет, за границами населенного пункта;897.0;Земли сельскохозяйственно го назначения;Размещение дачных домов и садовых домов;Земли промышленности, энергетики, транспорта, связи, радиовещания, телевидения, информатики, земли для обеспечения космической деятельности, земли обороны, безопасности и земли иного специального назначения;Автомобильный транспорт;287.0;;Образуемый земельный участок расположен в границах зоны размещения объекта.Способ образования - путем раздела исходного земельного участка с кадастровым номером 90:11:130701:73, при этом земельный участок, раздел которого осуществлен, сохраняется в измененных границах (измененный земельный участок).
1;21;136;177(2);1-5;90:11:130701:73;Республика Крым, р-н Сакский, Лесновский сельский совет, за границами населенного пункта;897.0;Земли сельскохозяйственно го назначения;Размещение дачных домов и садовых домов;Земли сельскохозяйственного назначения;Размещение дачных домов и садовых домов;610.0;;Земельный участок, раздел которого осуществлен с сохранением земельного участка в измененных границах. Расположен за границами зоны размещения объекта.
1;21;137;178(1);1-6;90:11:130701:98:ЗУ1;Республика Крым, на территории Лесновского сельского совета Сакского района;1000.0;Земли сельскохозяйственно го назначения;Размещение дачных домов и садовых домов;Земли промышленности, энергетики, транспорта, связи, радиовещания, телевидения, информатики, земли для обеспечения космической деятельности, земли обороны, безопасности и земли иного специального назначения;Автомобильный транспорт;303.0;;Образуемый земельный участок расположен в границах зоны размещения объекта.Способ образования - путем раздела исходного земельного участка с кадастровым номером 90:11:130701:98, при этом земельный участок, раздел которого осуществлен, сохраняется в измененных границах (измененный земельный участок).
1;21;138;178(2);1-6;90:11:130701:98;Республика Крым, на территории Лесновского сельского совета Сакского района, индивидуальный участок № 135;1000.0;Земли сельскохозяйственно го назначения;Размещение дачных домов и садовых домов;Земли сельскохозяйственного назначения;Размещение дачных домов и садовых домов;697.0;;Земельный участок, раздел которого осуществлен с сохранением земельного участка в измененных границах. Расположен за границами зоны размещения объекта.
1;21;139;179(1);1-7;90:11:220301:545:ЗУ1;Республика Крым, р-н Сакский, на территории Лесновского сельского совета;1000.0;Земли сельскохозяйственно го назначения;Размещение дачных домов и садовых домов;Земли промышленности, энергетики, транспорта, связи, радиовещания, телевидения, информатики, земли для обеспечения космической деятельности, земли обороны, безопасности и земли иного специального назначения;Автомобильный транспорт;352.0;;Образуемый земельный участок расположен в границах зоны размещения объекта.Способ образования - путем раздела исходного земельного участка с кадастровым номером 90:11:220301:545, при этом земельный участок, раздел которого осуществлен, сохраняется в измененных границах (измененный земельный участок).
1;21;140;179(2);1-7;90:11:220301:545;Республика Крым, р-н Сакский, на территории Лесновского сельского совета;1000.0;Земли сельскохозяйственно го назначения;Размещение дачных домов и садовых домов;Земли сельскохозяйственного назначения;Размещение дачных домов и садовых домов;648.0;;Земельный участок, раздел которого осуществлен с сохранением земельного участка в измененных границах. Расположен за границами зоны размещения объекта.
1;21;141;180(1);1-9;90:18:010179:20:ЗУ1;"Республика Крым, г Евпатория, Симферопольское шоссе, между ""Аквапарком"" и развлекательным комплексом ""Солнышко""";171558.0;Земли населенных пунктов;Туристическое обслуживание;Земли населенных пунктов;Земельные участки (территории) общего пользования;10026.0;Территории общего пользования;Образуемый земельный участок расположен в границах зоны размещения объекта.Способ образования - путем раздела исходного земельного участка с кадастровым номером 90:18:010179:20, при этом земельный участок, раздел которого осуществлен, сохраняется в измененных границах (измененный земельный участок).
1;22;142;180(2);1-24;90:18:010179:20;"Республика Крым, г Евпатория, Симферопольское шоссе, между ""Аквапарком"" и развлекательным комплексом ""Солнышко""";171558.0;Земли населенных пунктов;Туристическое обслуживание;Земли населенных пунктов;Туристическое обслуживание;161532.0;;Земельный участок, раздел которого осуществлен с сохранением земельного участка в измененных границах. Расположен за границами зоны размещения объекта.
1;22;143;181(1);1-5;90:18:000000:1449:ЗУ1;Российская Федерация, Российская Федерация, Республика Крым, городской округ Евпатория, г. Евпатория, ул. Симферопольская;3846.0;Земли населенных пунктов;Туристическое обслуживание;Земли населенных пунктов;Земельные участки (территории) общего пользования;379.0;Территории общего пользования;Образуемый земельный участок расположен в границах зоны размещения объекта.Способ образования - путем раздела исходного земельного участка с кадастровым номером 90:18:000000:1449, при этом земельный участок, раздел которого осуществлен, сохраняется в измененных границах (измененный земельный участок).
1;22;144;181(2);1-5;90:18:000000:1449;Российская Федерация, Российская Федерация, Республика Крым, городской округ Евпатория, г. Евпатория, ул. Симферопольская;3846.0;Земли населенных пунктов;Туристическое обслуживание;Земли населенных пунктов;Туристическое обслуживание;3467.0;;Земельный участок, раздел которого осуществлен с сохранением земельного участка в измененных границах. Расположен за границами зоны размещения объекта.
1;22;145;182(1);1-15;90:18:010176:79:ЗУ1;Российская Федерация, Республика Крым, городской округ Евпатория, город Евпатория, улица Симферопольская;10780.0;Земли населенных пунктов;Туристическое обслуживание;Земли населенных пунктов;Земельные участки (территории) общего пользования;1418.0;Территории общего пользования;Образуемый земельный участок расположен в границах зоны размещения объекта.Способ образования - путем раздела исходного земельного участка с кадастровым номером 90:18:010176:79, при этом земельный участок, раздел которого осуществлен, сохраняется в измененных границах (измененный земельный участок).
1;22;146;182(2);1-28;90:18:010176:79;Российская Федерация, Республика Крым, городской округ Евпатория, город Евпатория, улица Симферопольская, земельный участок 2х;10780.0;Земли населенных пунктов;Туристическое обслуживание;Земли населенных пунктов;Туристическое обслуживание;9362.0;;Земельный участок, раздел которого осуществлен с сохранением земельного участка в измененных границах. Расположен за границами зоны размещения объекта.
1;22;147;183(1);1-9 1-17;90:18:000000:1418:ЗУ1;Российская Федерация, Российская Федерация, Республика Крым, городской округ Евпатория, г. Евпатория, ул. Симферопольская;16146.0;Земли населенных пунктов;Туристическое обслуживание;Земли населенных пунктов;Земельные участки (территории) общего пользования;1451.0;Территории общего пользования;Образуемый многоконтурный земельный участок расположен в границах зоны размещения объекта.Способ образования - путем раздела исходного земельного участка с кадастровым номером 90:18:000000:1418, при этом земельный участок, раздел которого осуществлен, сохраняется в измененных границах (измененный земельный участок).
1;22;148;183(2);1-12 1-16;90:18:000000:1418;Российская Федерация, Российская Федерация, Республика Крым, городской округ Евпатория, г. Евпатория, ул. Симферопольская;16146.0;Земли населенных пунктов;Туристическое обслуживание;Земли населенных пунктов;Туристическое обслуживание;14695.0;;Земельный участок, раздел которого осуществлен с сохранением земельного участка в измененных границах (многоконтурный). Расположен за границами зоны размещения объекта.
1;22;149;184(1);1-43;90:18:000000:710:ЗУ1;Республика Крым, г Евпатория, ул Эскадронная;4581.0;Земли населенных пунктов;Железнодорожный транспорт, земельные участки (территории) общего пользования;Земли населенных пунктов;Земельные участки (территории) общего пользования;2366.0;Территории общего пользования;Образуемый земельный участок расположен в границах зоны размещения объекта.Способ образования - путем раздела исходного земельного участка с кадастровым номером 90:18:000000:710, при этом земельный участок, раздел которого осуществлен, сохраняется в измененных границах (измененный земельный участок).
1;22;150;184(2);1-22;90:18:000000:710;Республика Крым, Евпатория г, Эскадронная ул, 4;4581.0;Земли населенных пунктов;Железнодорожный транспорт, земельные участки (территории) общего пользования;Земли населенных пунктов;Железнодорожный транспорт, земельные участки (территории) общего пользования;2215.0;;Земельный участок, раздел которого осуществлен с сохранением земельного участка в измененных границах. Расположен за границами зоны размещения объекта.
1;22;151;185(1);1-29;90:18:000000:858:ЗУ1;Республика Крым, г Евпатория, ул Революции;32187.0;Земли населенных пунктов;Земельные участки (территории) общего пользования;Земли населенных пунктов;Земельные участки (территории) общего пользования;1969.0;Территории общего пользования;Образуемый земельный участок расположен в границах зоны размещения объекта.Способ образования - путем раздела исходного земельного участка с кадастровым номером 90:18:000000:858, при этом земельный участок, раздел которого осуществлен, сохраняется в измененных границах (измененный земельный участок).
1;22;152;185(2);1-7 1-8 1-43 1-66 1-248;90:18:000000:858;Республика Крым, Евпатория г, Революции ул;32187.0;Земли населенных пунктов;Земельные участки (территории) общего пользования;Земли населенных пунктов;Земельные участки (территории) общего пользования;30218.0;Территории общего пользования;Земельный участок, раздел которого осуществлен с сохранением земельного участка в измененных границах (многоконтурный). Расположен за границами зоны размещения объекта.
1;23;153;186(1);1-8;90:18:010182:330:ЗУ1;Республика Крым, г Евпатория, ш Симферопольское;4008.0;Земли населенных пунктов;Стоянка транспортных средств;Земли населенных пунктов;Земельные участки (территории) общего пользования;796.0;Территории общего пользования;Образуемый земельный участок расположен в границах зоны размещения объекта.Способ образования - путем раздела исходного земельного участка с кадастровым номером 90:18:010182:330, при этом земельный участок, раздел которого осуществлен, сохраняется в измененных границах (измененный земельный участок).
1;23;154;186(2);1-13;90:18:010182:330;Республика Крым, Евпатория г, Симферопольское ш, уч 50;4008.0;Земли населенных пунктов;Стоянка транспортных средств;Земли населенных пунктов;Стоянка транспортных средств;3212.0;;Земельный участок, раздел которого осуществлен с сохранением земельного участка в измененных границах. Расположен за границами зоны размещения объекта.
1;23;155;187(1);1-6;90:18:010179:2163:ЗУ1;Республика Крым, городской округ Евпатория, г. Евпатория;297.0;Земли населенных пунктов;Земельные участки (территории) общего пользования, Стоянка транспортных средств;Земли населенных пунктов;Земельные участки (территории) общего пользования;35.0;Территории общего пользования;Образуемый земельный участок расположен в границах зоны размещения объекта.Способ образования - путем раздела исходного земельного участка с кадастровым номером 90:18:010179:2163, при этом земельный участок, раздел которого осуществлен, сохраняется в измененных границах (измененный земельный участок).
1;23;156;187(2);1-4;90:18:010179:2163;Республика Крым, городской округ Евпатория, г. Евпатория;297.0;Земли населенных пунктов;Земельные участки (территории) общего пользования, Стоянка транспортных средств;Земли населенных пунктов;Земельные участки (территории) общего пользования, Стоянка транспортных средств;262.0;;Земельный участок, раздел которого осуществлен с сохранением земельного участка в измененных границах. Расположен за границами зоны размещения объекта.
1;23;157;188(1);1-22;90:18:000000:1321:ЗУ1;Российская Федерация, Республика Крым, городской округ Евпатория, г. Евпатория, ул. Симферопольская;14194.0;Земли населенных пунктов;Туристическое обслуживание;Земли населенных пунктов;Земельные участки (территории) общего пользования;1635.0;Территории общего пользования;Образуемый земельный участок расположен в границах зоны размещения объекта.Способ образования - путем раздела исходного земельного участка с кадастровым номером 90:18:000000:1321, при этом земельный участок, раздел которого осуществлен, сохраняется в измененных границах (измененный земельный участок).
1;23;158;188(2);1-23;90:18:000000:1321;Российская Федерация, Республика Крым, городской округ Евпатория, г. Евпатория, ул. Симферопольская, з/у 2ф/1;14194.0;Земли населенных пунктов;Туристическое обслуживание;Земли населенных пунктов;Туристическое обслуживание;12559.0;;Земельный участок, раздел которого осуществлен с сохранением земельного участка в измененных границах. Расположен за границами зоны размещения объекта.
1;23;159;189(1);1-23;90:18:000000:914:ЗУ1;297405, Республика Крым, Г Евпатория, УЛ Эскадронная;28796.0;Земли населенных пунктов;Земельные участки (территории) общего пользования;Земли населенных пунктов;Земельные участки (территории) общего пользования;2333.0;Территории общего пользования;Образуемый земельный участок расположен в границах зоны размещения объекта.Способ образования - путем раздела исходного земельного участка с кадастровым номером 90:18:000000:914, при этом земельный участок, раздел которого осуществлен, сохраняется в измененных границах (измененный земельный участок).
1;23;160;189(2);1-116;90:18:000000:914;297405, Республика Крым, Евпатория г, Эскадронная ул;28796.0;Земли населенных пунктов;Земельные участки (территории) общего пользования;Земли населенных пунктов;Земельные участки (территории) общего пользования;26463.0;Территории общего пользования;Земельный участок, раздел которого осуществлен с сохранением земельного участка в измененных границах. Расположен за границами зоны размещения объекта.
1;23;161;190(1);1-19;90:18:000000:966:ЗУ1;"Российская Федерация, Республика Крым, Российская Федерация, городской округ Евпатория, г Евпатория, в районе ""Сольпрома""";326320.0;Земли населенных пунктов;Коммунальное обслуживание, код 3.1;Земли населенных пунктов;Земельные участки (территории) общего пользования;32090.0;Территории общего пользования;Образуемый земельный участок расположен в границах зоны размещения объекта.Способ образования - путем раздела исходного земельного участка с кадастровым номером 90:18:000000:966, при этом земельный участок, раздел которого осуществлен, сохраняется в измененных границах (измененный земельный участок).
1;23;162;190(2);1-4 1-4 1-4 1-4;90:18:000000:966:ЗУ2;"Российская Федерация, Республика Крым, Российская Федерация, городской округ Евпатория, г Евпатория, в районе ""Сольпрома""";326320.0;Земли населенных пунктов;Коммунальное обслуживание, код 3.1;Земли населенных пунктов;Коммунальное обслуживание, код 3.1;750.0;;Образуемый многоконтурный земельный участок расположен в границах зоны размещения объекта.Способ образования - путем раздела исходного земельного участка с кадастровым номером 90:18:000000:966, при этом земельный участок, раздел которого осуществлен, сохраняется в измененных границах (измененный земельный участок).
1;23;163;190(3);1-25;90:18:000000:966;"Российская Федерация, Республика Крым, Российская Федерация, городской округ Евпатория, г Евпатория, в районе ""Сольпрома""";326320.0;Земли населенных пунктов;Коммунальное обслуживание, код 3.1;Земли населенных пунктов;Коммунальное обслуживание, код 3.1;293480.0;;Земельный участок, раздел которого осуществлен с сохранением земельного участка в измененных границах. Расположен за границами зоны размещения объекта.
1;23;164;191(1);1-40;90:18:000000:967:ЗУ1;"Российская Федерация, Республика Крым, городской округ Евпатория, г Евпатория, в районе ""Сольпрома""";40000.0;Земли населенных пунктов;Земельные участки (территории) общего пользования, код 12.0;Земли населенных пунктов;Земельные участки (территории) общего пользования;10889.0;Территории общего пользования;Образуемый земельный участок расположен в границах зоны размещения объекта.Способ образования - путем раздела исходного земельного участка с кадастровым номером 90:18:000000:967, при этом земельный участок, раздел которого осуществлен, сохраняется в измененных границах (измененный земельный участок).
1;24;165;191(2);1-5;90:18:000000:967:ЗУ2;"Российская Федерация, Республика Крым, городской округ Евпатория, г Евпатория, в районе ""Сольпрома""";40000.0;Земли населенных пунктов;Земельные участки (территории) общего пользования, код 12.0;Земли населенных пунктов;Коммунальное обслуживание, код 3.1;57.0;;Образуемый земельный участок расположен в границах зоны размещения объекта.Способ образования - путем раздела исходного земельного участка с кадастровым номером 90:18:000000:967, при этом земельный участок, раздел которого осуществлен, сохраняется в измененных границах (измененный земельный участок).
1;24;166;191(3);1-20 1-3 1-48;90:18:000000:967;"Российская Федерация, Республика Крым, городской округ Евпатория, г Евпатория, в районе ""Сольпрома""";40000.0;Земли населенных пунктов;Земельные участки (территории) общего пользования, код 12.0;Земли населенных пунктов;Земельные участки (территории) общего пользования, код 12.0;29054.0;Территории общего пользования;Земельный участок, раздел которого осуществлен с сохранением земельного участка в измененных границах (многоконтурный). Расположен за границами зоны размещения объекта.
1;24;167;192(1);1-5;90:18:000000:820:ЗУ;Республика Крым, г Евпатория;14773.0;Земли населенных пунктов;Земельные участки (территории) общего пользования;Земли населенных пунктов;Земельные участки (территории) общего пользования;1170.0;Территории общего пользования;Образуемый земельный участок расположен в границах зоны размещения объекта.Способ образования - путем раздела исходного земельного участка с кадастровым номером 90:18:000000:820, при этом земельный участок, раздел которого осуществлен, сохраняется в измененных границах (измененный земельный участок).
1;24;168;192(2);1-24 1-121;90:18:000000:820;Республика Крым, Евпатория г;14773.0;Земли населенных пунктов;Земельные участки (территории) общего пользования;Земли населенных пунктов;Земельные участки (территории) общего пользования;13603.0;Территории общего пользования;Земельный участок, раздел которого осуществлен с сохранением земельного участка в измененных границах (многоконтурный). Расположен за границами зоны размещения объекта.
1;24;169;193(1);1-4;90:18:000000:1552:ЗУ1;Российская Федерация, Республика Крым, г Евпатория;3887.0;Земли населенных пунктов;Гидротехнические сооружения;Земли населенных пунктов;Земельные участки (территории) общего пользования;49.0;Территории общего пользования;Образуемый земельный участок расположен в границах зоны размещения объекта.Способ образования - путем раздела исходного земельного участка с кадастровым номером 90:18:000000:1552, при этом земельный участок, раздел которого осуществлен, сохраняется в измененных границах (измененный земельный участок).
1;24;170;193(2);1-10 1-6 1-8 1-7 1-4 1-6;90:18:000000:1552;Российская Федерация, Республика Крым, г Евпатория;3887.0;Земли населенных пунктов;Гидротехнические сооружения;Земли населенных пунктов;Гидротехнические сооружения;3838.0;;Земельный участок, раздел которого осуществлен с сохранением земельного участка в измененных границах (многоконтурный). Расположен за границами зоны размещения объекта.
1;24;171;194(1);1-6 1-18 1-30 1-145 1-10 1-8 1-9;90:18:000000:670:ЗУ1;Республика Крым, Евпатория г;862991.0;Земли населенных пунктов;Железнодорожный транспорт;Земли населенных пунктов;Земельные участки (территории) общего пользования;85191.0;Территории общего пользования;Образуемый многоконтурный земельный участок расположен в границах зоны размещения объекта. Способ образования - путем раздела исходного земельного участка с кадастровым номером 90:18:000000:670, при этом земельный участок, раздел которого осуществлен, сохраняется в измененных границах (измененный земельный участок).
1;24;172;194(2);1-11 1-600 1-10 1-14 1-17;90:18:000000:670;Республика Крым, Евпатория г;862991.0;Земли населенных пунктов;Железнодорожный транспорт;Земли населенных пунктов;Железнодорожный транспорт;777800.0;;Земельный участок, раздел которого осуществлен с сохранением земельного участка в измененных границах (многоконтурный). Расположен за границами зоны размещения объекта.
1;24;173;195(1);1-7;90:18:010182:598:ЗУ1;Республика Крым, Евпатория г;505.0;Земли населенных пунктов;Железнодорожный транспорт;Земли населенных пунктов;Земельные участки (территории) общего пользования;238.0;Территории общего пользования;Образуемый земельный участок расположен в границах зоны размещения объекта. Способ образования - путем раздела исходного земельного участка с кадастровым номером 90:18:010182:598, при этом земельный участок, раздел которого осуществлен, сохраняется в измененных границах (измененный земельный участок).
1;24;174;195(2);1-6;90:18:010182:598;Республика Крым, Евпатория г;505.0;Земли населенных пунктов;Железнодорожный транспорт;Земли населенных пунктов;Железнодорожный транспорт;267.0;;Земельный участок, раздел которого осуществлен с сохранением земельного участка в измененных границах. Расположен за границами зоны размещения объекта.
1;24;175;196(1);1-4;90:11:130701:650:ЗУ1;Республика Крым, Сакский район, на территории Лесновского сельского совета;1000.0;Земли сельскохозяйственно го назначения;Ведение дачного хозяйства;Земли промышленности, энергетики, транспорта, связи, радиовещания, телевидения, информатики, земли для обеспечения космической деятельности, земли обороны, безопасности и земли иного специального назначения;Автомобильный транспорт;628.0;;Образуемый земельный участок расположен в границах зоны размещения объекта. Способ образования - путем раздела исходного земельного участка с кадастровым номером 90:11:130701:650, при этом земельный участок, раздел которого осуществлен, сохраняется в измененных границах (измененный земельный участок).
1;25;176;196(2);1-4;90:11:130701:650;Республика Крым, Сакский район, на территории Лесновского сельского совета, индивидуальный участок № 164;1000.0;Земли сельскохозяйственно го назначения;Ведение дачного хозяйства;Земли сельскохозяйственного назначения;Ведение дачного хозяйства;372.0;;Земельный участок, раздел которого осуществлен с сохранением земельного участка в измененных границах. Расположен за границами зоны размещения объекта.
1;25;177;197(1);1-4 1-4;90:11:000000:1187:ЗУ1;Республика Крым, р-н Сакский, Лесновский сельский совет, уч №134;95600.0;Земли населенных пунктов;Коммунальное обслуживание;Земли населенных пунктов;Коммунальное обслуживание, код 3.1;76.0;;Образуемый многоконтурный земельный участок расположен в границах зоны размещения объекта. Способ образования - путем раздела исходного земельного участка с кадастровым номером 90:11:000000:1187, при этом земельный участок, раздел которого осуществлен, сохраняется в измененных границах (измененный земельный участок).
1;25;178;197(2);1-65;90:11:000000:1187;Республика Крым, р-н Сакский, Лесновский сельский совет, уч №134;95600.0;Земли населенных пунктов;Коммунальное обслуживание;Земли населенных пунктов;Коммунальное обслуживание;95524.0;;Земельный участок, раздел которого осуществлен с сохранением земельного участка в измененных границах. Расположен за границами зоны размещения объекта.
1;25;179;198;1-5 1-4 1-4;90:18:010177:ЗУ1;Российская Федерация, Республика Крым, г. Евпатория;;;;Земли населенных пунктов;Коммунальное обслуживание, код 3.1;848.0;;Образуемый многоконтурный земельный участок в границах зоны размещения объекта. Способ образования - из земель, находящихся в муниципальной собственности.
1;25;180;199;1-4 1-4 1-4 1-5 1-6 1-4 1-4;90:18:010180:ЗУ1;Российская Федерация, Республика Крым, г. Евпатория;;;;Земли населенных пунктов;Коммунальное обслуживание, код 3.1;1490.0;;Образуемый многоконтурный земельный участок в границах зоны размещения объекта. Способ образования - из земель, находящихся в муниципальной собственности.
1;25;181;200;1-5 1-4 1-4 1-4 1-4;90:11:130701:ЗУ1;Республика Крым, Сакский район, Лесновское сельское поселение;;;;Земли промышленности, энергетики, транспорта, связи, радиовещания, телевидения, информатики, земли для обеспечения космической деятельности, земли обороны, безопасности и земли иного специального назначения;Коммунальное обслуживание, код 3.1;1425.0;;Образуемый многоконтурный земельный участок в границах зоны размещения объекта. Способ образования - из земель, находящихся в государственной собственности.
1;25;182;201;1-11;90:18:010135:ЗУ1;Российская Федерация, Республика Крым, г. Евпатория;;;;Земли населенных пунктов;Земельные участки (территории) общего пользования;74.0;Территории общего пользования;Образуемый земельный участок в границах зоны размещения объекта. Способ образования - из земель, находящихся в муниципальной собственности.
1;25;183;202;1-191;90:18:000000:ЗУ1;Республика Крым, г Евпатория;;;;Земли населенных пунктов;Земельные участки (территории) общего пользования;40587.0;Территории общего пользования;Образуемый земельный участок в границах зоны размещения объекта. Способ образования - из земель, находящихся в муниципальной собственности.
1;25;184;203;1-43 1-4;90:18:000000:ЗУ2;Республика Крым, г Евпатория;;;;Земли населенных пунктов;Земельные участки (территории) общего пользования;1687.0;Территории общего пользования;Образуемый многоконтурный земельный участок в границах зоны размещения объекта. Способ образования - из земель, находящихся в муниципальной собственности.
1;26;185;204;1-193;90:18:000000:ЗУ3;Республика Крым, г Евпатория;;;;Земли населенных пунктов;Земельные участки (территории) общего пользования;41619.0;Территории общего пользования;Образуемый земельный участок в границах зоны размещения объекта. Способ образования - из земель, находящихся в муниципальной собственности.
1;26;186;205;1-37 1-4;90:18:000000:ЗУ4;Республика Крым, г Евпатория;;;;Земли населенных пунктов;Земельные участки (территории) общего пользования;17641.0;Территории общего пользования;Образуемый многоконтурный земельный участок в границах зоны размещения объекта. Способ образования - из земель, находящихся в муниципальной собственности.
1;26;187;206;1-62;90:18:000000:ЗУ5;Республика Крым, г Евпатория;;;;Земли населенных пунктов;Земельные участки (территории) общего пользования;53700.0;Территории общего пользования;Образуемый земельный участок в границах зоны размещения объекта. Способ образования - из земель, находящихся в муниципальной собственности.
1;26;188;207;1-66;90:18:000000:ЗУ6;Республика Крым, г Евпатория;;;;Земли населенных пунктов;Земельные участки (территории) общего пользования;72837.0;Территории общего пользования;Образуемый земельный участок в границах зоны размещения объекта. Способ образования - из земель, находящихся в муниципальной собственности.
1;26;189;208;1-88;90:11:130701:ЗУ2;Республика Крым, Сакский район, Лесновское сельское поселение;;;;Земли промышленности, энергетики, транспорта, связи, радиовещания, телевидения, информатики, земли для обеспечения космической деятельности, земли обороны, безопасности и земли иного специального назначения;Автомобильный транспорт;66003.0;;Образуемый земельный участок в границах зоны размещения объекта. Способ образования - из земель, находящихся в государственной или муниципальной собственности.
1;26;190;209;1-79;90:11:130701:ЗУ3;Республика Крым, Сакский район, Лесновское сельское поселение;;;;Земли промышленности, энергетики, транспорта, связи, радиовещания, телевидения, информатики, земли для обеспечения космической деятельности, земли обороны, безопасности и земли иного специального назначения;Автомобильный транспорт;23010.0;;Образуемый земельный участок в границах зоны размещения объекта. Способ образования - из земель, находящихся в государственной или муниципальной собственности.
1;26;191;210;1-4;90:11:130701:ЗУ4;Республика Крым, Сакский район, Лесновское сельское поселение;;;;Земли промышленности, энергетики, транспорта, связи, радиовещания, телевидения, информатики, земли для обеспечения космической деятельности, земли обороны, безопасности и земли иного специального назначения;Автомобильный транспорт;761.0;;Образуемый земельный участок в границах зоны размещения объекта. Способ образования - из земель, находящихся в государственной или муниципальной собственности.
1;26;192;211;1-3;90:11:130701:ЗУ5;Республика Крым, Сакский район, Лесновское сельское поселение;;;;Земли промышленности, энергетики, транспорта, связи, радиовещания, телевидения, информатики, земли для обеспечения космической деятельности, земли обороны, безопасности и земли иного специального назначения;Автомобильный транспорт;29.0;;Образуемый земельный участок в границах зоны размещения объекта. Способ образования - из земель, находящихся в государственной или муниципальной собственности.
1;27;193;212;1-8;90:11:130701:ЗУ6;Республика Крым, Сакский район, Лесновское сельское поселение;;;;Земли промышленности, энергетики, транспорта, связи, радиовещания, телевидения, информатики, земли для обеспечения космической деятельности, земли обороны, безопасности и земли иного специального назначения;Автомобильный транспорт;1755.0;;Образуемый земельный участок в границах зоны размещения объекта. Способ образования - из земель, находящихся в государственной или муниципальной собственности.
1;27;194;213;1-12;90:11:130701:ЗУ7;Республика Крым, Сакский район, Лесновское сельское поселение;;;;Земли промышленности, энергетики, транспорта, связи, радиовещания, телевидения, информатики, земли для обеспечения космической деятельности, земли обороны, безопасности и земли иного специального назначения;Автомобильный транспорт;1189.0;;Образуемый земельный участок в границах зоны размещения объекта. Способ образования - из земель, находящихся в государственной или муниципальной собственности.
1;27;195;214;1-6;90:11:130701:ЗУ8;Республика Крым, Сакский район, Лесновское сельское поселение;;;;Земли промышленности, энергетики, транспорта, связи, радиовещания, телевидения, информатики, земли для обеспечения космической деятельности, земли обороны, безопасности и земли иного специального назначения;Автомобильный транспорт;515.0;;Образуемый земельный участок в границах зоны размещения объекта. Способ образования - из земель, находящихся в государственной или муниципальной собственности.
1;27;196;215;1-10;90:11:130701:ЗУ9;Республика Крым;;;;Земли населенных пунктов;Земельные участки (территории) общего пользования;1385.0;Территории общего пользования;Образуемый земельный участок в границах зоны размещения объекта. Способ образования - из земель, находящихся в муниципальной собственности.
1;27;197;216;1-16;90:11:000000:ЗУ1;Республика Крым, Сакский район;;;;Земли промышленности, энергетики, транспорта, связи, радиовещания, телевидения, информатики, земли для обеспечения космической деятельности, земли обороны, безопасности и земли иного специального назначения;Автомобильный транспорт;8829.0;;Образуемый земельный участок в границах зоны размещения объекта. Способ образования - из земель, находящихся в государственной или муниципальной собственности.
1;27;198;217;1-6;90:11:130701:ЗУ10;Республика Крым, Сакский район, Лесновское сельское поселение;;;;Земли промышленности, энергетики, транспорта, связи, радиовещания, телевидения, информатики, земли для обеспечения космической деятельности, земли обороны, безопасности и земли иного специального назначения;Автомобильный транспорт;500.0;;Образуемый земельный участок в границах зоны размещения объекта. Способ образования - из земель, находящихся в государственной или муниципальной собственности.
1;27;199;218;1-4;90:11:130701:ЗУ11;Республика Крым, Сакский район, Лесновское сельское поселение;;;;Земли промышленности, энергетики, транспорта, связи, радиовещания, телевидения, информатики, земли для обеспечения космической деятельности, земли обороны, безопасности и земли иного специального назначения;Автомобильный транспорт;73.0;;Образуемый земельный участок в границах зоны размещения объекта. Способ образования - из земель, находящихся в государственной или муниципальной собственности.
1;27;200;226;1-6;90:11:130701:ЗУ12;Республика Крым;;;;Земли населенных пунктов;Коммунальное обслуживание, код 3.1;197.0;;Образуемый земельный участок в границах зоны размещения объекта. Способ образования - из земель, находящихся в муниципальной собственности.
1;28;201;227;1-18;90:11:130701:ЗУ13;Республика Крым;;;;Земли населенных пунктов;Земельные участки (территории) общего пользования;64.0;Территории общего пользования;Образуемый земельный участок в границах зоны размещения объекта. Способ образования - из земель, находящихся в муниципальной собственности.
1;28;202;228;1-13;90:11:130701:ЗУ14;Республика Крым, Сакский район, Лесновское сельское поселение;;;;Земли промышленности, энергетики, транспорта, связи, радиовещания, телевидения, информатики, земли для обеспечения космической деятельности, земли обороны, безопасности и земли иного специального назначения;Автомобильный транспорт;1201.0;;Образуемый земельный участок в границах зоны размещения объекта. Способ образования - из земель, находящихся в государственной или муниципальной собственности.
1;28;203;229;1-26 1-4;90:11:130701:ЗУ15;Республика Крым;;;;Земли населенных пунктов;Земельные участки (территории) общего пользования;9641.0;Территории общего пользования;Образуемый многоконтурный земельный участок в границах зоны размещения объекта. Способ образования - из земель, находящихся в муниципальной собственности.
1;28;204;230;1-5;90:11:130701:ЗУ16;Республика Крым;;;;Земли населенных пунктов;Земельные участки (территории) общего пользования;67.0;Территории общего пользования;Образуемый многоконтурный земельный участок в границах зоны размещения объекта. Способ образования - из земель, находящихся в муниципальной собственности.
1;28;1;1;;90:18:010182:307;Республика Крым, г Евпатория, Симферопольское шоссе, 10 км;3500.0;Земли населенных пунктов;Отдых (рекреация);Земли населенных пунктов;Земельные участки (территории) общего пользования;3500.0;Территории общего пользования;Существующий земельный участок полностью расположен в границах зоны размещения объекта.
1;28;2;2;;90:11:130701:1079;Республика Крым, Сакский р-н, Лесновский с/с, уч 17;1000.0;Земли сельскохозяйственно го назначения;Ведения дачного хозяйства;Земли промышленности, энергетики, транспорта, связи, радиовещания, телевидения, информатики, земли для обеспечения космической деятельности, земли обороны, безопасности и земли иного специального назначения;Автомобильный транспорт;1000.0;;Существующий земельный участок полностью расположен в границах зоны размещения объекта.
1;28;3;3;;90:11:130701:1105;Республика Крым, Сакский р-н, Лесновский с/с, уч 34;1000.0;Земли сельскохозяйственно го назначения;Ведения садоводства;Земли промышленности, энергетики, транспорта, связи, радиовещания, телевидения, информатики, земли для обеспечения космической деятельности, земли обороны, безопасности и земли иного специального назначения;Автомобильный транспорт;1000.0;;Существующий земельный участок полностью расположен в границах зоны размещения объекта.
1;28;4;4;;90:11:130701:1131;Республика Крым, Сакский р-н, Лесновский с/с, уч 38;1000.0;Земли сельскохозяйственно го назначения;Ведения дачного хозяйства;Земли промышленности, энергетики, транспорта, связи, радиовещания, телевидения, информатики, земли для обеспечения космической деятельности, земли обороны, безопасности и земли иного специального назначения;Автомобильный транспорт;1000.0;;Существующий земельный участок полностью расположен в границах зоны размещения объекта.
1;29;5;5;;90:11:130701:114;Республика Крым, Сакский район, на территории Лесновского сельского совета, индивидуальный участок № 177;1000.0;Земли сельскохозяйственно го назначения;Размещение дачных домов и садовых домов;Земли промышленности, энергетики, транспорта, связи, радиовещания, телевидения, информатики, земли для обеспечения космической деятельности, земли обороны, безопасности и земли иного специального назначения;Автомобильный транспорт;1000.0;;Существующий земельный участок полностью расположен в границах зоны размещения объекта.
1;29;6;6;;90:11:130701:1208;Республика Крым, Сакский р-н, Лесновский с/с, уч 60;1000.0;Земли сельскохозяйственно го назначения;Ведения дачного хозяйства;Земли промышленности, энергетики, транспорта, связи, радиовещания, телевидения, информатики, земли для обеспечения космической деятельности, земли обороны, безопасности и земли иного специального назначения;Автомобильный транспорт;1000.0;;Существующий земельный участок полностью расположен в границах зоны размещения объекта.
1;29;7;7;;90:11:130701:1281;Республика Крым, Сакский р-н, Лесновский с/с, уч 58;1000.0;Земли сельскохозяйственно го назначения;Ведения дачного хозяйства;Земли промышленности, энергетики, транспорта, связи, радиовещания, телевидения, информатики, земли для обеспечения космической деятельности, земли обороны, безопасности и земли иного специального назначения;Автомобильный транспорт;1000.0;;Существующий земельный участок полностью расположен в границах зоны размещения объекта.
1;29;8;8;;90:11:130701:1291;Республика Крым, Сакский р-н, Лесновский с/с, уч 157;1000.0;Земли сельскохозяйственно го назначения;Ведения дачного хозяйства;Земли промышленности, энергетики, транспорта, связи, радиовещания, телевидения, информатики, земли для обеспечения космической деятельности, земли обороны, безопасности и земли иного специального назначения;Автомобильный транспорт;1000.0;;Существующий земельный участок полностью расположен в границах зоны размещения объекта.
1;29;9;9;;90:11:130701:1316;Республика Крым, Сакский р-н, Лесновский с/с, уч 4;1000.0;Земли сельскохозяйственно го назначения;Ведения дачного хозяйства;Земли промышленности, энергетики, транспорта, связи, радиовещания, телевидения, информатики, земли для обеспечения космической деятельности, земли обороны, безопасности и земли иного специального назначения;Автомобильный транспорт;1000.0;;Существующий земельный участок полностью расположен в границах зоны размещения объекта.
1;29;10;10;;90:11:130701:1326;Российская Федерация, Республика Крым, Сакский муниципальный район, Лесновское сельское поселение, село Прибрежное, улица Дачная, земельный участок 182;1000.0;Земли сельскохозяйственно го назначения;Ведение садоводства;Земли промышленности, энергетики, транспорта, связи, радиовещания, телевидения, информатики, земли для обеспечения космической деятельности, земли обороны, безопасности и земли иного специального назначения;Автомобильный транспорт;1000.0;;Существующий земельный участок полностью расположен в границах зоны размещения объекта.
1;29;11;11;;90:11:130701:170;Республика Крым, муниципальный район Сакский, сельское поселение Лесновское, село Прибрежное, улица Дачная, земельный участок 170;1000.0;Земли сельскохозяйственно го назначения;Ведение садоводства;Земли промышленности, энергетики, транспорта, связи, радиовещания, телевидения, информатики, земли для обеспечения космической деятельности, земли обороны, безопасности и земли иного специального назначения;Автомобильный транспорт;1000.0;;Существующий земельный участок полностью расположен в границах зоны размещения объекта.
1;29;12;12;;90:11:130701:171;Республика Крым, Сакский район, на территории Лесновского сельского совета, индивидуальный участок №2;1000.0;Земли сельскохозяйственно го назначения;Размещение дачных домов и садовых домов;Земли промышленности, энергетики, транспорта, связи, радиовещания, телевидения, информатики, земли для обеспечения космической деятельности, земли обороны, безопасности и земли иного специального назначения;Автомобильный транспорт;1000.0;;Существующий земельный участок полностью расположен в границах зоны размещения объекта.
1;30;13;13;;90:11:130701:18;Республика Крым, Сакский район, на территории Лесновского сельского совета, индивидуальный участок № 23;1000.0;Земли сельскохозяйственно го назначения;Размещение дачных домов и садовых домов;Земли промышленности, энергетики, транспорта, связи, радиовещания, телевидения, информатики, земли для обеспечения космической деятельности, земли обороны, безопасности и земли иного специального назначения;Автомобильный транспорт;1000.0;;Существующий земельный участок полностью расположен в границах зоны размещения объекта.
1;30;14;14;;90:11:130701:182;Республика Крым, Сакский район, на территории Лесновского сельского совета, земельный участок № 13;1000.0;Земли сельскохозяйственно го назначения;Размещение дачных домов и садовых домов;Земли промышленности, энергетики, транспорта, связи, радиовещания, телевидения, информатики, земли для обеспечения космической деятельности, земли обороны, безопасности и земли иного специального назначения;Автомобильный транспорт;1000.0;;Существующий земельный участок полностью расположен в границах зоны размещения объекта.
1;30;15;15;;90:11:130701:184;Республика Крым, р-н Сакский, на терриитории Лесновского сельского совета, индивидуальный участок №8;1000.0;Земли сельскохозяйственно го назначения;Размещение дачных домов и садовых домов;Земли промышленности, энергетики, транспорта, связи, радиовещания, телевидения, информатики, земли для обеспечения космической деятельности, земли обороны, безопасности и земли иного специального назначения;Автомобильный транспорт;1000.0;;Существующий земельный участок полностью расположен в границах зоны размещения объекта.
1;30;16;16;;90:11:130701:19;Республика Крым, Сакский район, на территории Лесновского сельского совета, индивидуальный участок № 159;1000.0;Земли сельскохозяйственно го назначения;Размещение дачных домов и садовых домов;Земли промышленности, энергетики, транспорта, связи, радиовещания, телевидения, информатики, земли для обеспечения космической деятельности, земли обороны, безопасности и земли иного специального назначения;Автомобильный транспорт;1000.0;;Существующий земельный участок полностью расположен в границах зоны размещения объекта.
1;30;17;17;;90:11:130701:20;Республика Крым, Сакский район, на территории Лесновского сельского совета, индивидуальный участок 25;1000.0;Земли сельскохозяйственно го назначения;Размещение дачных домов и садовых домов;Земли промышленности, энергетики, транспорта, связи, радиовещания, телевидения, информатики, земли для обеспечения космической деятельности, земли обороны, безопасности и земли иного специального назначения;Автомобильный транспорт;1000.0;;Существующий земельный участок полностью расположен в границах зоны размещения объекта.
1;30;18;18;;90:11:130701:211;Республика Крым, р-н Сакский, на территории Лесновского сельского совета, индивидуальный участок №143;1000.0;Земли сельскохозяйственно го назначения;Размещение дачных домов и садовых домов;Земли промышленности, энергетики, транспорта, связи, радиовещания, телевидения, информатики, земли для обеспечения космической деятельности, земли обороны, безопасности и земли иного специального назначения;Автомобильный транспорт;1000.0;;Существующий земельный участок полностью расположен в границах зоны размещения объекта.
1;30;19;19;;90:11:130701:232;Республика Крым, Сакский район,на территории Лесновского сельскго совета, индивидуальный участок № 59;1000.0;Земли сельскохозяйственно го назначения;Размещение дачных домов и садовых домов;Земли промышленности, энергетики, транспорта, связи, радиовещания, телевидения, информатики, земли для обеспечения космической деятельности, земли обороны, безопасности и земли иного специального назначения;Автомобильный транспорт;1000.0;;Существующий земельный участок полностью расположен в границах зоны размещения объекта.
1;30;20;20;;90:11:130701:2440;Республика Крым, Сакский р-н, Лесновский с/с;625.0;Земли сельскохозяйственно го назначения;Ведение личного подсобного хозяйства на полевых участках;Земли промышленности, энергетики, транспорта, связи, радиовещания, телевидения, информатики, земли для обеспечения космической деятельности, земли обороны, безопасности и земли иного специального назначения;Автомобильный транспорт;625.0;;Существующий земельный участок полностью расположен в границах зоны размещения объекта.
1;31;21;21;;90:11:130701:2448;Республика Крым, Сакский р-н, Лесновский с/с;625.0;Земли сельскохозяйственно го назначения;Ведение личного подсобного хозяйства на полевых участках;Земли промышленности, энергетики, транспорта, связи, радиовещания, телевидения, информатики, земли для обеспечения космической деятельности, земли обороны, безопасности и земли иного специального назначения;Автомобильный транспорт;625.0;;Существующий земельный участок полностью расположен в границах зоны размещения объекта.
1;31;22;22;;90:11:130701:2449;Республика Крым, Сакский р-н, Лесновский с/с;625.0;Земли сельскохозяйственно го назначения;Ведение личного подсобного хозяйства на полевых участках;Земли промышленности, энергетики, транспорта, связи, радиовещания, телевидения, информатики, земли для обеспечения космической деятельности, земли обороны, безопасности и земли иного специального назначения;Автомобильный транспорт;625.0;;Существующий земельный участок полностью расположен в границах зоны размещения объекта.
1;31;23;23;;90:11:130701:2450;Республика Крым, Сакский р-н, Лесновский с/с;625.0;Земли сельскохозяйственно го назначения;Ведение личного подсобного хозяйства на полевых участках;Земли промышленности, энергетики, транспорта, связи, радиовещания, телевидения, информатики, земли для обеспечения космической деятельности, земли обороны, безопасности и земли иного специального назначения;Автомобильный транспорт;625.0;;Существующий земельный участок полностью расположен в границах зоны размещения объекта.
1;31;24;24;;90:11:130701:2451;Республика Крым, Сакский р-н, Лесновский с/с;625.0;Земли сельскохозяйственно го назначения;Ведение личного подсобного хозяйства на полевых участках;Земли промышленности, энергетики, транспорта, связи, радиовещания, телевидения, информатики, земли для обеспечения космической деятельности, земли обороны, безопасности и земли иного специального назначения;Автомобильный транспорт;625.0;;Существующий земельный участок полностью расположен в границах зоны размещения объекта.
1;31;25;25;;90:11:130701:2452;Республика Крым, Сакский р-н, Лесновский с/с;625.0;Земли сельскохозяйственно го назначения;Ведение личного подсобного хозяйства на полевых участках;Земли промышленности, энергетики, транспорта, связи, радиовещания, телевидения, информатики, земли для обеспечения космической деятельности, земли обороны, безопасности и земли иного специального назначения;Автомобильный транспорт;625.0;;Существующий земельный участок полностью расположен в границах зоны размещения объекта.
1;31;26;26;;90:11:130701:2453;Республика Крым, Сакский р-н, Лесновский с/с;625.0;Земли сельскохозяйственно го назначения;Ведение личного подсобного хозяйства на полевых участках;Земли промышленности, энергетики, транспорта, связи, радиовещания, телевидения, информатики, земли для обеспечения космической деятельности, земли обороны, безопасности и земли иного специального назначения;Автомобильный транспорт;625.0;;Существующий земельный участок полностью расположен в границах зоны размещения объекта.
1;31;27;27;;90:11:130701:25;Республика Крым, Сакский район, село Прибрежное, улица Дачная, 168;1000.0;Земли сельскохозяйственно го назначения;Размещение дачных домов и садовых домов;Земли промышленности, энергетики, транспорта, связи, радиовещания, телевидения, информатики, земли для обеспечения космической деятельности, земли обороны, безопасности и земли иного специального назначения;Автомобильный транспорт;1000.0;;Существующий земельный участок полностью расположен в границах зоны размещения объекта.
1;31;28;28;;90:11:130701:2570;Республика Крым, Сакский район, Лесновский сельский совет, за границами населённого пункта;400.0;Земли сельскохозяйственно го назначения;Ведение личного подсобного хозяйства на полевых участках;Земли промышленности, энергетики, транспорта, связи, радиовещания, телевидения, информатики, земли для обеспечения космической деятельности, земли обороны, безопасности и земли иного специального назначения;Автомобильный транспорт;400.0;;Существующий земельный участок полностью расположен в границах зоны размещения объекта.
1;32;29;29;;90:11:130701:2571;Республика Крым, Сакский район, Лесновский сельский совет, за границами населённого пункта;400.0;Земли сельскохозяйственно го назначения;Ведение личного подсобного хозяйства на полевых участках;Земли промышленности, энергетики, транспорта, связи, радиовещания, телевидения, информатики, земли для обеспечения космической деятельности, земли обороны, безопасности и земли иного специального назначения;Автомобильный транспорт;400.0;;Существующий земельный участок полностью расположен в границах зоны размещения объекта.
1;32;30;30;;90:11:130701:2572;Республика Крым, Сакский район, Лесновский сельский совет, за границами населённого пункта;400.0;Земли сельскохозяйственно го назначения;Ведение личного подсобного хозяйства на полевых участках;Земли промышленности, энергетики, транспорта, связи, радиовещания, телевидения, информатики, земли для обеспечения космической деятельности, земли обороны, безопасности и земли иного специального назначения;Автомобильный транспорт;400.0;;Существующий земельный участок полностью расположен в границах зоны размещения объекта.
1;32;31;31;;90:11:130701:2573;Республика Крым, Сакский район, Лесновский сельский совет, за границами населённого пункта;400.0;Земли сельскохозяйственно го назначения;Ведение личного подсобного хозяйства на полевых участках;Земли промышленности, энергетики, транспорта, связи, радиовещания, телевидения, информатики, земли для обеспечения космической деятельности, земли обороны, безопасности и земли иного специального назначения;Автомобильный транспорт;400.0;;Существующий земельный участок полностью расположен в границах зоны размещения объекта.
1;32;32;32;;90:11:130701:2581;Республика Крым, Сакский район, Лесновский сельский совет, за границами населённого пункта;400.0;Земли сельскохозяйственно го назначения;Ведение личного подсобного хозяйства на полевых участках;Земли промышленности, энергетики, транспорта, связи, радиовещания, телевидения, информатики, земли для обеспечения космической деятельности, земли обороны, безопасности и земли иного специального назначения;Автомобильный транспорт;400.0;;Существующий земельный участок полностью расположен в границах зоны размещения объекта.
1;32;33;33;;90:11:130701:2588;Республика Крым, Сакский район, Лесновский сельский совет, за границами населённого пункта;400.0;Земли сельскохозяйственно го назначения;Ведение личного подсобного хозяйства на полевых участках;Земли промышленности, энергетики, транспорта, связи, радиовещания, телевидения, информатики, земли для обеспечения космической деятельности, земли обороны, безопасности и земли иного специального назначения;Автомобильный транспорт;400.0;;Существующий земельный участок полностью расположен в границах зоны размещения объекта.
1;32;34;34;;90:11:130701:2589;Республика Крым, Сакский район, Лесновский сельский совет, за границами населённого пункта;400.0;Земли сельскохозяйственно го назначения;Ведение личного подсобного хозяйства на полевых участках;Земли промышленности, энергетики, транспорта, связи, радиовещания, телевидения, информатики, земли для обеспечения космической деятельности, земли обороны, безопасности и земли иного специального назначения;Автомобильный транспорт;400.0;;Существующий земельный участок полностью расположен в границах зоны размещения объекта.
1;32;35;35;;90:11:130701:2590;Республика Крым, Сакский район, Лесновский сельский совет, за границами населённого пункта;400.0;Земли сельскохозяйственно го назначения;Ведение личного подсобного хозяйства на полевых участках;Земли промышленности, энергетики, транспорта, связи, радиовещания, телевидения, информатики, земли для обеспечения космической деятельности, земли обороны, безопасности и земли иного специального назначения;Автомобильный транспорт;400.0;;Существующий земельный участок полностью расположен в границах зоны размещения объекта.
1;32;36;36;;90:11:130701:2591;Республика Крым, Сакский район, Лесновский сельский совет, за границами населённого пункта;400.0;Земли сельскохозяйственно го назначения;Ведение личного подсобного хозяйства на полевых участках;Земли промышленности, энергетики, транспорта, связи, радиовещания, телевидения, информатики, земли для обеспечения космической деятельности, земли обороны, безопасности и земли иного специального назначения;Автомобильный транспорт;400.0;;Существующий земельный участок полностью расположен в границах зоны размещения объекта.
1;33;37;37;;90:11:130701:2592;Республика Крым, Сакский район, Лесновский сельский совет, за границами населённого пункта;400.0;Земли сельскохозяйственно го назначения;Ведение личного подсобного хозяйства на полевых участках;Земли промышленности, энергетики, транспорта, связи, радиовещания, телевидения, информатики, земли для обеспечения космической деятельности, земли обороны, безопасности и земли иного специального назначения;Автомобильный транспорт;400.0;;Существующий земельный участок полностью расположен в границах зоны размещения объекта.
1;33;38;38;;90:11:130701:2593;Республика Крым, Сакский район, Лесновский сельский совет, за границами населённого пункта;400.0;Земли сельскохозяйственно го назначения;Ведение личного подсобного хозяйства на полевых участках;Земли промышленности, энергетики, транспорта, связи, радиовещания, телевидения, информатики, земли для обеспечения космической деятельности, земли обороны, безопасности и земли иного специального назначения;Автомобильный транспорт;400.0;;Существующий земельный участок полностью расположен в границах зоны размещения объекта.
1;33;39;39;;90:11:130701:2594;Республика Крым, Сакский район, Лесновский сельский совет, за границами населённого пункта;400.0;Земли сельскохозяйственно го назначения;Ведение личного подсобного хозяйства на полевых участках;Земли промышленности, энергетики, транспорта, связи, радиовещания, телевидения, информатики, земли для обеспечения космической деятельности, земли обороны, безопасности и земли иного специального назначения;Автомобильный транспорт;400.0;;Существующий земельный участок полностью расположен в границах зоны размещения объекта.
1;33;40;40;;90:11:130701:2618;Республика Крым, р-н Сакский, Лесновский с/с, уч 3, за пределами населенного пункта;600.0;Земли сельскохозяйственно го назначения;Ведение личного подсобного хозяйства на полевых участках;Земли промышленности, энергетики, транспорта, связи, радиовещания, телевидения, информатики, земли для обеспечения космической деятельности, земли обороны, безопасности и земли иного специального назначения;Автомобильный транспорт;600.0;;Существующий земельный участок полностью расположен в границах зоны размещения объекта.
1;33;41;41;;90:11:130701:2626;Республика Крым, р-н Сакский, Лесновский с/с, уч 3, за пределами населенного пункта;600.0;Земли сельскохозяйственно го назначения;Ведение личного подсобного хозяйства на полевых участках;Земли промышленности, энергетики, транспорта, связи, радиовещания, телевидения, информатики, земли для обеспечения космической деятельности, земли обороны, безопасности и земли иного специального назначения;Автомобильный транспорт;600.0;;Существующий земельный участок полностью расположен в границах зоны размещения объекта.
1;33;42;42;;90:11:130701:2627;Республика Крым, р-н Сакский, Лесновский с/с, уч 3, за пределами населенного пункта;600.0;Земли сельскохозяйственно го назначения;Ведение личного подсобного хозяйства на полевых участках;Земли промышленности, энергетики, транспорта, связи, радиовещания, телевидения, информатики, земли для обеспечения космической деятельности, земли обороны, безопасности и земли иного специального назначения;Автомобильный транспорт;600.0;;Существующий земельный участок полностью расположен в границах зоны размещения объекта.
1;33;43;43;;90:11:130701:2628;Республика Крым, р-н Сакский, Лесновский с/с, уч 3, за пределами населенного пункта;600.0;Земли сельскохозяйственно го назначения;Ведение личного подсобного хозяйства на полевых участках;Земли промышленности, энергетики, транспорта, связи, радиовещания, телевидения, информатики, земли для обеспечения космической деятельности, земли обороны, безопасности и земли иного специального назначения;Автомобильный транспорт;600.0;;Существующий земельный участок полностью расположен в границах зоны размещения объекта.
1;33;44;44;;90:11:130701:2629;Республика Крым, р-н Сакский, Лесновский с/с, уч 3, за пределами населенного пункта;600.0;Земли сельскохозяйственно го назначения;Ведение личного подсобного хозяйства на полевых участках;Земли промышленности, энергетики, транспорта, связи, радиовещания, телевидения, информатики, земли для обеспечения космической деятельности, земли обороны, безопасности и земли иного специального назначения;Автомобильный транспорт;600.0;;Существующий земельный участок полностью расположен в границах зоны размещения объекта.
1;34;45;45;;90:11:130701:2630;Республика Крым, р-н Сакский, Лесновский с/с, уч 3, за пределами населенного пункта;600.0;Земли сельскохозяйственно го назначения;Ведение личного подсобного хозяйства на полевых участках;Земли промышленности, энергетики, транспорта, связи, радиовещания, телевидения, информатики, земли для обеспечения космической деятельности, земли обороны, безопасности и земли иного специального назначения;Автомобильный транспорт;600.0;;Существующий земельный участок полностью расположен в границах зоны размещения объекта.
1;34;46;46;;90:11:130701:2631;Республика Крым, р-н Сакский, Лесновский с/с, уч 3, за пределами населенного пункта;600.0;Земли сельскохозяйственно го назначения;Ведение личного подсобного хозяйства на полевых участках;Земли промышленности, энергетики, транспорта, связи, радиовещания, телевидения, информатики, земли для обеспечения космической деятельности, земли обороны, безопасности и земли иного специального назначения;Автомобильный транспорт;600.0;;Существующий земельный участок полностью расположен в границах зоны размещения объекта.
1;34;47;47;;90:11:130701:2632;Республика Крым, р-н Сакский, Лесновский с/с, уч 3, за пределами населенного пункта;802.0;Земли сельскохозяйственно го назначения;Ведение личного подсобного хозяйства на полевых участках;Земли промышленности, энергетики, транспорта, связи, радиовещания, телевидения, информатики, земли для обеспечения космической деятельности, земли обороны, безопасности и земли иного специального назначения;Автомобильный транспорт;802.0;;Существующий земельный участок полностью расположен в границах зоны размещения объекта.
1;34;48;48;;90:11:130701:2660;Республика Крым, Сакский р-н, Лесновский с/с, уч 6, за пределами населенного пункта;652.0;Земли сельскохозяйственно го назначения;Ведение личного подсобного хозяйства на полевых участках;Земли промышленности, энергетики, транспорта, связи, радиовещания, телевидения, информатики, земли для обеспечения космической деятельности, земли обороны, безопасности и земли иного специального назначения;Автомобильный транспорт;652.0;;Существующий земельный участок полностью расположен в границах зоны размещения объекта.
1;34;49;49;;90:11:130701:2662;Республика Крым, Сакский р-н, Лесновский с/с, уч 6, за пределами населенного пункта;600.0;Земли сельскохозяйственно го назначения;Ведение личного подсобного хозяйства на полевых участках;Земли промышленности, энергетики, транспорта, связи, радиовещания, телевидения, информатики, земли для обеспечения космической деятельности, земли обороны, безопасности и земли иного специального назначения;Автомобильный транспорт;600.0;;Существующий земельный участок полностью расположен в границах зоны размещения объекта.
1;34;50;50;;90:11:130701:2663;Республика Крым, Сакский р-н, Лесновский с/с, уч 6, за пределами населенного пункта;600.0;Земли сельскохозяйственно го назначения;Ведение личного подсобного хозяйства на полевых участках;Земли промышленности, энергетики, транспорта, связи, радиовещания, телевидения, информатики, земли для обеспечения космической деятельности, земли обороны, безопасности и земли иного специального назначения;Автомобильный транспорт;600.0;;Существующий земельный участок полностью расположен в границах зоны размещения объекта.
1;34;51;51;;90:11:130701:2669;Республика Крым, Сакский р-н, Лесновский с/с, уч 6, за пределами населенного пункта;600.0;Земли сельскохозяйственно го назначения;Ведение личного подсобного хозяйства на полевых участках;Земли промышленности, энергетики, транспорта, связи, радиовещания, телевидения, информатики, земли для обеспечения космической деятельности, земли обороны, безопасности и земли иного специального назначения;Автомобильный транспорт;600.0;;Существующий земельный участок полностью расположен в границах зоны размещения объекта.
1;34;52;52;;90:11:130701:2670;Республика Крым, Сакский р-н, Лесновский с/с, уч 6, за пределами населенного пункта;600.0;Земли сельскохозяйственно го назначения;Ведение личного подсобного хозяйства на полевых участках;Земли промышленности, энергетики, транспорта, связи, радиовещания, телевидения, информатики, земли для обеспечения космической деятельности, земли обороны, безопасности и земли иного специального назначения;Автомобильный транспорт;600.0;;Существующий земельный участок полностью расположен в границах зоны размещения объекта.
1;35;53;53;;90:11:130701:2673;Республика Крым, Сакский р-н, Лесновский с/с, уч 6, за пределами населенного пункта;600.0;Земли сельскохозяйственно го назначения;Ведение личного подсобного хозяйства на полевых участках;Земли промышленности, энергетики, транспорта, связи, радиовещания, телевидения, информатики, земли для обеспечения космической деятельности, земли обороны, безопасности и земли иного специального назначения;Автомобильный транспорт;600.0;;Существующий земельный участок полностью расположен в границах зоны размещения объекта.
1;35;54;54;;90:11:130701:280;Республика Крым, Сакский район, на территории Лесновского сельского совета, индивидуальный участок № 62;1000.0;Земли сельскохозяйственно го назначения;Размещение дачных домов и садовых домов;Земли промышленности, энергетики, транспорта, связи, радиовещания, телевидения, информатики, земли для обеспечения космической деятельности, земли обороны, безопасности и земли иного специального назначения;Автомобильный транспорт;1000.0;;Существующий земельный участок полностью расположен в границах зоны размещения объекта.
1;35;55;55;;90:11:130701:378;Республика Крым, район Сакский, село Прибрежное, улица Дачная, 172;1000.0;Земли населенных пунктов;Размещение дачных домов и садовых домов;Земли населенных пунктов;Земельные участки (территории) общего пользования;1000.0;Территории общего пользования;Существующий земельный участок полностью расположен в границах зоны размещения объекта.
1;35;56;56;;90:11:130701:440;Российская Федерация, Республика Крым, Сакский муниципальный район, Лесновское сельское поселение, село Прибрежное, улица Дачная, земельный участок 164;1000.0;Земли сельскохозяйственно го назначения;Размещение дачных домов и садовых домов;Земли промышленности, энергетики, транспорта, связи, радиовещания, телевидения, информатики, земли для обеспечения космической деятельности, земли обороны, безопасности и земли иного специального назначения;Автомобильный транспорт;1000.0;;Существующий земельный участок полностью расположен в границах зоны размещения объекта.
1;35;57;57;;90:11:130701:45;Республика Крым, р-н Сакский, на территории Лесновского сельского совета, индивидуальный участок № 21;1000.0;Земли сельскохозяйственно го назначения;Размещение дачных домов и садовых домов;Земли промышленности, энергетики, транспорта, связи, радиовещания, телевидения, информатики, земли для обеспечения космической деятельности, земли обороны, безопасности и земли иного специального назначения;Автомобильный транспорт;1000.0;;Существующий земельный участок полностью расположен в границах зоны размещения объекта.
1;35;58;58;;90:11:130701:667;Республика Крым, р-н Сакский, на территории Лесновского сельского совета;1000.0;Земли сельскохозяйственно го назначения;Ведение дачного хозяйства;Земли промышленности, энергетики, транспорта, связи, радиовещания, телевидения, информатики, земли для обеспечения космической деятельности, земли обороны, безопасности и земли иного специального назначения;Автомобильный транспорт;1000.0;;Существующий земельный участок полностью расположен в границах зоны размещения объекта.
1;35;59;59;;90:11:130701:679;Российская Федерация, Республика Крым, муниципальный район Сакский, сельское поселение Лесновское, село Прибрежное, улица Дачная, земельный участок 176;1000.0;Земли сельскохозяйственно го назначения;Ведение дачного хозяйства;Земли промышленности, энергетики, транспорта, связи, радиовещания, телевидения, информатики, земли для обеспечения космической деятельности, земли обороны, безопасности и земли иного специального назначения;Автомобильный транспорт;1000.0;;Существующий земельный участок полностью расположен в границах зоны размещения объекта.
1;35;60;60;;90:11:130701:92;Республика Крым, Сакский район, на территории Лесновского сельского совета, индивидуальный земельный участок № 178;1000.0;Земли сельскохозяйственно го назначения;Размещение дачных домов и садовых домов;Земли промышленности, энергетики, транспорта, связи, радиовещания, телевидения, информатики, земли для обеспечения космической деятельности, земли обороны, безопасности и земли иного специального назначения;Автомобильный транспорт;1000.0;;Существующий земельный участок полностью расположен в границах зоны размещения объекта.
1;35;61;61;;90:18:010175:107;Республика Крым, Евпатория г, Эскадронная ул;11.0;Земли населенных пунктов;Предпринимательство;Земли населенных пунктов;Земельные участки (территории) общего пользования;11.0;Территории общего пользования;Существующий земельный участок полностью расположен в границах зоны размещения объекта.
1;36;62;62;;90:11:130701:1308;Республика Крым, Сакский р-н, Лесновский с/с, уч 11;1000.0;Земли сельскохозяйственно го назначения;Ведения дачного хозяйства;Земли промышленности, энергетики, транспорта, связи, радиовещания, телевидения, информатики, земли для обеспечения космической деятельности, земли обороны, безопасности и земли иного специального назначения;Автомобильный транспорт;1000.0;;Существующий земельный участок полностью расположен в границах зоны размещения объекта.
1;36;63;63;;90:11:130701:1314;Республика Крым, Сакский р-н, Лесновский с/с, уч 6;1000.0;Земли сельскохозяйственно го назначения;Ведения дачного хозяйства;Земли промышленности, энергетики, транспорта, связи, радиовещания, телевидения, информатики, земли для обеспечения космической деятельности, земли обороны, безопасности и земли иного специального назначения;Автомобильный транспорт;1000.0;;Существующий земельный участок полностью расположен в границах зоны размещения объекта.
1;36;64;64;;90:11:130701:2454;Республика Крым, Сакский р-н, Лесновский с/с;625.0;Земли сельскохозяйственно го назначения;Ведение личного подсобного хозяйства на полевых участках;Земли промышленности, энергетики, транспорта, связи, радиовещания, телевидения, информатики, земли для обеспечения космической деятельности, земли обороны, безопасности и земли иного специального назначения;Автомобильный транспорт;625.0;;Существующий земельный участок полностью расположен в границах зоны размещения объекта.
1;36;65;65;;90:11:130701:2674;Республика Крым, Сакский р-н, Лесновский с/с, уч 6, за пределами населенного пункта;600.0;Земли сельскохозяйственно го назначения;Ведение личного подсобного хозяйства на полевых участках;Земли промышленности, энергетики, транспорта, связи, радиовещания, телевидения, информатики, земли для обеспечения космической деятельности, земли обороны, безопасности и земли иного специального назначения;Автомобильный транспорт;600.0;;Существующий земельный участок полностью расположен в границах зоны размещения объекта.
1;36;66;66;;90:11:130701:1190;Республика Крым, Сакский р-н, Лесновский с/с, уч 56;1000.0;Земли сельскохозяйственно го назначения;Ведения дачного хозяйства;Земли промышленности, энергетики, транспорта, связи, радиовещания, телевидения, информатики, земли для обеспечения космической деятельности, земли обороны, безопасности и земли иного специального назначения;Автомобильный транспорт;1000.0;;Существующий земельный участок полностью расположен в границах зоны размещения объекта.
